player,pos,exp,num,hgt,team,conf,g,min,mpg,ppg,oreb,dreb,rpg,apg,tov,ast_to,spg,bpg,usg,ortg,efg,ts,year,id,fgm,ftm,fta,ft_pct,two_m,two_a,two_pct,three_m,three_a,three_pct,dunk_m,dunk_a,dunk_pct,rim_m,rim_a,rim_pct,mid_m,mid_a,mid_pct,porpag,dporpag,adj_oe,drtg,adj_de,stops,obpm,dbpm,bpm,oreb_rate,dreb_rate,ast,to,blk,stl,ftr,pfr,rec,pick,fga,fg_pct
Precious Achiuwa,PF/C,Fr,55.0,6-9,Memphis,Amer,31,75.3,30.3548,15.7742,3.0,7.7742,10.7742,0.9677,2.80649990831095,0.34480671,1.0968,1.871,27.2,98.2,51.1,53.4,2020,70558,182,112,187,0.599,169,329,0.514,13,40,0.325,47.0,52.0,0.9038,148.0,231.0,0.6407,21.0,98.0,0.2143,2.59547,4.98252,110.181,81.6111,79.6562,256.167,2.18191,2.94998,5.13189,11.4,24.7,7.5,18.6,6.4,2.0,50.7,3.1,97.2,20.0,369,0.493224932249323
Steven Adams,C,Fr,13.0,7-0,Pittsburgh,BE,32,56.1,23.4062,7.2188,2.8125,3.5312,6.3438,0.625,1.09379994290539,0.57140248,0.6562,2.0312,18.0,109.7,57.1,55.46,2013,26892,100,31,70,0.443,100,175,0.571,0,0,0.0,29.0,33.0,0.8788,85.0,129.0,0.6589,15.0,46.0,0.3261,1.99486,3.44551,109.998,86.5013,83.1502,158.07,3.36616,3.72734,7.0935,15.3,19.1,5.4,16.9,11.2,1.9,40.0,2.8,99.2,12.0,175,0.571428571428571
Ochai Agbaji,Wing G,Sr,30.0,6-5,Kansas,B12,39,84.6,35.0513,18.7692,0.8205,4.2308,5.0513,1.5897,2.05130007674859,0.77497194,0.9231,0.5641,23.3,114.0,57.0,59.49,2022,65963,258,113,152,0.743,155,290,0.534,103,253,0.407,37.0,41.0,0.9024,119.0,164.0,0.7256,36.0,126.0,0.2857,5.17089,4.21865,128.321,97.9268,92.3795,245.374,6.48245,1.66126,8.14371,2.8,12.9,8.7,14.5,1.7,1.5,28.0,1.9,73.6,14.0,543,0.475138121546961
Santi Aldama,PF/C,So,34.0,6-11,Loyola MD,Pat,17,83.8,35.0,21.2353,1.8235,8.2941,10.1176,2.2941,3.23529997856249,0.70908417,1.0,1.7059,29.4,109.0,57.4,59.4,2021,71076,135,59,86,0.686,103,176,0.585,32,87,0.368,11.0,11.0,1.0,68.0,95.0,0.7158,35.0,81.0,0.4321,3.68463,3.83646,116.933,93.5855,94.2733,138.767,6.02958,1.68206,7.71164,6.1,27.9,15.5,18.2,5.6,1.7,32.7,2.2,87.2,30.0,263,0.513307984790874
Trey Alexander,Combo G,Jr,23.0,6-4,Creighton,BE,35,90.7,37.2,17.5714,0.5143,5.2286,5.7429,4.7143,2.45709983330624,1.91864406,1.0857,0.4286,26.5,108.7,50.6,53.82,2024,75017,232,89,108,0.824,170,337,0.504,62,183,0.339,5.0,6.0,0.8333,73.0,127.0,0.5748,97.0,210.0,0.4619,4.40311,4.42925,123.54,100.854,95.4058,238.385,2.7434,1.95042,4.69382,1.8,14.6,23.9,14.8,1.0,1.7,20.8,1.9,85.2,,520,0.446153846153846
Nickeil Alexander-Walker,Scoring PG,So,4.0,6-5,Virginia Tech,ACC,34,82.8,34.3235,16.1765,0.4706,3.6176,4.0882,3.9706,2.85290009948004,1.39177674,1.8824,0.5294,26.4,109.8,54.6,58.59,2019,50477,190,112,144,0.778,132,246,0.537,58,155,0.374,12.0,12.0,1.0,91.0,150.0,0.6067,41.0,96.0,0.4271,4.35815,4.73339,124.319,93.6096,89.424,237.568,4.23828,3.69834,7.93662,1.8,13.1,24.6,19.6,2.3,3.4,35.9,2.7,92.2,17.0,401,0.473815461346633
Grayson Allen,Scoring PG,Sr,3.0,6-5,Duke,ACC,37,88.3,35.5676,15.4595,0.5405,2.7838,3.3243,4.6486,2.13509984591006,2.17722839,1.7297,0.0541,20.3,121.1,53.6,57.97,2018,37731,181,108,127,0.85,79,157,0.503,102,276,0.37,18.0,18.0,1.0,38.0,64.0,0.5938,41.0,93.0,0.4409,4.93852,4.16452,128.083,101.134,95.8277,228.386,4.61041,2.6848,7.29521,1.8,8.0,21.2,16.7,0.2,2.8,29.3,2.4,95.0,21.0,433,0.418013856812933
Jarrett Allen,C,Fr,31.0,6-11,Texas,B12,33,80.4,32.1515,13.3939,3.0303,5.3939,8.4242,0.7879,2.54550012826038,0.3095266,0.5758,1.5455,22.9,101.9,56.6,57.14,2017,47193,179,84,149,0.564,179,309,0.579,0,7,0.0,45.0,48.0,0.9375,98.0,138.0,0.7101,81.0,170.0,0.4765,2.65636,4.27413,111.601,99.0269,91.481,209.689,2.02048,2.0664,4.08688,11.0,18.8,5.5,20.1,5.0,1.0,47.2,2.6,96.8,22.0,316,0.566455696202532
Jose Alvarado,Scoring PG,Sr,10.0,6-0,Georgia Tech,ACC,26,90.6,37.1154,15.1923,0.7308,2.7308,3.4615,4.1538,2.0769,2.0,2.8077,0.0385,20.6,117.8,58.8,62.3,2021,50358,141,67,80,0.838,95,161,0.59,46,118,0.39,0.0,0.0,,73.0,107.0,0.6822,22.0,54.0,0.4074,4.93139,4.09174,124.466,99.6475,94.7215,187.311,4.26696,3.03637,7.30333,2.5,9.4,21.0,16.1,0.1,4.5,28.7,2.5,66.2,,279,0.505376344086022
Cole Anthony,Combo G,Fr,2.0,6-3,North Carolina,ACC,22,57.2,34.8636,18.5,0.4545,5.2273,5.6818,3.9545,3.50000003982804,1.12985713,1.3182,0.2727,29.0,97.6,45.1,50.15,2020,70338,131,96,128,0.75,82,204,0.402,49,141,0.348,3.0,3.0,1.0,37.0,69.0,0.5362,45.0,135.0,0.3333,3.44625,3.85586,113.99,101.245,95.2872,152.426,2.96994,1.36291,4.33284,1.4,16.4,23.9,19.6,0.9,2.1,37.1,3.3,99.4,15.0,345,0.379710144927536
OG Anunoby,Wing F,So,3.0,6-8,Indiana,B10,16,28.9,25.125,11.0625,1.75,3.6875,5.4375,1.4375,1.62500000847826,0.88461538,1.3125,1.3125,20.5,115.6,61.5,61.12,2017,41594,68,27,48,0.563,54,77,0.701,14,45,0.311,27.0,29.0,0.931,49.0,63.0,0.7778,5.0,14.0,0.3571,2.65146,2.96814,118.679,98.5464,95.2148,88.5137,4.72671,3.08224,7.80894,8.5,16.1,11.0,18.0,5.5,3.0,39.3,3.3,41.4,23.0,122,0.557377049180328
Deandre Ayton,C,Fr,13.0,7-1,Arizona,P12,35,82.5,33.4857,20.1143,3.3714,8.2,11.5714,1.6286,1.97140002847793,0.82611341,0.5714,1.8857,26.2,126.7,62.5,64.98,2018,50238,276,140,191,0.733,264,416,0.635,12,35,0.343,87.0,89.0,0.9775,185.0,229.0,0.8079,79.0,187.0,0.4225,6.07019,4.10279,140.786,97.464,93.9847,265.783,7.97789,1.90954,9.88743,13.5,28.2,10.2,13.1,6.1,1.0,42.4,2.8,99.4,1.0,451,0.611973392461197
Marvin Bagley III,PF/C,Fr,35.0,6-11,Duke,ACC,33,74.8,33.7576,21.0303,4.0,7.0909,11.0909,1.5152,2.27270003528895,0.66669599,0.8182,0.8788,25.8,123.8,64.0,64.35,2018,50726,270,131,209,0.627,247,382,0.647,23,58,0.397,94.0,98.0,0.9592,193.0,264.0,0.7311,54.0,118.0,0.4576,6.01059,4.45311,139.499,96.4998,91.4948,234.046,8.26378,1.37588,9.63966,13.8,21.4,8.8,14.7,2.6,1.4,47.5,2.2,100.0,2.0,440,0.613636363636364
Ace Bailey,Stretch 4,Fr,4.0,6-10,Rutgers,B10,30,76.6,33.3267,17.5667,2.0667,5.1,7.1667,1.2667,2.03329988857061,0.62297746,1.0,1.2667,26.2,106.3,51.4,53.58,2025,128153,203,74,107,0.692,156,305,0.511,47,136,0.346,24.0,26.0,0.9231,64.0,105.0,0.6095,92.0,200.0,0.46,3.58738,3.53677,121.446,107.742,100.559,189.725,3.64685,0.109652,3.7565,7.0,17.5,8.3,13.4,4.1,1.7,24.3,3.3,99.8,,441,0.46031746031746
Lonzo Ball,Scoring PG,Fr,2.0,6-6,UCLA,P12,36,87.6,35.0556,14.5556,0.9167,5.0833,6.0,7.6111,2.47219985103657,3.07867505,1.8333,0.7778,20.1,129.4,66.8,67.26,2017,44633,189,66,98,0.673,109,149,0.732,80,194,0.412,37.0,40.0,0.925,94.0,120.0,0.7833,15.0,29.0,0.5172,5.5084,4.10463,133.075,99.8459,96.0481,275.837,7.55081,3.43837,10.9892,3.2,14.3,31.4,18.9,2.1,2.8,28.6,2.1,99.6,2.0,343,0.551020408163265
Paolo Banchero,Wing F,Fr,5.0,6-10,Duke,ACC,39,82.2,32.9744,17.2051,1.7692,6.0513,7.8205,3.1795,2.35899989770866,1.34781693,1.0513,0.9231,27.2,111.3,52.0,55.7,2022,75268,245,137,188,0.729,201,383,0.525,44,130,0.338,41.0,44.0,0.9318,127.0,188.0,0.6755,74.0,195.0,0.3795,4.6563,4.04376,126.223,97.1394,91.9435,260.959,5.47334,1.63676,7.1101,6.5,19.1,17.5,15.4,2.7,1.9,36.6,2.3,99.8,1.0,513,0.477582846003899
Desmond Bane,Wing G,Sr,1.0,6-6,TCU,B12,31,89.6,36.0625,16.5938,1.4375,4.9062,6.3438,3.875,2.31249999403226,1.67567568,1.4688,0.5312,23.5,112.2,54.9,56.54,2020,46595,187,44,56,0.786,100,222,0.45,87,198,0.439,0.0,0.0,,63.0,102.0,0.6176,37.0,120.0,0.3083,4.99594,4.21228,125.53,96.9757,93.4562,212.604,6.55711,2.33818,8.89529,4.6,16.6,26.0,16.7,1.6,2.4,13.3,2.4,,30.0,420,0.445238095238095
Harrison Barnes,Wing F,So,40.0,6-8,North Carolina,ACC,38,72.9,29.2368,17.0526,1.9474,3.2632,5.2105,1.1316,1.94739992939729,0.58108249,1.0789,0.3421,26.0,108.2,48.7,52.8,2012,18910,229,141,195,0.723,180,384,0.469,49,137,0.358,34.0,34.0,1.0,66.0,90.0,0.7333,113.0,293.0,0.3857,3.56749,3.66786,120.981,94.6442,90.076,212.697,4.32657,1.6746,6.00117,6.9,11.0,7.2,14.0,1.1,2.0,37.4,2.4,100.0,7.0,521,0.439539347408829
Scottie Barnes,Scoring PG,Fr,4.0,6-9,Florida St.,ACC,24,58.9,24.7917,10.3333,1.4583,2.5417,4.0,4.0833,2.45830004767897,1.66102588,1.4583,0.4583,25.3,107.5,53.1,54.78,2021,72657,98,41,66,0.621,87,155,0.561,11,40,0.275,19.0,21.0,0.9048,61.0,89.0,0.6854,26.0,66.0,0.3939,2.97014,3.00225,120.141,97.4474,91.9933,119.77,4.12707,3.06275,7.18982,7.4,11.0,31.6,22.4,2.1,3.4,33.8,3.5,99.0,4.0,195,0.502564102564103
Brooks Barnhizer,Wing G,Sr,13.0,6-6,Northwestern,B10,17,46.9,36.9412,17.1176,1.5294,7.2941,8.8235,4.2353,2.76469989294613,1.53192034,2.2941,1.1176,28.0,101.6,44.8,49.95,2025,74691,103,68,89,0.764,86,185,0.465,17,64,0.266,5.0,6.0,0.8333,41.0,81.0,0.5062,45.0,104.0,0.4327,3.45237,5.40122,117.108,95.0077,88.7263,149.167,4.08424,4.14078,8.22501,4.8,24.6,24.0,16.2,3.7,3.8,35.7,1.8,68.6,,249,0.413654618473896
Charles Bassey,C,Jr,23.0,6-11,Western Kentucky,CUSA,28,72.8,30.4286,17.6429,3.2857,8.3214,11.6071,0.6786,2.21429984791617,0.30646256,0.3929,3.1071,25.4,118.2,61.7,64.31,2021,65800,194,88,116,0.759,176,270,0.652,18,59,0.305,70.0,75.0,0.9333,139.0,177.0,0.7853,37.0,93.0,0.3978,4.56731,3.98796,128.898,89.4757,89.1492,220.85,6.25712,2.61082,8.86794,13.2,30.8,5.6,16.6,11.5,0.7,35.3,3.1,99.0,53.0,329,0.589665653495441
Tamar Bates,Wing G,Sr,2.0,6-5,Missouri,SEC,34,64.7,25.9794,13.2647,0.6765,1.9412,2.6176,1.0,1.29410005034308,0.77273778,1.2941,0.1471,20.4,124.3,59.3,64.3,2025,75473,156,87,92,0.946,104,176,0.591,52,131,0.397,21.0,24.0,0.875,79.0,107.0,0.7383,25.0,69.0,0.3623,3.71291,2.70787,131.117,107.513,101.631,145.772,5.60779,1.33143,6.93921,3.2,8.8,7.5,13.9,0.6,2.9,30.0,2.7,94.4,,307,0.50814332247557
Jamison Battle,Wing F,Sr,10.0,6-7,Ohio St.,B10,35,75.3,31.3143,15.3429,1.2,3.9714,5.1714,1.2857,1.54290001263889,0.83330092,0.3714,0.2571,21.1,120.6,58.3,62.42,2024,70284,179,88,95,0.926,88,175,0.503,91,210,0.433,7.0,9.0,0.7778,38.0,64.0,0.5938,50.0,111.0,0.4505,4.14982,3.20252,127.176,106.355,100.788,169.296,5.59847,0.0717345,5.67021,4.4,14.0,8.3,13.8,0.8,0.7,24.7,2.6,,,385,0.464935064935065
Bradley Beal,Wing G,Fr,23.0,6-3,Florida,SEC,37,84.7,34.2432,14.7568,1.3514,5.3784,6.7297,2.2432,2.13509983147921,1.05063003,1.3784,0.8378,22.4,112.3,52.5,57.45,2012,22042,175,133,173,0.769,112,207,0.541,63,186,0.339,18.0,20.0,0.9,89.0,137.0,0.6496,23.0,70.0,0.3286,4.31343,4.01915,122.37,95.4954,92.1814,257.355,5.27745,2.28623,7.56367,4.8,18.1,12.7,17.0,2.6,2.5,44.0,2.4,99.4,3.0,393,0.44529262086514
Saddiq Bey,Wing F,So,41.0,6-8,Villanova,BE,31,84.4,33.9032,16.0968,1.2903,3.4516,4.7419,2.3871,1.48389996511334,1.60866639,0.7742,0.3871,22.0,119.0,58.4,60.82,2020,65889,175,70,91,0.769,96,192,0.5,79,175,0.451,18.0,21.0,0.8571,66.0,105.0,0.6286,30.0,87.0,0.3448,5.07935,3.89097,128.691,100.005,94.1336,178.643,5.78977,1.49134,7.28112,4.5,11.3,14.9,11.8,1.1,1.4,24.8,2.9,72.6,19.0,367,0.476839237057221
Anthony Black,Wing G,Fr,0.0,6-7,Arkansas,SEC,36,85.6,34.3611,12.7778,1.25,3.8056,5.0556,3.9167,3.02780017944318,1.29357942,2.0556,0.6111,22.2,102.0,49.5,54.86,2023,76222,149,134,190,0.705,121,236,0.513,28,93,0.301,24.0,26.0,0.9231,93.0,148.0,0.6284,28.0,88.0,0.3182,2.81469,4.59264,110.919,95.6059,90.5785,248.026,2.48195,3.44948,5.93143,4.3,12.8,20.9,22.6,1.9,3.4,57.8,3.0,96.6,6.0,329,0.452887537993921
Adem Bona,C,So,3.0,6-10,UCLA,P12,32,66.7,26.5455,12.3939,2.0,3.9091,5.9091,1.2424,2.4848,0.5,1.1212,1.7576,25.6,106.3,58.5,61.67,2024,77481,148,101,145,0.697,148,251,0.59,0,2,0.0,39.0,41.0,0.9512,98.0,129.0,0.7597,30.0,88.0,0.3409,2.7554,3.56182,118.331,95.8413,92.1143,188.861,1.53314,4.25349,5.78662,8.7,18.3,11.5,22.3,8.7,2.7,57.3,5.5,97.0,,253,0.58498023715415
Devin Booker,Wing G,Fr,1.0,6-6,Kentucky,SEC,38,51.9,21.5,10.0263,0.4474,1.5526,2.0,1.1053,0.973700030074319,1.13515453,0.4474,0.0526,20.5,121.0,57.1,60.02,2015,52495,135,53,64,0.828,77,146,0.527,58,141,0.411,8.0,9.0,0.8889,42.0,59.0,0.7119,35.0,88.0,0.3977,3.01039,3.04056,128.123,91.0701,86.245,117.322,5.91621,2.31563,8.23184,2.6,7.8,10.9,13.8,0.3,1.3,22.3,2.8,95.8,13.0,287,0.470383275261324
Chris Boucher,PF/C,Sr,25.0,6-10,Oregon,P12,30,46.5,23.5484,11.8065,1.7419,4.3226,6.0645,0.4194,1.03229998726239,0.40627725,0.3871,2.5484,21.8,115.5,58.9,58.98,2017,43373,135,47,83,0.566,100,158,0.633,35,101,0.347,52.0,54.0,0.963,83.0,118.0,0.7034,17.0,40.0,0.425,2.80546,3.3988,122.144,91.5365,88.1738,162.31,3.63862,3.28183,6.92045,9.3,19.6,3.1,11.3,11.7,1.0,32.0,4.7,,,259,0.521235521235521
Tony Bradley,C,Fr,5.0,6-11,North Carolina,ACC,37,34.3,14.6053,7.0789,2.5789,2.5526,5.1316,0.6053,0.657899963968211,0.92004869,0.2632,0.5789,21.4,123.3,56.4,58.21,2017,49377,97,61,99,0.616,97,172,0.564,0,0,0.0,19.0,23.0,0.8261,75.0,100.0,0.75,22.0,71.0,0.3099,2.26099,1.9985,132.838,96.9021,89.9745,112.527,5.02316,1.79041,6.81358,18.2,19.0,7.4,11.5,4.6,1.0,57.6,5.0,95.2,28.0,172,0.563953488372093
Malaki Branham,Wing G,Fr,22.0,6-5,Ohio St.,B10,32,73.6,29.6562,13.6562,0.7812,2.7812,3.5625,2.0312,1.68750006178998,1.20367403,0.7812,0.2812,23.4,115.0,55.4,59.44,2022,75266,160,80,96,0.833,123,232,0.53,37,90,0.411,12.0,13.0,0.9231,57.0,79.0,0.7215,66.0,153.0,0.4314,4.10737,2.83938,125.623,105.312,99.5907,150.709,4.56652,0.417733,4.98425,3.5,10.5,14.7,15.1,1.0,1.6,29.8,2.4,93.0,20.0,322,0.496894409937888
Christian Braun,Wing G,Jr,2.0,6-6,Kansas,B12,40,85.1,34.35,14.1,1.4,5.125,6.525,2.775,2.02500003010135,1.37037035,0.975,0.825,20.2,114.1,55.6,58.49,2022,71920,207,99,135,0.733,156,286,0.545,51,132,0.386,27.0,27.0,1.0,124.0,197.0,0.6294,33.0,90.0,0.3667,4.54169,4.34693,123.858,95.8782,90.5868,268.912,5.22932,2.81136,8.04068,4.9,16.0,14.5,16.8,2.5,1.6,32.3,2.1,74.2,21.0,418,0.495215311004785
Koby Brea,Wing G,Sr,4.0,6-7,Kentucky,SEC,36,69.9,28.0667,11.6389,0.2778,2.9167,3.1944,1.3333,0.472200008099613,2.82359165,0.4722,0.3333,14.9,128.9,61.8,63.56,2025,73256,147,32,35,0.914,54,99,0.545,93,214,0.435,12.0,12.0,1.0,30.0,43.0,0.6977,24.0,56.0,0.4286,3.72982,2.90744,128.209,111.227,101.822,152.286,5.29817,0.732482,6.03065,1.1,10.9,8.0,6.2,1.3,0.9,11.2,1.9,,,313,0.469648562300319
Mikal Bridges,Wing G,Jr,25.0,6-7,Villanova,BE,40,79.7,32.175,17.65,1.35,3.95,5.3,1.925,1.35000005294805,1.42592587,1.525,1.075,22.0,130.1,62.3,65.53,2018,37054,244,114,134,0.851,140,236,0.593,104,239,0.435,35.0,42.0,0.8333,109.0,161.0,0.677,31.0,75.0,0.4133,5.85707,4.27352,140.751,97.393,91.1627,268.23,8.43353,3.58356,12.0171,5.2,13.7,10.6,10.9,3.5,2.7,28.2,2.7,84.0,10.0,475,0.513684210526316
Miles Bridges,Wing F,So,22.0,6-7,Michigan St.,B10,34,75.9,31.3824,17.1176,1.2647,5.7059,6.9706,2.6471,1.97060002630544,1.34329644,0.6176,0.7647,25.0,116.2,53.6,57.26,2018,44723,209,93,110,0.845,138,262,0.527,71,194,0.366,30.0,35.0,0.8571,84.0,128.0,0.6563,54.0,137.0,0.3942,4.37198,4.24518,128.094,94.6045,90.6717,212.43,5.72141,1.89206,7.61348,5.2,18.1,16.6,14.7,2.5,1.2,24.1,2.0,97.8,12.0,456,0.458333333333333
Dillon Brooks,Wing G,Jr,24.0,6-7,Oregon,P12,34,56.9,25.3143,16.1143,1.0,2.2286,3.2286,2.7143,2.0571001216541,1.3194788,1.0857,0.4571,30.1,113.3,55.4,58.2,2017,37385,198,90,121,0.744,141,268,0.526,57,141,0.404,10.0,10.0,1.0,85.0,129.0,0.6589,56.0,138.0,0.4058,3.93837,3.27661,132.464,97.4912,92.6251,158.623,5.72386,2.07884,7.8027,4.7,9.9,23.0,15.8,2.0,2.5,29.6,4.4,88.4,45.0,409,0.484107579462103
Johni Broome,PF/C,Sr,4.0,6-10,Auburn,SEC,36,71.4,30.2306,18.5833,3.6667,7.1389,10.8056,2.8889,1.58329996861187,1.82460687,0.9444,2.1111,30.6,118.5,53.4,54.7,2025,73027,263,118,201,0.587,238,426,0.559,25,90,0.278,29.0,31.0,0.9355,169.0,267.0,0.633,69.0,159.0,0.434,5.72222,4.85409,144.518,93.5968,85.345,259.467,8.92473,4.01214,12.9369,14.1,26.0,19.5,9.9,7.5,1.8,39.0,2.8,,,516,0.50968992248062
Bruce Brown,Wing G,Fr,11.0,6-5,Miami FL,ACC,33,79.5,31.9091,11.8485,1.4545,4.1818,5.6364,3.2121,2.03029987910358,1.58208156,1.4848,0.5455,21.5,111.5,51.5,55.94,2017,46262,134,90,121,0.744,101,197,0.513,33,95,0.347,18.0,23.0,0.7826,90.0,144.0,0.625,11.0,53.0,0.2075,3.36343,4.32463,118.283,96.8412,90.5859,203.422,3.68625,3.93187,7.61812,5.6,15.3,20.7,18.2,1.9,2.9,41.4,3.1,94.6,42.0,292,0.458904109589041
Jaylen Brown,Wing F,Fr,0.0,6-7,California,P12,34,68.3,27.6176,14.6471,1.0588,4.2941,5.3529,1.9706,3.08820009806516,0.63810632,0.7941,0.6471,30.9,95.4,47.1,51.76,2016,38792,163,142,217,0.654,133,276,0.482,30,102,0.294,21.0,25.0,0.84,98.0,160.0,0.6125,35.0,116.0,0.3017,2.20085,3.6368,111.139,96.1781,91.5525,185.694,0.614746,2.02023,2.63497,4.5,16.5,15.1,21.0,2.2,1.7,57.4,4.6,99.4,3.0,378,0.431216931216931
Kobe Brown,Wing F,Sr,24.0,6-8,Missouri,SEC,34,71.2,29.5294,15.8235,1.7941,4.5588,6.3529,2.5,1.6470999754503,1.51781922,1.4706,0.4412,23.5,125.6,62.5,65.55,2023,70745,194,99,125,0.792,143,239,0.598,51,112,0.455,35.0,36.0,0.9722,113.0,164.0,0.689,30.0,75.0,0.4,5.02553,2.95592,136.636,103.15,100.171,206.709,7.34387,0.739698,8.08356,7.3,18.3,16.7,13.6,1.9,2.8,35.6,3.3,50.2,30.0,351,0.552706552706553
Jalen Brunson,Scoring PG,Jr,1.0,6-2,Villanova,BE,40,78.8,31.8,18.9,0.3,2.75,3.05,4.6,1.77500001080435,2.59154928,0.925,0.025,26.1,128.5,60.4,63.53,2018,40885,270,130,162,0.802,184,307,0.599,86,211,0.408,6.0,6.0,1.0,101.0,142.0,0.7113,83.0,163.0,0.5092,6.37032,3.62839,146.07,103.211,96.6083,206.633,7.80283,1.66987,9.4727,1.2,9.7,26.6,12.3,0.1,1.7,31.3,2.5,95.8,33.0,518,0.521235521235521
Carter Bryant,Stretch 4,Fr,9.0,6-8,Arizona,B12,37,48.0,19.3135,6.5405,0.8649,3.2432,4.1081,0.973,1.00000001027749,0.97299999,0.9459,1.0,16.0,113.9,57.1,59.31,2025,127425,81,41,59,0.695,42,71,0.592,39,105,0.371,17.0,17.0,1.0,33.0,43.0,0.7674,9.0,28.0,0.3214,1.72461,2.71198,115.687,98.8041,91.0392,161.524,3.21878,4.31438,7.53316,5.3,17.8,8.3,18.5,5.8,2.8,33.5,4.8,95.8,,176,0.460227272727273
Thomas Bryant,PF/C,So,31.0,6-10,Indiana,B10,34,68.6,28.0588,12.5588,2.2353,4.4118,6.6471,1.4706,2.29410003677018,0.64103569,0.7647,1.5294,22.3,112.0,56.0,60.09,2017,40461,148,108,148,0.73,125,225,0.556,23,60,0.383,37.0,38.0,0.9737,97.0,144.0,0.6736,28.0,81.0,0.3457,3.05574,3.20564,119.868,100.983,96.1409,191.596,3.23254,2.08209,5.31463,9.7,17.2,9.8,20.9,5.7,1.6,51.9,4.4,96.2,42.0,285,0.519298245614035
Jamal Cain,Wing F,Sr,1.0,6-7,Oakland,Horz,30,87.1,35.0,19.9,3.0333,7.2,10.2333,0.6667,2.20000003299835,0.30304545,1.8333,0.5667,26.5,113.9,53.8,58.68,2022,50596,218,127,151,0.841,184,323,0.57,34,114,0.298,40.0,44.0,0.9091,124.0,183.0,0.6776,60.0,140.0,0.4286,4.17445,3.73684,119.913,95.5393,96.5011,243.365,3.34318,-0.102565,3.24062,10.1,23.5,4.6,13.9,1.9,3.1,34.6,3.9,71.2,,437,0.498855835240275
Kentavious Caldwell-Pope,Wing G,So,1.0,6-5,Georgia,SEC,32,83.5,33.9375,18.4688,1.1562,5.9062,7.0625,1.8125,2.0,0.90625,2.0312,0.5312,27.2,112.7,53.0,57.91,2013,21152,186,135,169,0.799,102,205,0.498,84,225,0.373,15.0,16.0,0.9375,63.0,94.0,0.6702,39.0,112.0,0.3482,4.93099,4.50765,127.771,89.8474,87.0285,245.772,8.44938,3.88088,12.3303,4.3,19.7,16.8,13.8,1.9,3.8,39.3,2.6,97.8,8.0,430,0.432558139534884
Toumani Camara,PF/C,Jr,2.0,6-8,Dayton,A10,34,74.4,29.9706,13.9412,2.3235,6.3235,8.6471,1.7353,2.08820016964806,0.83100271,1.2353,0.7941,24.5,112.3,59.0,60.9,2023,70370,178,89,133,0.669,149,246,0.606,29,80,0.362,38.0,38.0,1.0,116.0,161.0,0.7205,33.0,85.0,0.3882,3.36678,4.18727,119.842,88.7451,88.6713,232.732,3.72592,2.84206,6.56798,10.2,23.3,13.4,17.9,3.1,2.6,40.8,3.5,79.4,52.0,326,0.54601226993865
Dylan Cardwell,C,Sr,44.0,6-11,Auburn,SEC,38,50.7,20.35,5.0263,2.4737,2.5789,5.0526,1.6053,0.552600043964285,2.90499434,0.8421,1.3947,13.5,133.7,70.4,62.71,2025,73796,84,22,68,0.324,83,118,0.703,1,2,0.5,65.0,72.0,0.9028,82.0,108.0,0.7593,1.0,10.0,0.1,2.93109,3.0254,131.424,97.3868,88.7943,161.153,4.51128,5.64215,10.1534,14.1,14.0,12.7,11.7,7.4,2.4,56.7,5.0,68.6,,120,0.7
Branden Carlson,PF/C,Sr,35.0,7-0,Utah,P12,36,71.3,29.6111,17.0278,1.4444,5.0833,6.5278,1.6111,1.47220007256555,1.09434854,0.3611,1.4722,24.7,114.5,57.1,59.11,2024,71808,232,85,119,0.714,168,293,0.573,64,169,0.379,51.0,57.0,0.8947,108.0,154.0,0.7013,60.0,139.0,0.4317,3.92995,3.50044,127.222,101.857,96.1543,206.455,5.81242,1.75857,7.57099,5.4,17.8,10.8,11.3,5.0,0.7,25.8,2.6,79.8,,462,0.502164502164502
Devin Carter,Wing G,Jr,22.0,6-3,Providence,BE,33,82.3,35.2727,19.7576,1.0,7.6667,8.6667,3.6364,2.69700004061372,1.34831292,1.7576,0.9697,27.8,112.7,56.4,59.75,2024,75553,219,130,174,0.747,135,240,0.563,84,223,0.377,26.0,26.0,1.0,118.0,181.0,0.6519,17.0,59.0,0.2881,4.88475,5.19914,128.939,93.4541,87.6159,273.591,7.03672,4.36135,11.3981,3.4,23.7,23.3,16.1,2.8,2.9,37.6,2.2,83.2,,463,0.473002159827214
Jevon Carter,Pure PG,Sr,2.0,6-2,West Virginia,B12,37,88.3,35.4324,17.2973,0.7838,3.8649,4.6486,6.6486,2.64860006392398,2.51023176,3.027,0.3514,25.1,117.3,49.8,54.92,2018,33739,215,133,155,0.858,138,313,0.441,77,196,0.393,2.0,2.0,1.0,68.0,145.0,0.469,70.0,167.0,0.4192,5.39727,4.90427,131.845,94.3123,89.7756,299.61,6.50146,4.61965,11.1211,2.3,12.9,35.2,16.8,1.2,4.8,30.5,3.4,40.4,32.0,509,0.422396856581532
Wendell Carter Jr.,PF/C,Fr,34.0,6-10,Duke,ACC,37,66.6,26.8378,13.5405,2.9459,6.1081,9.0541,2.0,2.02699994329468,0.98667985,0.8108,2.0541,23.4,121.5,59.1,62.81,2018,51785,179,124,168,0.738,160,273,0.586,19,46,0.413,56.0,58.0,0.9655,120.0,175.0,0.6857,40.0,97.0,0.4124,4.21935,3.93985,133.412,92.0353,87.2066,243.593,5.86966,4.49107,10.3607,12.8,23.1,13.0,18.2,7.6,1.7,52.7,4.2,98.8,7.0,319,0.561128526645768
Alex Caruso,Pure PG,Sr,21.0,6-5,Texas A&M,SEC,37,71.1,28.8378,8.1351,1.0811,2.5405,3.6216,5.0,2.35139989746392,2.12639288,2.0811,0.3784,17.5,111.6,56.6,59.75,2016,24216,111,51,65,0.785,83,145,0.572,28,76,0.368,16.0,18.0,0.8889,70.0,101.0,0.6931,13.0,44.0,0.2955,2.42643,4.12526,112.496,92.8983,88.1384,230.328,2.46243,5.5631,8.02553,4.1,9.5,31.1,26.8,1.6,4.2,29.4,3.4,83.2,,221,0.502262443438914
Stephon Castle,Wing G,Fr,5.0,6-6,Connecticut,BE,34,57.3,26.9412,11.0882,1.6765,3.0,4.6765,2.9118,1.50000004636308,1.94119994,0.7941,0.5294,22.4,116.9,50.7,55.08,2024,77906,137,83,110,0.755,117,215,0.544,20,75,0.267,23.0,26.0,0.8846,94.0,149.0,0.6309,23.0,66.0,0.3485,3.48507,3.67615,125.856,98.0491,91.2535,155.996,3.14694,2.40108,5.54802,7.8,12.0,18.4,15.0,2.1,1.8,37.9,3.6,98.2,,290,0.472413793103448
Colin Castleton,C,Sr,12.0,6-11,Florida,SEC,26,61.1,31.1538,15.9615,1.8077,5.9231,7.7308,2.7308,2.53850015969739,1.07575333,0.9231,3.0,28.2,104.8,50.3,55.54,2023,65492,150,113,155,0.729,148,285,0.519,2,15,0.133,20.0,21.0,0.9524,107.0,159.0,0.673,41.0,125.0,0.328,3.56402,4.45001,120.199,92.4711,88.0662,191.029,4.17629,5.06674,9.24303,6.6,20.2,19.9,16.5,9.2,1.7,51.7,2.7,74.4,,300,0.5
Julian Champagnie,Wing F,Jr,2.0,6-8,St. John's,BE,31,82.2,34.1935,19.2258,1.3548,5.2903,6.6452,2.0323,1.48389995925135,1.36956672,1.9677,1.129,25.5,105.4,47.5,50.67,2022,71224,221,89,114,0.781,156,341,0.457,65,193,0.337,25.0,27.0,0.9259,97.0,159.0,0.6101,59.0,182.0,0.3242,3.73248,4.01066,117.109,96.5992,93.3233,240.802,4.2299,1.15131,5.3812,4.1,16.5,11.0,9.1,3.5,3.1,21.3,1.8,,,534,0.413857677902622
Justin Champagnie,Stretch 4,So,11.0,6-6,Pittsburgh,ACC,20,78.1,34.35,18.0,3.4,7.65,11.05,1.55,1.5000000483871,1.0333333,1.15,1.25,24.6,115.0,51.6,54.87,2021,70735,134,69,97,0.711,111,208,0.534,23,74,0.311,14.0,15.0,0.9333,78.0,122.0,0.6393,33.0,86.0,0.3837,4.81344,4.09733,125.639,97.4409,92.8806,153.128,6.76095,0.767469,7.52842,10.8,25.6,10.4,10.3,4.3,2.0,34.4,2.0,50.6,,282,0.475177304964539
Cam Christie,Wing G,Fr,24.0,6-6,Minnesota,B10,33,73.0,30.1818,11.3636,0.2424,3.3636,3.6061,2.2424,1.1515000246871,1.94737295,0.6364,0.3333,18.2,110.3,51.8,54.62,2024,78827,126,53,68,0.779,56,132,0.424,70,179,0.391,6.0,6.0,1.0,19.0,40.0,0.475,37.0,92.0,0.4022,2.37186,2.79981,111.309,108.686,103.742,151.743,2.11118,-0.126906,1.98427,1.0,12.8,13.8,12.3,1.1,1.2,21.9,2.2,73.4,,311,0.405144694533762
Max Christie,Wing G,Fr,5.0,6-6,Michigan St.,B10,35,74.9,30.8286,9.2571,0.8571,2.6,3.4571,1.4571,1.48569997712872,0.98074983,0.5143,0.4857,17.2,98.2,44.9,49.37,2022,74644,112,61,74,0.824,73,170,0.429,39,123,0.317,9.0,10.0,0.9,23.0,48.0,0.4792,50.0,122.0,0.4098,1.43922,3.00268,98.8517,106.548,99.3289,157.823,0.530751,0.266269,0.79702,3.4,9.2,8.6,16.5,1.7,1.0,25.3,1.4,96.6,35.0,293,0.382252559726962
Moussa Cisse,C,Sr,32.0,7-0,Memphis,Amer,35,45.0,18.2029,5.6857,2.6857,3.8286,6.5143,0.4571,1.02859996203789,0.44439045,0.6857,1.5714,18.4,107.1,54.8,53.67,2025,72682,69,61,125,0.488,69,126,0.548,0,0,0.0,46.0,51.0,0.902,67.0,109.0,0.6147,2.0,17.0,0.1176,1.08088,2.55239,107.075,94.9744,90.9373,158.658,0.0993103,2.94752,3.04683,17.3,22.7,4.3,17.2,9.8,2.1,99.2,5.6,98.4,,126,0.547619047619048
Jaylen Clark,Wing G,Jr,0.0,6-5,UCLA,P12,30,61.8,30.5,12.9667,1.9333,4.1,6.0333,1.8667,1.23329993330455,1.51358153,2.6,0.2667,21.4,114.6,52.1,54.85,2023,72365,148,67,96,0.698,122,230,0.53,26,79,0.329,17.0,19.0,0.8947,90.0,135.0,0.6667,32.0,95.0,0.3368,3.69092,5.0567,122.105,85.0443,81.4514,218.918,4.54753,6.08587,10.6334,7.4,16.0,11.4,11.3,1.1,5.1,31.1,2.8,77.8,53.0,309,0.478964401294498
Brandon Clarke,C,Jr,15.0,6-8,Gonzaga,WCC,37,70.2,28.0811,16.9459,3.0811,5.4865,8.5676,1.8649,1.54050005115726,1.21058094,1.1622,3.0,24.0,134.3,69.3,69.89,2019,43790,257,109,157,0.694,253,359,0.705,4,15,0.267,60.0,61.0,0.9836,192.0,241.0,0.7967,61.0,118.0,0.5169,5.59331,4.70081,144.86,83.897,81.2158,276.59,9.47458,5.87778,15.3524,13.9,19.7,12.1,12.7,10.8,2.3,42.0,3.0,,21.0,374,0.687165775401069
Jordan Clarkson,Combo G,Jr,5.0,6-5,Missouri,SEC,35,86.8,35.0857,17.4857,0.8,3.0286,3.8286,3.3714,2.65709986715446,1.26882698,1.0857,0.1714,27.3,109.7,48.1,54.58,2014,15896,209,162,195,0.831,177,354,0.5,32,114,0.281,10.0,11.0,0.9091,118.0,186.0,0.6344,59.0,169.0,0.3491,4.42955,3.20357,125.082,106.782,103.088,194.678,3.71877,-0.0981812,3.62059,2.9,9.3,23.3,16.8,0.6,1.9,41.7,2.5,59.0,46.0,468,0.446581196581197
Walter Clayton Jr.,Scoring PG,Sr,1.0,6-3,Florida,SEC,39,79.4,32.5846,18.2821,0.359,3.3333,3.6923,4.1795,2.41029996172932,1.73401654,1.1795,0.5128,24.8,122.2,56.0,60.18,2025,74375,235,126,144,0.875,118,221,0.534,117,303,0.386,6.0,6.0,1.0,88.0,135.0,0.6519,38.0,96.0,0.3958,5.40135,4.30523,137.55,101.109,93.7029,221.537,7.3022,2.57896,9.88116,1.2,10.3,23.2,16.9,1.6,2.1,27.5,2.3,,,524,0.448473282442748
Nique Clifford,Wing F,Sr,10.0,6-6,Colorado St.,MWC,36,87.6,35.3889,18.9167,1.4722,8.1389,9.6111,4.4444,2.58330021380175,1.72043496,1.1944,0.6111,27.9,116.6,56.5,60.26,2025,72334,238,139,179,0.777,172,305,0.564,66,175,0.377,21.0,22.0,0.9545,100.0,148.0,0.6757,72.0,157.0,0.4586,5.14773,4.78185,132.136,95.035,92.4332,282.328,6.88951,3.40819,10.2977,5.4,26.0,26.8,15.8,2.0,2.0,37.3,2.7,79.0,,480,0.495833333333333
Donovan Clingan,C,So,32.0,7-2,Connecticut,BE,35,49.3,22.5429,13.0,2.4857,4.8857,7.3714,1.5143,0.800000016905501,1.89287496,0.5143,2.4571,24.6,130.9,64.3,63.72,2024,76390,186,81,139,0.583,184,283,0.65,2,8,0.25,48.0,52.0,0.9231,157.0,224.0,0.7009,27.0,59.0,0.4576,4.37753,3.69273,144.538,88.4618,83.3692,191.3,8.36363,5.74599,14.1096,13.8,23.4,13.4,8.7,11.4,1.4,47.8,3.6,90.2,,291,0.639175257731959
Noah Clowney,PF/C,Fr,15.0,6-10,Alabama,SEC,36,60.6,25.4167,9.7778,2.0833,5.8333,7.9167,0.8333,1.2777999697916,0.6521365,0.5833,0.9444,17.8,113.5,55.3,57.57,2023,77084,123,72,111,0.649,89,133,0.669,34,120,0.283,27.0,30.0,0.9,77.0,108.0,0.713,12.0,25.0,0.48,2.56213,3.92215,116.886,88.9557,83.833,214.836,3.3254,3.94257,7.26798,8.7,21.4,6.0,15.5,3.4,1.3,43.9,3.9,85.4,21.0,253,0.486166007905138
Amir Coffey,Wing F,Jr,5.0,6-8,Minnesota,B10,36,87.6,35.1667,16.6667,0.6944,2.9444,3.6389,3.1944,2.30559987220752,1.38549626,0.9167,0.2222,24.8,104.9,48.1,53.67,2019,44220,198,163,221,0.738,157,319,0.492,41,135,0.304,22.0,26.0,0.8462,106.0,172.0,0.6163,51.0,147.0,0.3469,3.78024,3.70697,118.544,105.019,98.9749,200.658,3.5413,0.952888,4.49418,2.2,9.6,19.9,15.4,0.7,1.5,48.7,1.7,90.4,,454,0.436123348017621
Isaiah Collier,Scoring PG,Fr,1.0,6-5,USC,P12,27,60.0,29.7778,16.2963,0.6296,2.2593,2.8889,4.2593,3.29629974275969,1.29214584,1.4815,0.2222,30.2,102.9,53.3,56.69,2024,78201,154,105,156,0.673,127,234,0.543,27,80,0.338,6.0,6.0,1.0,95.0,154.0,0.6169,32.0,80.0,0.4,3.27732,2.91936,120.881,107.117,101.8,136.88,2.95256,0.513136,3.4657,2.5,8.7,31.1,21.1,0.8,2.9,49.7,3.2,100.0,,314,0.490445859872611
John Collins,C,So,20.0,6-10,Wake Forest,ACC,33,66.5,26.6061,19.1515,3.7576,6.0606,9.8182,0.5152,1.84849993082477,0.27871248,0.6364,1.5758,29.2,124.8,62.2,65.76,2017,41627,234,164,220,0.745,234,375,0.624,0,1,0.0,59.0,62.0,0.9516,168.0,223.0,0.7534,66.0,149.0,0.443,5.34436,3.00796,145.679,103.87,97.2106,198.91,8.92185,0.267341,9.1892,16.4,25.7,4.5,13.2,6.6,1.3,58.5,4.5,63.2,19.0,376,0.622340425531915
Zach Collins,C,Fr,32.0,7-0,Gonzaga,WCC,39,43.1,17.2308,10.0,1.6923,4.2051,5.8974,0.4103,1.53850001610494,0.26668833,0.4615,1.7692,24.8,120.6,67.6,70.32,2017,48367,135,110,148,0.743,125,186,0.672,10,21,0.476,20.0,24.0,0.8333,95.0,127.0,0.748,30.0,59.0,0.5085,2.57937,3.14345,130.931,79.0742,77.2172,185.367,4.21656,5.73825,9.95481,12.2,23.2,4.4,20.2,9.8,1.5,71.5,6.3,94.2,10.0,207,0.652173913043478
Pat Connaughton,Stretch 4,Sr,24.0,6-5,Notre Dame,ACC,38,87.4,35.5526,12.5,1.0789,6.3421,7.4211,1.5,1.15789997948819,1.29544868,0.7105,0.9474,16.7,120.4,59.7,61.46,2015,19805,166,50,64,0.781,73,136,0.537,93,220,0.423,11.0,13.0,0.8462,51.0,91.0,0.5604,22.0,45.0,0.4889,3.9944,3.86183,120.284,99.958,95.5844,246.333,5.83473,1.05884,6.89357,4.2,20.4,7.6,12.2,2.7,1.3,18.0,2.2,80.8,41.0,356,0.466292134831461
Sharife Cooper,Pure PG,Fr,2.0,6-1,Auburn,SEC,12,36.4,33.0833,20.1667,0.6667,3.5833,4.25,8.0833,4.16670006483842,1.93997645,1.0,0.25,34.4,107.5,42.7,51.95,2021,72782,72,85,103,0.825,59,127,0.465,13,57,0.228,1.0,1.0,1.0,46.0,93.0,0.4946,13.0,34.0,0.3824,5.69955,3.38408,135.421,105.524,97.4704,69.382,4.14194,-1.04884,3.0931,2.2,11.3,51.9,19.9,0.7,1.6,56.0,3.2,95.6,48.0,184,0.391304347826087
Cedric Coward,Stretch 4,Sr,0.0,6-6,Washington St.,WCC,6,14.5,33.05,17.6667,1.8333,5.1667,7.0,3.6667,2.16669995081478,1.69229708,0.8333,1.6667,22.3,131.3,65.6,69.99,2025,75874,34,26,31,0.839,22,31,0.71,12,30,0.4,1.0,1.0,1.0,14.0,19.0,0.7368,8.0,12.0,0.6667,5.00876,3.05404,133.454,107.557,105.149,38.8458,7.13793,1.70189,8.83983,7.0,17.2,20.6,16.5,5.3,1.4,50.8,3.2,,,61,0.557377049180328
Isaiah Crawford,Wing G,Sr,22.0,6-6,Louisiana Tech,CUSA,29,84.6,32.8438,16.3438,1.875,4.3125,6.1875,2.375,2.5311999435228,0.93829016,2.125,1.7188,25.5,108.7,53.2,57.28,2024,70811,162,112,155,0.723,123,250,0.492,39,91,0.429,10.0,11.0,0.9091,69.0,112.0,0.6161,52.0,132.0,0.3939,3.31401,4.2636,116.794,92.778,94.2739,219.937,4.39254,3.96223,8.35477,6.3,14.1,16.2,19.1,5.7,3.5,45.5,3.0,,,341,0.475073313782991
Cade Cunningham,Wing F,Fr,2.0,6-8,Oklahoma St.,B12,27,78.0,35.4074,20.2222,0.7037,5.4815,6.1852,3.4444,4.07409993399045,0.84543827,1.5926,0.7778,28.6,104.1,51.6,57.46,2021,72372,176,132,156,0.846,114,246,0.463,62,155,0.4,7.0,9.0,0.7778,67.0,108.0,0.6204,46.0,137.0,0.3358,4.33423,4.47319,121.349,96.0766,90.0053,207.722,4.82833,2.59974,7.42807,2.3,16.2,20.2,22.0,2.3,2.5,38.9,2.8,100.0,1.0,401,0.438902743142145
Stephen Curry,,Jr,,6-3,Davidson,SC,33,82.1,33.8182,28.6364,0.5758,3.9091,4.4848,5.4242,3.78789992304436,1.43198081,2.3333,0.2121,37.5,118.0,54.9,60.46,2009,1827,303,212,241,0.88,176,340,0.518,127,327,0.388,,,,,,,,,,6.5265,4.44618,140.823,89.1128,88.3785,253.62,10.7909,4.48812,15.279,1.8,12.3,39.8,16.6,0.7,3.9,36.1,2.8,49.0,7.0,667,0.454272863568216
N'Faly Dante,C,Sr,1.0,6-11,Oregon,P12,22,47.5,31.4091,17.0,2.7727,6.4091,9.1818,1.5909,2.36360011255663,0.6730834,1.7273,1.8636,24.2,120.1,69.5,68.57,2024,70702,153,68,111,0.613,153,220,0.695,0,0,0.0,45.0,47.0,0.9574,130.0,160.0,0.8125,23.0,60.0,0.3833,4.93618,4.35136,134.382,96.6838,90.1983,167.429,7.17102,4.48474,11.6558,10.3,24.5,11.2,18.2,6.6,3.2,50.5,2.7,97.4,,220,0.695454545454545
Anthony Davis,C,Fr,23.0,6-10,Kentucky,SEC,40,80.1,32.025,14.175,2.975,7.4,10.375,1.25,1.02499997909,1.21951222,1.35,4.65,19.1,133.8,62.8,65.41,2012,22364,210,144,203,0.709,207,317,0.653,3,20,0.15,96.0,98.0,0.9796,152.0,174.0,0.8736,55.0,143.0,0.3846,5.9035,5.62176,138.825,79.63,75.7599,360.572,9.09614,7.56117,16.6573,11.6,23.9,7.5,10.0,13.7,2.5,60.2,2.4,100.0,1.0,337,0.623145400593472
JD Davison,Scoring PG,Fr,3.0,6-3,Alabama,SEC,33,64.3,25.8182,8.5455,1.0909,3.6667,4.7576,4.3333,2.87879984905052,1.50524532,0.9697,0.3636,20.7,102.6,52.1,55.85,2022,74810,99,59,81,0.728,74,131,0.565,25,83,0.301,9.0,9.0,1.0,60.0,96.0,0.625,14.0,35.0,0.4,2.22647,2.67291,110.344,104.249,97.4496,162.887,2.97196,1.19231,4.16427,4.5,15.1,29.4,29.2,1.4,2.1,37.9,1.9,98.0,54.0,214,0.462616822429907
DeMar DeRozan,,Fr,,6-7,USC,P10,35,82.8,33.3714,13.8571,2.4,3.3429,5.7429,1.4571,2.08569998229925,0.69861438,0.8857,0.3714,22.3,108.2,53.1,55.51,2009,5417,192,95,147,0.646,186,331,0.562,6,36,0.167,,,,,,,,,,3.50594,4.01033,115.699,99.6449,91.3877,189.502,3.50114,1.44019,4.94133,9.3,11.6,9.6,17.1,1.2,1.6,40.1,2.5,99.0,9.0,367,0.523160762942779
RayJ Dennis,Pure PG,Sr,10.0,6-2,Baylor,B12,34,84.7,34.3429,13.5714,0.4571,3.4,3.8571,6.7714,3.57139993983145,1.8960072,1.4286,0.0571,25.0,109.0,52.8,55.65,2024,71997,172,76,104,0.731,133,246,0.541,39,117,0.333,2.0,2.0,1.0,65.0,109.0,0.5963,68.0,137.0,0.4964,4.06578,3.57301,123.17,106.003,100.176,192.163,3.32966,0.63922,3.96888,1.8,12.4,37.4,24.5,0.2,2.2,28.7,3.0,6.0,,363,0.473829201101928
Donte DiVincenzo,Wing G,So,10.0,6-5,Villanova,BE,40,72.5,29.275,13.425,1.15,3.6,4.75,3.475,1.97500007956835,1.7594936,1.05,0.2,22.8,119.5,59.0,60.77,2018,40884,188,76,107,0.71,103,179,0.575,85,212,0.401,10.0,10.0,1.0,72.0,111.0,0.6486,31.0,67.0,0.4627,4.29556,3.60254,130.481,100.427,94.0025,215.984,5.78844,2.31335,8.10179,4.9,13.8,20.0,17.0,0.7,2.1,27.4,2.8,75.4,17.0,391,0.480818414322251
Gradey Dick,Wing F,Fr,4.0,6-8,Kansas,B12,36,81.2,32.6944,14.0833,1.1111,4.0278,5.1389,1.6667,1.25,1.33336,1.4444,0.25,19.2,115.3,54.7,58.11,2023,77155,174,76,89,0.854,91,188,0.484,83,206,0.403,15.0,16.0,0.9375,62.0,101.0,0.6139,29.0,87.0,0.3333,3.98003,4.22086,122.556,97.4812,91.7674,221.254,4.28941,2.25256,6.54197,4.0,13.5,9.4,11.4,0.8,2.5,22.6,2.6,96.2,13.0,394,0.441624365482233
Hunter Dickinson,PF/C,Sr,1.0,7-2,Kansas,B12,34,74.6,30.1529,17.4118,2.7647,7.2353,10.0,2.0882,2.1764999953931,0.95943028,0.9706,1.2941,28.3,111.4,54.3,57.1,2025,73454,242,92,123,0.748,226,402,0.562,16,58,0.276,23.0,30.0,0.7667,120.0,174.0,0.6897,106.0,228.0,0.4649,4.34281,4.67106,131.743,93.7948,86.6435,241.852,5.15788,3.69974,8.85761,10.7,25.1,14.4,14.8,4.7,1.9,26.7,3.0,92.0,,460,0.526086956521739
Rob Dillingham,Scoring PG,Fr,0.0,6-3,Kentucky,SEC,32,55.7,23.25,15.1875,0.25,2.6875,2.9375,3.9062,2.00000003072039,1.95309997,1.0312,0.0625,29.9,116.1,56.4,59.48,2024,79251,172,78,98,0.796,108,218,0.495,64,144,0.444,4.0,4.0,1.0,63.0,114.0,0.5526,45.0,104.0,0.4327,3.68559,2.21318,134.795,108.34,102.823,133.042,5.66024,-0.0191755,5.64106,1.2,11.8,30.1,15.6,0.3,2.4,27.1,4.5,97.0,,362,0.475138121546961
Luguentz Dort,Combo G,Fr,0.0,6-4,Arizona St.,P12,34,77.8,31.5588,16.0882,1.2941,2.9706,4.2647,2.3235,2.91180001724898,0.79796002,1.5294,0.2059,27.1,98.9,46.7,51.77,2019,66653,174,145,207,0.7,120,254,0.472,54,176,0.307,36.0,43.0,0.8372,107.0,209.0,0.512,13.0,45.0,0.2889,2.45867,3.46963,110.24,100.209,97.3089,212.483,1.21369,1.11303,2.32672,4.5,10.0,15.0,18.7,0.8,2.7,48.1,3.8,94.2,,430,0.404651162790698
Ayo Dosunmu,Combo G,Jr,11.0,6-5,Illinois,B10,28,78.4,35.1429,20.1429,1.1071,5.2143,6.3214,5.25,3.32139993350494,1.58065879,1.1071,0.2143,29.4,110.8,52.6,56.64,2021,66420,210,112,143,0.783,178,347,0.513,32,83,0.386,10.0,10.0,1.0,113.0,173.0,0.6532,65.0,175.0,0.3714,5.51034,4.62706,131.048,95.7054,88.804,194.087,5.853,2.42786,8.28086,3.9,15.8,29.2,18.0,0.6,1.8,33.3,2.4,93.8,38.0,430,0.488372093023256
Andre Drummond,C,Fr,12.0,6-10,Connecticut,BE,34,70.3,28.4412,10.0,3.3529,4.2059,7.5588,0.4412,1.52940001138384,0.28847914,0.8235,2.7059,20.8,100.7,53.8,50.93,2012,20311,157,26,88,0.295,157,290,0.541,0,2,0.0,80.0,89.0,0.8989,130.0,185.0,0.7027,27.0,105.0,0.2571,2.01686,3.4961,106.362,95.5401,90.5331,200.006,1.78075,2.5491,4.32984,14.2,15.5,3.4,16.0,9.9,1.8,30.1,3.1,83.4,9.0,292,0.537671232876712
Kris Dunn,Pure PG,Jr,3.0,6-4,Providence,BE,33,76.9,32.9697,16.4242,1.0909,4.2424,5.3333,6.2424,3.5151997984853,1.77583078,2.4848,0.6061,29.3,103.6,49.9,54.06,2016,25358,184,132,190,0.695,142,298,0.477,42,113,0.372,27.0,29.0,0.931,99.0,157.0,0.6306,42.0,138.0,0.3043,3.76513,4.6809,121.205,93.8582,88.5402,255.725,4.52388,5.03372,9.55759,3.5,14.8,41.8,20.9,1.9,4.3,46.2,3.4,97.0,5.0,411,0.447688564476886
Ryan Dunn,PF/C,So,13.0,6-8,Virginia,ACC,34,67.9,27.4412,8.1176,2.2353,4.6765,6.9118,0.7647,0.823499982182807,0.92859747,1.2647,2.2647,17.0,111.6,56.5,56.42,2024,75875,114,41,77,0.532,107,173,0.618,7,35,0.2,36.0,38.0,0.9474,89.0,131.0,0.6794,18.0,42.0,0.4286,2.03567,4.38067,110.191,88.4688,84.0638,214.429,1.14849,5.2444,6.39289,9.6,20.8,6.0,11.6,10.4,3.0,37.0,3.0,75.0,,208,0.548076923076923
Jalen Duren,C,Fr,2.0,6-11,Memphis,Amer,29,55.5,25.2759,11.9655,2.9655,5.1724,8.1379,1.2759,2.24139999118829,0.56924244,0.8276,2.1034,23.0,109.5,59.7,60.79,2022,74777,141,65,104,0.625,141,235,0.6,0,1,0.0,70.0,76.0,0.9211,111.0,152.0,0.7303,30.0,83.0,0.3614,3.03069,3.54124,119.953,91.1219,87.0222,178.285,3.51697,3.11173,6.6287,14.0,21.5,10.5,21.6,9.9,1.8,44.1,4.3,99.4,13.0,236,0.597457627118644
Tari Eason,Wing F,So,13.0,6-8,LSU,SEC,33,58.8,24.4242,16.9394,2.2727,4.3333,6.6061,1.0,2.1817998705669,0.45833718,1.9697,1.1515,30.8,115.7,55.9,61.52,2022,72347,190,151,188,0.803,162,287,0.564,28,78,0.359,47.0,48.0,0.9792,137.0,213.0,0.6432,25.0,74.0,0.3378,4.48857,4.11414,138.76,82.1464,78.4869,216.312,8.45117,5.07946,13.5306,10.5,19.8,10.1,16.5,6.5,4.6,51.5,4.5,75.4,17.0,365,0.520547945205479
Zach Edey,C,Sr,15.0,7-4,Purdue,B10,39,79.2,31.9744,25.2051,4.641,7.5128,12.1538,2.0256,2.30769995831079,0.87775709,0.2821,2.1538,33.4,128.8,62.4,65.88,2024,73174,336,310,436,0.711,335,537,0.624,1,2,0.5,113.0,120.0,0.9417,218.0,274.0,0.7956,117.0,264.0,0.4432,7.85335,4.58136,160.039,95.9233,88.8878,274.419,12.427,3.11531,15.5423,18.1,25.5,14.6,12.7,6.9,0.5,80.9,2.4,14.6,,539,0.623376623376623
Anthony Edwards,Wing G,Fr,5.0,6-5,Georgia,SEC,31,81.3,33.0312,19.0625,0.75,4.4688,5.2188,2.8438,2.71880001548028,1.04597616,1.3438,0.5625,28.8,103.0,47.0,51.73,2020,71877,195,127,165,0.77,126,251,0.502,69,237,0.291,27.0,27.0,1.0,89.0,129.0,0.6899,37.0,122.0,0.3033,3.75334,3.2819,118.582,102.774,98.2752,198.311,4.38554,0.542972,4.92851,2.4,14.5,17.9,15.4,1.6,2.3,33.8,2.7,99.8,1.0,488,0.399590163934426
Justin Edwards,Wing F,Fr,1.0,6-8,Kentucky,SEC,32,51.5,21.4688,8.7812,1.1875,2.1875,3.375,0.9375,0.843800008651313,1.11104526,0.875,0.2188,18.0,117.2,55.7,58.23,2024,79252,106,38,49,0.776,75,133,0.564,31,85,0.365,20.0,24.0,0.8333,50.0,78.0,0.641,25.0,55.0,0.4545,2.1591,1.97935,117.786,109.046,103.799,118.83,1.87036,-0.301,1.56936,6.4,10.4,6.9,11.9,1.1,2.2,22.5,4.1,99.6,,218,0.486238532110092
Keon Ellis,Wing G,Sr,14.0,6-6,Alabama,SEC,33,77.1,30.9394,12.1212,1.8788,4.2121,6.0909,1.7879,1.57579997121801,1.13459832,1.9394,0.5758,16.8,122.1,55.9,61.35,2022,72720,122,89,101,0.881,55,95,0.579,67,183,0.366,12.0,14.0,0.8571,49.0,70.0,0.7,6.0,24.0,0.25,4.14637,3.5203,124.165,101.076,94.4839,222.134,5.25669,3.1192,8.37589,6.4,14.5,10.2,16.4,1.9,3.4,36.3,3.4,,,278,0.438848920863309
Joel Embiid,C,Fr,21.0,7-0,Kansas,B12,28,45.9,23.1071,11.1786,2.3214,5.7857,8.1071,1.3571,2.35710000867391,0.57574986,0.8929,2.5714,24.4,112.0,62.9,65.5,2014,31621,107,98,143,0.685,106,166,0.639,1,5,0.2,30.0,30.0,1.0,80.0,99.0,0.8081,25.0,65.0,0.3846,2.92867,3.6851,124.998,90.0859,83.519,176.276,4.24577,6.35075,10.5965,12.7,27.3,11.5,24.1,11.7,2.3,83.6,5.8,97.4,3.0,171,0.625730994152047
Tyson Etienne,Combo G,So,1.0,6-2,Wichita St.,Amer,27,81.5,34.2593,14.8889,0.4444,2.4444,2.8889,2.037,2.00000005891016,1.01849997,1.1481,0.037,23.7,99.3,45.8,49.15,2022,71768,133,63,82,0.768,60,146,0.411,73,224,0.326,0.0,2.0,0.0,22.0,45.0,0.4889,38.0,101.0,0.3762,2.71813,3.48961,108.58,100.999,97.636,145.045,0.779382,0.0831644,0.862546,1.4,8.2,13.6,14.7,0.1,2.0,22.2,2.6,72.2,,370,0.359459459459459
Drew Eubanks,C,Jr,12.0,6-10,Oregon St.,P12,32,77.2,31.3438,13.1875,1.8438,4.9688,6.8125,1.0938,1.75000008799598,0.62502854,0.4688,1.7188,19.1,117.0,62.4,64.6,2018,39151,164,94,134,0.701,164,263,0.624,0,0,0.0,69.0,76.0,0.9079,122.0,170.0,0.7176,42.0,93.0,0.4516,3.15017,3.31064,117.215,101.599,98.8838,190.034,2.20008,1.5495,3.74958,7.3,18.7,7.3,17.2,6.4,0.9,51.0,3.5,75.6,,263,0.623574144486692
Tosan Evbuomwan,Wing F,Sr,20.0,6-8,Princeton,Ivy,30,80.5,31.4375,15.0625,1.6562,4.625,6.2812,4.8438,2.93749996702453,1.64895321,0.75,0.5625,28.3,107.7,52.3,54.86,2023,71346,181,93,143,0.65,172,325,0.529,9,30,0.3,10.0,10.0,1.0,136.0,242.0,0.562,36.0,83.0,0.4337,3.56853,3.29226,119.171,99.661,99.763,181.217,3.4714,1.16594,4.63734,5.8,16.1,31.5,18.6,1.9,1.3,40.3,2.8,,,355,0.509859154929577
Jeremiah Fears,Scoring PG,Fr,0.0,6-4,Oklahoma,SEC,34,75.5,30.2029,17.0882,0.7353,3.4118,4.1471,4.1176,3.4117999258081,1.2068703,1.6471,0.1176,31.9,105.4,48.0,56.18,2025,127671,180,183,215,0.851,142,281,0.505,38,134,0.284,9.0,10.0,0.9,97.0,183.0,0.5301,45.0,98.0,0.4592,3.86811,3.43129,126.687,106.006,99.044,191.877,3.56047,1.21085,4.77132,3.1,13.0,28.6,20.2,0.5,3.1,51.8,2.5,87.4,,415,0.433734939759036
Kyle Filipowski,PF/C,So,30.0,7-0,Duke,ACC,36,76.0,30.4167,16.4167,2.1667,6.0278,8.1944,2.7778,2.11109989619374,1.31580699,1.1667,1.4722,27.7,114.5,55.1,57.45,2024,76378,220,112,167,0.671,181,323,0.56,39,112,0.348,25.0,27.0,0.9259,144.0,226.0,0.6372,37.0,97.0,0.3814,4.4964,4.37231,131.178,93.5155,89.1508,245.772,5.97752,4.11506,10.0926,8.6,22.6,18.4,14.9,5.2,2.3,38.4,4.0,99.4,,435,0.505747126436782
Dorian Finney-Smith,Stretch 4,Sr,10.0,6-8,Florida,SEC,36,79.1,31.75,14.7222,2.4722,5.8611,8.3333,2.0833,1.88889993434502,1.10291708,0.9167,0.8056,22.4,113.7,52.8,56.94,2016,29061,169,121,165,0.733,98,194,0.505,71,193,0.368,17.0,19.0,0.8947,71.0,100.0,0.71,27.0,94.0,0.2872,3.79283,4.34151,122.466,95.9446,90.3771,238.895,5.96419,2.79482,8.75901,7.9,19.4,13.2,15.0,2.6,1.6,42.6,2.7,95.4,,387,0.436692506459948
Cooper Flagg,Stretch 4,Fr,2.0,6-9,Duke,ACC,37,72.8,30.6757,19.1622,1.3243,6.1622,7.4865,4.2162,2.1081,2.0,1.4054,1.3514,30.8,123.0,53.3,59.26,2025,127998,239,179,213,0.84,187,362,0.517,52,135,0.385,36.0,39.0,0.9231,127.0,210.0,0.6048,60.0,152.0,0.3947,5.99853,5.14995,146.133,88.3745,83.3976,268.733,9.16141,5.78951,14.9509,5.5,21.2,26.8,13.5,4.9,2.8,42.9,2.5,100.0,,497,0.480885311871227
Rasheer Fleming,Stretch 4,Jr,13.0,6-9,Saint Joseph's,A10,35,77.6,31.2457,14.6571,2.0571,6.4857,8.5429,1.2571,1.54289998994924,0.81476441,1.4,1.5429,20.4,121.4,61.9,63.81,2025,75882,188,75,101,0.743,126,195,0.646,62,159,0.39,43.0,45.0,0.9556,121.0,173.0,0.6994,5.0,22.0,0.2273,3.62542,4.13479,123.456,93.8,93.3709,255.123,4.47599,2.8567,7.33268,7.6,22.8,8.5,14.2,4.9,2.6,28.5,3.3,,,354,0.531073446327684
De'Aaron Fox,Scoring PG,Fr,0.0,6-3,Kentucky,SEC,36,69.8,29.5556,16.6944,0.5833,3.3889,3.9722,4.5833,2.41669982446881,1.89651191,1.4722,0.1944,27.6,110.7,49.7,54.81,2017,47561,214,156,211,0.739,197,379,0.52,17,69,0.246,20.0,21.0,0.9524,131.0,203.0,0.6453,66.0,176.0,0.375,4.05865,4.01087,127.366,96.0513,90.683,219.063,3.84927,3.27528,7.12455,2.1,12.2,28.6,15.8,0.7,2.7,47.1,3.4,99.0,5.0,448,0.477678571428571
Enrique Freeman,PF/C,Sr,25.0,6-7,Akron,MAC,33,81.8,32.4286,18.6286,3.5429,9.2286,12.7714,1.5714,2.54290002941472,0.61795587,0.8,1.6857,28.1,118.4,61.1,64.52,2024,71820,222,164,225,0.729,203,327,0.621,19,52,0.365,44.0,44.0,1.0,169.0,251.0,0.6733,34.0,76.0,0.4474,4.56473,4.27698,128.775,92.2048,92.9118,262.588,5.59725,2.28509,7.88235,11.8,32.8,10.9,17.3,5.9,1.4,59.4,3.5,,,379,0.585751978891821
Johnny Furphy,Stretch 4,Fr,10.0,6-9,Kansas,B12,32,58.7,24.0909,9.0303,1.303,3.6061,4.9091,1.0,0.84850001657969,1.17855036,0.8788,0.3333,17.0,117.5,57.7,61.38,2024,78860,94,62,81,0.765,50,79,0.633,44,122,0.361,11.0,12.0,0.9167,44.0,55.0,0.8,6.0,24.0,0.25,2.62444,3.07456,119.806,100.348,93.9904,150.76,3.27655,2.17242,5.44897,6.6,16.3,7.1,12.1,1.6,2.0,40.3,3.5,86.4,,201,0.467661691542289
Daniel Gafford,C,So,10.0,6-11,Arkansas,SEC,32,67.0,28.6875,16.875,2.8438,5.8125,8.6562,0.7188,2.37499993391764,0.30265264,0.9062,1.9688,25.2,112.3,65.9,65.11,2019,51358,213,114,193,0.591,213,323,0.659,0,0,0.0,86.0,91.0,0.9451,182.0,224.0,0.8125,31.0,99.0,0.3131,3.78328,3.82936,125.761,95.1262,90.6893,217.448,5.11419,2.16258,7.27677,11.2,22.7,6.0,18.2,8.4,1.8,59.8,3.8,92.4,38.0,323,0.659442724458204
Myron Gardner,Wing F,Sr,15.0,6-5,Little Rock,OVC,28,74.2,30.8333,13.2,2.1667,6.9667,9.1333,3.6333,2.66669984169566,1.36247055,1.2667,0.5333,24.4,104.1,48.1,53.71,2023,72114,120,101,135,0.748,86,187,0.46,34,98,0.347,9.0,11.0,0.8182,55.0,106.0,0.5189,31.0,81.0,0.3827,1.99745,2.15335,105.965,105.183,109.034,195.555,1.74875,-0.594133,1.15462,7.5,25.6,22.2,19.7,1.9,2.3,47.4,4.2,43.6,,285,0.421052631578947
Darius Garland,Combo G,Fr,10.0,6-2,Vanderbilt,SEC,5,10.8,27.8,16.2,0.4,3.4,3.8,2.6,3.00000012692308,0.86666663,0.8,0.4,26.9,110.1,63.9,65.75,2019,65919,29,12,16,0.75,18,31,0.581,11,23,0.478,0.0,0.0,,10.0,16.0,0.625,8.0,15.0,0.5333,2.88605,2.42906,117.376,105.122,104.278,24.6937,3.46736,1.13378,4.60114,1.6,13.7,25.7,23.2,1.5,1.7,29.6,2.0,97.4,5.0,54,0.537037037037037
Luka Garza,PF/C,Sr,55.0,6-11,Iowa,B10,31,78.8,31.6452,24.0968,3.0,5.7419,8.7419,1.7419,1.51610007499904,1.14893471,0.6774,1.6129,30.4,124.0,59.6,61.99,2021,51595,281,141,199,0.709,237,408,0.581,44,100,0.44,12.0,12.0,1.0,176.0,256.0,0.6875,60.0,152.0,0.3947,7.04155,3.64315,149.64,99.7365,93.9447,209.668,11.0337,1.41989,12.4536,10.4,18.2,12.1,8.9,5.2,1.2,39.2,2.9,76.6,52.0,508,0.553149606299213
Keyonte George,Combo G,Fr,1.0,6-4,Baylor,B12,33,69.3,28.6667,15.3333,1.0,3.1515,4.1515,2.7576,2.87879983361088,0.95789918,1.1212,0.1818,29.8,102.7,47.0,52.35,2023,77282,155,119,150,0.793,78,184,0.424,77,228,0.338,3.0,4.0,0.75,38.0,65.0,0.5846,40.0,119.0,0.3361,3.4798,3.10418,122.345,103.505,97.906,168.925,4.2202,0.430486,4.65069,4.2,13.6,20.0,19.8,0.7,2.3,36.4,3.0,98.8,16.0,412,0.37621359223301
Kyshawn George,Wing F,Fr,7.0,6-8,Miami FL,ACC,31,55.5,23.0,7.6129,0.4516,2.5806,3.0323,2.1613,1.54840007924186,1.39582788,0.871,0.3548,17.6,107.2,56.6,58.18,2024,78097,81,21,27,0.778,28,60,0.467,53,130,0.408,3.0,3.0,1.0,23.0,38.0,0.6053,5.0,22.0,0.2273,1.49061,2.31453,107.329,105.793,101.459,129.714,0.954272,1.8873,2.84157,2.2,12.1,16.3,21.9,1.8,2.2,14.2,3.1,49.2,,190,0.426315789473684
Paul George,Wing F,So,24.0,6-8,Fresno St.,WAC,28,72.6,33.1786,16.7143,1.9286,5.2857,7.2143,3.0714,3.17860013307607,0.96627442,2.1429,0.8571,27.3,105.6,51.0,57.22,2010,5903,150,110,122,0.902,92,188,0.489,58,163,0.356,18.0,22.0,0.8182,70.0,106.0,0.6604,22.0,82.0,0.2683,3.43996,3.89014,115.602,94.6435,92.7156,210.186,4.41774,2.32799,6.74572,6.8,18.6,22.6,20.8,3.0,3.9,34.8,3.5,61.6,10.0,351,0.427350427350427
Shai Gilgeous-Alexander,Scoring PG,Fr,22.0,6-6,Kentucky,SEC,37,84.0,33.7297,14.3784,0.8919,3.2432,4.1351,5.1081,2.67569997701604,1.90907054,1.6486,0.4865,22.8,114.1,51.6,57.87,2018,51731,183,143,174,0.822,160,320,0.5,23,57,0.404,11.0,11.0,1.0,108.0,182.0,0.5934,52.0,138.0,0.3768,4.34404,4.09801,125.039,100.791,94.6672,235.269,5.02271,3.08079,8.1035,3.2,10.0,28.8,19.8,1.7,2.8,46.2,2.0,94.0,11.0,377,0.485411140583554
Anthony Gill,PF/C,Sr,13.0,6-8,Virginia,ACC,37,69.8,28.027,13.7568,2.1622,3.973,6.1351,0.7568,1.1351000147152,0.66672539,0.6486,0.5676,24.0,122.6,58.3,62.35,2016,19683,189,129,173,0.746,187,324,0.577,2,2,1.0,51.0,51.0,1.0,139.0,184.0,0.7554,48.0,140.0,0.3429,4.6424,3.8531,135.817,96.8155,90.1675,182.753,5.25713,2.01103,7.26817,10.6,18.2,5.8,10.9,2.6,1.5,53.1,3.3,81.4,,326,0.579754601226994
Collin Gillespie,Combo G,Sr,2.0,6-3,Villanova,BE,38,85.4,34.2632,15.6316,0.4211,3.3947,3.8158,3.1842,1.6578999518453,1.92062253,1.0263,0.0,22.4,122.6,56.5,60.85,2022,51933,188,105,116,0.905,75,161,0.466,113,272,0.415,0.0,0.0,,48.0,94.0,0.5106,27.0,67.0,0.403,5.65333,3.88869,133.104,100.572,94.5828,212.558,6.16835,1.95652,8.12487,1.5,11.6,20.2,13.7,0.0,1.9,26.8,2.2,60.2,,433,0.434180138568129
Vladislav Goldin,C,Sr,50.0,7-1,Michigan,B10,37,68.4,27.5514,16.6216,2.3514,4.6757,7.027,1.0811,2.32430008113658,0.46512927,0.5135,1.3784,26.1,117.4,62.2,65.42,2025,73691,222,160,219,0.731,211,333,0.634,11,33,0.333,54.0,61.0,0.8852,158.0,231.0,0.684,53.0,102.0,0.5196,4.36546,3.81741,135.596,98.7466,91.5851,211.378,5.83488,3.06419,8.89907,10.3,17.4,8.5,18.3,5.2,1.1,59.8,2.9,60.0,,366,0.60655737704918
Jordan Goodwin,Wing G,Sr,0.0,6-3,Saint Louis,A10,21,82.9,33.1429,14.4762,2.619,7.4762,10.0952,3.8571,2.76189995000783,1.39653864,2.0476,0.1905,26.1,102.6,47.2,49.85,2021,51054,114,54,84,0.643,92,195,0.472,22,70,0.314,5.0,7.0,0.7143,61.0,100.0,0.61,31.0,95.0,0.3263,3.11891,4.43829,112.375,90.0412,88.6638,164.955,3.75248,2.9542,6.70668,9.1,27.0,21.8,18.6,0.7,3.6,31.7,2.1,89.4,,265,0.430188679245283
Aaron Gordon,Wing F,Fr,11.0,6-8,Arizona,P12,38,77.1,31.2368,12.3684,2.6842,5.2895,7.9737,1.9737,1.44739993745167,1.36361758,0.8947,1.0263,23.2,105.5,51.6,50.27,2014,29525,189,76,180,0.422,173,337,0.513,16,45,0.356,54.0,56.0,0.9643,137.0,198.0,0.6919,36.0,140.0,0.2571,2.86228,4.96193,115.064,87.7492,83.3035,242.823,3.32065,3.85299,7.17364,10.4,19.3,13.0,12.4,3.4,1.8,47.1,3.0,99.6,4.0,382,0.494764397905759
Eric Gordon,,Fr,,6-3,Indiana,B10,32,83.1,34.6875,20.9062,0.7188,2.5312,3.25,2.4375,3.59380006900686,0.67825142,1.3125,0.625,29.7,110.7,51.5,60.1,2008,1375,184,231,277,0.834,114,217,0.525,70,208,0.337,,,,,,,,,,5.37316,3.82438,129.92,98.503,94.6116,190.097,5.76279,0.868358,6.63115,2.6,8.0,15.2,20.7,2.0,2.3,65.2,2.5,100.0,7.0,425,0.432941176470588
Jerami Grant,C,So,3.0,6-8,Syracuse,ACC,32,73.4,31.4062,12.0625,2.4375,4.3438,6.7812,1.375,1.15620005425984,1.18924056,0.8125,0.5625,21.4,115.6,49.6,54.74,2014,25897,133,120,178,0.674,133,263,0.506,0,5,0.0,28.0,33.0,0.8485,88.0,129.0,0.6822,45.0,135.0,0.3333,3.74525,4.02905,122.944,97.8648,92.424,166.665,3.38554,1.83139,5.21693,9.1,17.2,9.4,11.3,2.5,1.7,66.4,3.0,90.6,39.0,268,0.496268656716418
AJ Green,Combo G,Jr,4.0,6-4,Northern Iowa,MVC,30,87.6,36.4194,18.8065,0.2258,3.4516,3.6774,2.4839,2.19349997227548,1.13239117,0.8387,0.0323,26.2,110.4,52.0,58.54,2022,65953,173,140,153,0.915,81,184,0.44,92,237,0.388,1.0,1.0,1.0,25.0,43.0,0.5814,56.0,141.0,0.3972,4.59859,2.85914,121.878,106.446,104.717,183.805,4.60968,-0.981512,3.62817,0.8,11.7,14.2,13.4,0.1,1.4,36.3,1.8,84.0,,421,0.410926365795724
Draymond Green,Stretch 4,Sr,23.0,6-7,Michigan St.,B10,37,82.8,33.2162,16.2432,2.1351,8.4865,10.6216,3.8108,3.02699988098683,1.25893629,1.4595,0.973,28.2,107.3,50.4,54.22,2012,8827,212,125,173,0.723,160,338,0.473,52,134,0.388,13.0,14.0,0.9286,101.0,165.0,0.6121,59.0,173.0,0.341,4.43161,5.56188,124.279,83.1827,77.9306,304.211,5.98404,5.04892,11.033,8.2,28.5,24.2,19.7,3.4,2.7,36.7,3.4,86.4,35.0,472,0.449152542372881
Javonte Green,Wing G,Sr,2.0,6-4,Radford,BSth,31,66.8,26.2353,15.4412,2.8529,6.1765,9.0294,1.2647,2.02940003235936,0.62318911,1.9118,0.8529,29.8,112.8,53.5,58.32,2015,22391,169,146,208,0.702,168,308,0.545,1,9,0.111,43.0,45.0,0.9556,135.0,210.0,0.6429,33.0,98.0,0.3367,3.2981,3.19819,122.931,91.1858,92.9222,220.154,5.66444,1.85008,7.51452,12.3,27.2,11.0,15.6,3.5,4.4,65.6,3.9,,,317,0.533123028391167
Josh Green,Wing G,Fr,0.0,6-6,Arizona,P12,30,71.7,30.8333,11.9,1.3,3.2667,4.5667,2.6,1.63330000186824,1.59186922,1.5333,0.4333,20.5,107.6,47.4,52.69,2020,71436,121,85,109,0.78,91,204,0.446,30,83,0.361,24.0,26.0,0.9231,64.0,100.0,0.64,30.0,108.0,0.2778,2.91647,4.15826,112.827,92.1888,88.1519,189.934,2.13566,3.56665,5.70231,4.8,11.9,16.0,14.7,1.6,2.8,38.0,3.2,97.6,18.0,287,0.421602787456446
Quentin Grimes,Wing G,Jr,24.0,6-5,Houston,Amer,30,79.4,32.8,17.8333,1.6,4.1,5.7,1.9667,1.83330003309019,1.07276494,1.4,0.3,25.3,118.2,52.3,55.77,2021,65580,173,89,113,0.788,73,178,0.41,100,248,0.403,8.0,8.0,1.0,42.0,71.0,0.5915,30.0,105.0,0.2857,5.28406,4.43509,131.682,90.3659,88.2886,183.974,7.79519,2.17092,9.96611,5.4,14.1,12.6,13.5,1.2,2.6,26.5,2.7,98.2,25.0,426,0.406103286384977
Mouhamed Gueye,PF/C,So,35.0,6-11,Washington St.,P12,33,77.7,32.1212,14.303,3.3636,5.0,8.3636,1.9091,2.33330003655964,0.81819739,0.8182,0.8182,26.5,106.4,50.3,53.19,2023,74766,186,89,132,0.674,175,341,0.513,11,40,0.275,40.0,44.0,0.9091,123.0,192.0,0.6406,52.0,149.0,0.349,3.68318,3.76256,120.4,99.1435,95.3457,198.965,2.88505,1.42067,4.30572,12.2,19.3,14.1,16.9,2.7,1.6,34.6,3.5,90.0,39.0,381,0.488188976377953
Rui Hachimura,Wing F,Jr,21.0,6-8,Gonzaga,WCC,37,75.5,30.2162,19.7027,1.3784,5.0811,6.4595,1.5405,1.83779996268568,0.83823051,0.9459,0.7297,26.4,121.7,60.8,63.9,2019,48365,275,164,222,0.739,260,429,0.606,15,36,0.417,58.0,60.0,0.9667,185.0,257.0,0.7198,75.0,171.0,0.4386,4.97774,4.33341,134.933,91.0383,88.1289,232.965,5.90314,2.48868,8.39182,5.8,17.0,9.3,12.9,2.4,1.8,47.7,2.6,70.6,9.0,465,0.591397849462366
Tyrese Haliburton,Scoring PG,So,22.0,6-5,Iowa St.,B12,22,62.8,36.6818,15.2273,1.4545,4.4091,5.8636,6.4545,2.7726999835047,2.32787537,2.4545,0.6818,21.5,120.1,61.1,63.12,2020,65663,123,37,45,0.822,71,120,0.592,52,124,0.419,7.0,8.0,0.875,46.0,62.0,0.7419,26.0,60.0,0.4333,5.61476,4.02984,129.703,99.913,95.5014,173.371,7.40489,3.33347,10.7384,4.6,13.7,35.3,20.1,2.0,3.8,18.4,1.4,65.6,12.0,244,0.504098360655738
PJ Hall,PF/C,Sr,24.0,6-10,Clemson,ACC,36,71.8,28.9167,18.3056,1.5833,4.8056,6.3889,1.4167,1.86109996301972,0.7612165,0.7778,1.4167,30.2,111.8,54.1,57.87,2024,72609,240,127,163,0.779,188,327,0.575,52,165,0.315,28.0,28.0,1.0,127.0,186.0,0.6828,61.0,141.0,0.4326,4.21823,3.62175,130.908,100.938,94.2314,215.758,5.08422,2.28551,7.36973,6.6,18.0,10.8,12.6,5.6,1.6,33.1,4.3,89.6,,492,0.48780487804878
Tim Hardaway Jr.,Wing G,Jr,10.0,6-6,Michigan,B10,37,84.2,34.9459,14.2432,0.2162,4.2973,4.5135,2.4324,1.86490000129264,1.30430586,0.6757,0.4595,22.3,104.9,50.4,52.71,2013,14888,193,73,105,0.695,125,260,0.481,68,190,0.358,20.0,22.0,0.9091,63.0,85.0,0.7412,62.0,175.0,0.3543,3.56531,3.8968,114.944,99.6,93.4428,214.122,3.15549,1.15365,4.30914,0.8,14.5,12.9,15.0,1.4,1.2,23.3,2.2,68.0,24.0,450,0.428888888888889
James Harden,,So,,6-5,Arizona St.,P10,35,88.3,35.8286,20.1143,1.3714,4.2,5.5714,4.2286,3.37140008602388,1.25425636,1.6857,0.3143,32.6,112.8,55.3,60.66,2009,3638,221,204,270,0.756,163,289,0.564,58,163,0.356,,,,,,,,,,6.30633,4.50387,136.656,95.6385,89.5229,234.839,6.88906,2.92344,9.8125,5.5,14.6,29.2,19.0,1.1,3.1,59.7,3.2,97.4,3.0,452,0.488938053097345
Elijah Harkless,Wing G,Sr,55.0,6-3,Oklahoma,B12,26,53.0,28.9615,10.0385,0.7692,3.3462,4.1154,1.7308,2.2307998576196,0.77586521,1.3462,0.1538,21.9,92.5,49.3,51.27,2022,66255,96,37,58,0.638,64,128,0.5,32,99,0.323,3.0,3.0,1.0,44.0,81.0,0.5432,20.0,47.0,0.4255,1.50848,3.47481,100.625,96.439,92.3227,142.096,0.375031,1.85942,2.23445,3.6,14.3,12.1,21.3,0.6,2.8,25.6,2.8,,,227,0.422907488986784
Dylan Harper,Combo G,Fr,2.0,6-6,Rutgers,B10,29,72.4,32.6,19.4483,0.7586,3.8276,4.5862,4.0345,2.4137999260143,1.67143099,1.4483,0.5862,28.8,115.2,54.6,58.65,2025,128154,194,126,168,0.75,144,251,0.574,50,150,0.333,11.0,11.0,1.0,119.0,170.0,0.7,25.0,81.0,0.3086,4.95813,3.21941,134.554,108.722,102.706,172.142,7.04278,1.51722,8.56,2.6,13.5,27.0,14.8,1.9,2.6,41.9,2.4,99.6,,401,0.483790523690773
Ron Harper Jr.,Wing G,Sr,24.0,6-6,Rutgers,B10,32,84.4,34.2812,15.8438,1.2812,4.5938,5.875,1.9062,1.62499994991672,1.17304619,1.0625,0.625,22.8,111.9,53.0,56.97,2022,66532,171,97,122,0.795,103,216,0.477,68,171,0.398,13.0,15.0,0.8667,68.0,121.0,0.562,35.0,95.0,0.3684,3.90153,3.71937,118.708,100.622,95.6425,194.51,4.57277,1.23105,5.80381,4.4,15.7,11.6,12.7,2.2,1.9,31.5,2.4,65.0,,387,0.441860465116279
Kevon Harris,Wing G,Sr,1.0,6-6,Stephen F. Austin,Slnd,28,75.3,29.2581,17.4516,1.4194,4.2903,5.7097,2.129,3.48390016749067,0.61109673,1.5161,0.2581,26.8,109.2,55.1,60.85,2020,48618,151,141,179,0.788,95,193,0.492,56,132,0.424,18.0,19.0,0.9474,79.0,141.0,0.5603,16.0,52.0,0.3077,3.07088,3.55776,114.727,90.8386,93.2958,187.336,3.80545,0.96309,4.76854,5.3,18.0,14.2,23.0,0.9,2.8,55.1,3.4,,,325,0.464615384615385
Tobias Harris,PF/C,Fr,12.0,6-8,Tennessee,SEC,34,72.5,29.2059,15.3235,1.9706,5.2941,7.2647,1.2941,1.82349997012735,0.7096792,0.7059,0.8529,25.9,109.5,48.9,53.96,2011,16657,185,128,170,0.753,162,326,0.497,23,76,0.303,21.0,23.0,0.913,95.0,143.0,0.6643,67.0,183.0,0.3661,3.69915,3.5272,123.031,97.8243,91.867,197.759,5.33543,1.37966,6.7151,7.5,20.6,10.4,14.3,3.4,1.4,42.3,2.8,99.0,19.0,402,0.460199004975124
Josh Hart,Wing G,Sr,3.0,6-5,Villanova,BE,36,82.9,33.1667,18.6944,1.4167,4.9722,6.3889,2.9444,1.97219999109951,1.49295204,1.5556,0.2778,27.1,122.3,59.0,61.89,2017,33417,236,127,170,0.747,162,280,0.579,74,183,0.404,20.0,21.0,0.9524,114.0,160.0,0.7125,48.0,120.0,0.4,5.95021,4.73281,139.493,93.5948,88.6681,241.733,7.54825,3.27945,10.8277,5.9,17.5,18.8,13.4,1.0,2.9,36.7,2.7,84.4,30.0,463,0.509719222462203
Sam Hauser,Stretch 4,Sr,10.0,6-8,Virginia,ACC,25,85.2,34.24,16.0,0.84,5.96,6.8,1.8,1.03999998844444,1.73076925,0.56,0.4,22.2,123.6,61.1,63.53,2021,44798,147,43,48,0.896,84,141,0.596,63,151,0.417,1.0,1.0,1.0,27.0,39.0,0.6923,57.0,102.0,0.5588,5.44833,3.97366,131.342,99.4885,93.6439,142.987,7.43766,1.62484,9.06251,3.4,21.6,11.6,9.0,1.4,1.1,16.4,1.8,83.6,,292,0.503424657534247
Jordan Hawkins,Wing G,So,24.0,6-5,Connecticut,BE,37,69.6,29.3514,16.1622,0.973,2.8108,3.7838,1.2703,1.351399986236,0.93998817,0.7027,0.5135,22.7,121.2,53.1,58.4,2023,74455,182,125,141,0.887,73,164,0.445,109,281,0.388,9.0,12.0,0.75,47.0,86.0,0.5465,23.0,73.0,0.3151,4.60715,3.73645,132.465,97.2929,92.5443,180.326,6.14368,1.22205,7.36573,3.9,10.8,8.2,11.9,1.8,1.4,31.7,3.0,90.2,14.0,445,0.408988764044944
Jaxson Hayes,C,Fr,10.0,6-11,Texas,B12,32,50.0,23.3438,10.0,1.75,3.25,5.0,0.2812,0.906200016196875,0.31030677,0.5938,2.2188,16.9,133.8,72.8,73.9,2019,66595,123,74,100,0.74,123,169,0.728,0,0,0.0,74.0,75.0,0.9867,105.0,123.0,0.8537,18.0,46.0,0.3913,3.96096,3.27941,136.739,94.8033,88.6569,161.475,3.95481,5.02707,8.98188,8.8,16.2,2.6,13.9,10.6,1.5,59.2,5.7,79.8,8.0,169,0.727810650887574
Taylor Hendricks,Stretch 4,Fr,25.0,6-9,UCF,Amer,34,84.4,34.6471,15.1471,2.3529,4.6176,6.9706,1.3529,1.41179999950119,0.95828021,0.9118,1.6765,20.4,119.9,55.7,58.89,2023,76391,184,86,110,0.782,123,230,0.535,61,155,0.394,36.0,37.0,0.973,88.0,136.0,0.6471,35.0,94.0,0.3723,4.31848,4.25777,124.075,96.0289,92.9041,224.461,4.91313,2.20267,7.1158,8.1,16.2,8.6,12.1,5.9,1.6,28.6,2.3,87.8,9.0,385,0.477922077922078
Chucky Hepburn,Pure PG,Sr,24.0,6-2,Louisville,ACC,34,84.3,34.8206,16.3824,0.5294,2.9412,3.4706,5.8235,3.02940002159049,1.92232784,2.4118,0.0882,25.5,115.2,51.4,58.61,2025,75376,166,162,192,0.844,103,192,0.536,63,192,0.328,1.0,2.0,0.5,65.0,103.0,0.6311,38.0,89.0,0.427,4.68699,4.65797,128.713,98.393,93.0868,243.365,4.02378,4.18229,8.20607,1.8,9.4,31.3,19.7,0.3,4.0,50.0,3.1,75.4,,384,0.432291666666667
Tyler Herro,Wing G,Fr,14.0,6-5,Kentucky,SEC,37,81.0,32.6216,14.027,0.4054,4.0811,4.4865,2.4865,1.62160001215629,1.5333621,1.1081,0.3243,20.0,118.2,53.6,58.03,2019,66474,186,87,93,0.935,126,234,0.538,60,169,0.355,4.0,5.0,0.8,56.0,84.0,0.6667,70.0,150.0,0.4667,4.19747,4.35661,124.79,96.8156,90.7113,222.631,4.61709,3.45696,8.07405,1.6,14.0,15.2,14.8,1.1,2.0,23.1,1.6,92.8,13.0,403,0.461538461538462
Buddy Hield,Wing G,Sr,24.0,6-4,Oklahoma,B12,37,87.6,35.3784,25.0,1.2432,4.4865,5.7297,2.027,3.05410009095101,0.66369796,1.1351,0.4865,28.4,121.5,62.3,66.45,2016,27126,301,176,200,0.88,154,279,0.552,147,322,0.457,18.0,22.0,0.8182,119.0,178.0,0.6685,35.0,101.0,0.3465,6.66097,4.3269,142.729,100.663,94.3172,240.576,10.113,1.73643,11.8494,4.0,13.0,12.7,17.1,1.4,1.8,33.3,2.3,69.0,6.0,601,0.500831946755408
Aaron Holiday,Scoring PG,Jr,3.0,6-1,UCLA,P12,33,92.1,37.697,20.3333,0.5152,3.1515,3.6667,5.8182,3.78789989746329,1.53599624,1.2727,0.2424,27.2,112.9,55.7,60.87,2018,39514,212,159,192,0.828,124,255,0.486,88,205,0.429,4.0,4.0,1.0,86.0,151.0,0.5695,38.0,104.0,0.3654,5.07292,3.37293,127.461,106.928,103.427,209.167,4.85916,0.108889,4.96804,1.6,8.7,29.9,20.6,0.7,1.9,41.7,2.8,89.4,23.0,460,0.460869565217391
Jrue Holiday,,Fr,,6-3,UCLA,P10,35,67.6,27.1429,8.4571,1.2571,2.5143,3.7714,3.6857,2.14290003009432,1.71995891,1.5714,0.5143,20.5,107.2,50.4,53.15,2009,5415,112,45,62,0.726,85,161,0.528,27,88,0.307,,,,,,,,,,2.59249,3.39905,112.83,95.4139,90.0492,183.665,3.30703,3.43319,6.74022,6.0,11.8,23.8,23.4,2.1,3.5,24.9,3.2,99.6,17.0,249,0.449799196787149
DaRon Holmes II,PF/C,Jr,15.0,6-10,Dayton,A10,33,80.7,32.3939,20.3636,1.6667,6.8485,8.5152,2.6061,2.24239985330484,1.16219237,0.9394,2.0606,31.2,119.1,58.4,62.65,2024,75202,217,206,289,0.713,185,316,0.585,32,83,0.386,71.0,74.0,0.9595,140.0,189.0,0.7407,45.0,127.0,0.3543,5.85874,4.28432,140.895,95.3316,92.3178,241.899,7.82611,3.62503,11.4511,6.8,23.7,19.0,13.7,7.2,1.8,72.4,2.5,91.0,,399,0.543859649122807
Chet Holmgren,PF/C,Fr,34.0,7-0,Gonzaga,WCC,32,67.3,26.9062,14.125,1.7812,8.125,9.9062,1.9062,1.9062,1.0,0.8125,3.4688,21.4,124.3,68.0,69.11,2022,75750,170,71,99,0.717,129,175,0.737,41,105,0.39,57.0,57.0,1.0,105.0,125.0,0.84,24.0,50.0,0.48,4.24806,4.76962,130.898,78.4812,76.312,269.345,7.05891,7.0373,14.0962,8.0,28.7,11.4,17.9,11.9,1.6,35.4,3.9,100.0,2.0,280,0.607142857142857
Caleb Houstan,Wing F,Fr,22.0,6-8,Michigan,B10,34,80.0,32.0,10.0882,0.7941,3.1765,3.9706,1.3529,1.5293999587088,0.88459529,0.7353,0.2353,17.0,103.4,48.9,53.03,2022,74295,109,65,83,0.783,49,115,0.426,60,169,0.355,2.0,2.0,1.0,38.0,69.0,0.5507,11.0,46.0,0.2391,2.12153,3.2604,104.504,105.363,98.0355,175.293,1.47876,0.663666,2.14243,3.1,11.7,7.4,16.7,0.8,1.4,29.2,2.1,98.4,32.0,284,0.383802816901408
Jett Howard,Wing F,Fr,13.0,6-8,Michigan,B10,29,66.1,31.6897,14.2069,0.2759,2.5517,2.8276,2.0345,1.27590008181564,1.5945606,0.4138,0.6552,21.8,111.5,53.2,56.19,2023,76486,137,60,75,0.8,59,119,0.496,78,212,0.368,6.0,6.0,1.0,29.0,47.0,0.617,30.0,72.0,0.4167,3.41871,3.11852,118.99,105.02,100.259,138.912,3.79192,0.539019,4.33094,1.0,8.8,12.9,11.0,2.1,0.8,22.7,2.8,91.8,11.0,331,0.413897280966767
Kevin Huerter,Wing G,So,4.0,6-7,Maryland,B10,31,85.5,34.3438,14.75,0.9688,4.0625,5.0312,3.375,2.5,1.35,0.625,0.6562,21.5,116.3,61.1,63.6,2018,45160,157,74,97,0.763,87,145,0.6,70,169,0.414,5.0,5.0,1.0,54.0,76.0,0.7105,32.0,67.0,0.4776,4.34571,3.79961,124.434,102.028,97.767,183.882,5.53646,1.55952,7.09599,3.9,13.1,20.0,20.4,2.1,1.1,30.9,2.8,87.2,19.0,314,0.5
Jay Huff,PF/C,Sr,30.0,7-1,Virginia,ACC,25,67.3,27.04,12.96,1.72,5.36,7.08,0.96,1.32000008580001,0.72727268,0.52,2.64,23.2,123.9,65.2,67.42,2021,45187,127,41,49,0.837,98,142,0.69,29,75,0.387,47.0,50.0,0.94,78.0,96.0,0.8125,20.0,46.0,0.4348,4.48542,3.88501,133.299,90.9887,85.6434,151.755,6.18394,4.64305,10.827,8.9,24.6,8.1,13.9,11.9,1.3,22.6,3.8,88.8,,217,0.585253456221198
De'Andre Hunter,Wing F,So,12.0,6-7,Virginia,ACC,38,80.4,32.4737,15.2368,1.3684,3.7105,5.0789,1.9737,1.36839994368047,1.44234148,0.5789,0.5789,23.5,122.9,57.9,61.78,2019,45188,205,123,157,0.783,159,289,0.55,46,105,0.438,19.0,19.0,1.0,92.0,133.0,0.6917,67.0,156.0,0.4295,5.47042,4.42253,136.484,94.2741,89.8237,198.406,6.77468,2.63667,9.41135,5.6,13.4,13.0,11.8,2.4,1.2,39.8,2.5,82.0,4.0,394,0.520304568527919
CJ Huntley,Stretch 4,Sr,15.0,6-11,Appalachian St.,SB,29,88.0,33.5806,15.7097,2.2903,5.7742,8.0645,1.0968,1.48389998952422,0.73913337,0.5806,0.6774,23.1,111.1,54.2,56.44,2025,72759,171,74,109,0.679,129,236,0.547,42,118,0.356,41.0,43.0,0.9535,108.0,177.0,0.6102,21.0,59.0,0.3559,2.79694,3.80553,112.671,100.184,100.632,184.329,2.84145,0.31603,3.15748,7.7,18.4,7.5,11.8,2.1,1.1,30.8,1.8,,,354,0.483050847457627
Oso Ighodaro,C,Sr,13.0,6-11,Marquette,BE,36,78.8,32.5,13.4167,2.5833,4.3056,6.8889,2.9167,1.77780003490259,1.64062321,1.0556,1.2778,21.9,117.2,57.6,59.0,2024,72926,196,91,146,0.623,196,338,0.58,0,2,0.0,62.0,71.0,0.8732,113.0,178.0,0.6348,83.0,160.0,0.5188,4.34092,4.12431,127.202,100.311,93.8784,226.218,3.91607,2.9699,6.88597,9.4,15.3,16.1,14.4,4.7,1.9,42.9,2.7,76.0,,340,0.576470588235294
Brandon Ingram,Stretch 4,Fr,14.0,6-9,Duke,ACC,36,85.9,34.6111,17.3333,1.8611,4.9167,6.7778,1.9722,1.99999995943616,0.98610002,1.1111,1.3611,24.6,112.1,52.5,55.25,2016,40152,214,116,170,0.682,134,289,0.464,80,195,0.41,17.0,17.0,1.0,69.0,117.0,0.5897,65.0,172.0,0.3779,4.30183,4.03424,123.988,103.403,96.0966,237.974,5.41374,1.32811,6.74185,6.1,15.4,11.3,13.7,3.6,1.9,35.1,2.4,99.6,2.0,484,0.442148760330579
Harrison Ingram,Wing F,Jr,55.0,6-7,North Carolina,ACC,37,81.7,32.7838,12.1892,2.6216,6.2162,8.8378,2.1892,1.37840001217465,1.58821821,1.3784,0.4054,19.0,113.9,51.6,52.99,2024,74447,163,60,98,0.612,98,210,0.467,65,169,0.385,8.0,9.0,0.8889,52.0,105.0,0.4952,46.0,105.0,0.4381,3.35249,4.5238,118.146,96.3595,90.6759,261.879,4.29669,3.21716,7.51385,8.7,20.1,11.7,12.4,1.3,2.4,25.9,2.3,97.0,,379,0.430079155672823
Kyrie Irving,Scoring PG,Fr,1.0,6-2,Duke,ACC,11,20.5,27.5455,17.4545,0.5455,2.8182,3.3636,4.2727,2.45450005070481,1.74076183,1.4545,0.5455,27.2,130.5,61.5,69.7,2011,18579,55,64,71,0.901,37,65,0.569,18,39,0.462,0.0,0.0,,26.0,39.0,0.6667,11.0,26.0,0.4231,5.95161,3.80115,148.528,91.7011,87.1588,61.4034,9.48637,4.37825,13.8646,2.3,10.6,29.8,18.6,1.8,3.0,68.3,3.0,99.8,1.0,104,0.528846153846154
Jonathan Isaac,Stretch 4,Fr,1.0,6-10,Florida St.,ACC,32,59.9,26.1875,11.9688,1.75,6.0938,7.8438,1.1562,1.4999999416191,0.77080003,1.1562,1.5312,20.0,118.8,56.8,61.37,2017,48431,130,92,118,0.78,99,167,0.593,31,89,0.348,34.0,39.0,0.8718,73.0,107.0,0.6822,26.0,60.0,0.4333,3.31417,3.99213,124.263,92.6767,85.8594,213.687,5.33623,3.7778,9.11403,7.7,25.0,7.5,15.7,6.2,2.4,46.1,3.3,98.6,6.0,256,0.5078125
Jaden Ivey,Wing G,So,23.0,6-4,Purdue,B10,36,75.7,31.4444,17.3333,0.6667,4.2222,4.8889,3.0556,2.61110001552167,1.17023476,0.9167,0.5556,27.7,111.6,53.4,57.96,2022,73289,203,154,207,0.744,139,261,0.533,64,179,0.358,28.0,31.0,0.9032,110.0,162.0,0.679,29.0,100.0,0.29,4.53287,3.39433,127.374,101.517,95.9652,208.788,5.51668,0.96382,6.4805,2.7,15.0,19.2,17.9,2.0,1.7,47.0,2.2,84.4,5.0,440,0.461363636363636
Quenton Jackson,Combo G,Sr,3.0,6-5,Texas A&M,SEC,39,65.8,26.35,14.775,0.5,3.0,3.5,1.975,2.37499996392405,0.83157896,1.75,0.55,26.6,111.1,54.5,61.1,2022,70344,184,166,200,0.83,140,252,0.556,44,126,0.349,25.0,31.0,0.8065,108.0,171.0,0.6316,32.0,81.0,0.3951,3.66613,3.38749,125.525,93.7661,90.3202,218.18,4.76437,3.5405,8.30487,2.2,13.2,16.6,19.9,2.0,3.8,52.9,3.8,,,378,0.486772486772487
Andre Jackson Jr.,Wing G,Jr,44.0,6-6,Connecticut,BE,36,67.1,29.0833,6.6667,1.8611,4.3333,6.1944,4.6944,1.97220010361361,2.38028585,1.0833,0.5,16.5,111.3,49.1,50.89,2023,72642,92,31,48,0.646,67,124,0.54,25,89,0.281,29.0,36.0,0.8056,52.0,78.0,0.6667,14.0,44.0,0.3182,2.50837,4.12887,112.086,93.2049,88.3178,207.682,2.51275,4.50552,7.01826,7.6,16.7,26.6,24.1,1.8,2.2,22.5,3.9,90.4,36.0,213,0.431924882629108
Jaren Jackson Jr.,PF/C,Fr,2.0,6-11,Michigan St.,B10,35,54.4,21.8571,10.9143,1.4857,4.3143,5.8,1.1143,1.77139996777365,0.62905048,0.6,3.0,22.8,116.8,59.5,64.71,2018,51788,119,106,133,0.797,81,136,0.596,38,96,0.396,31.0,31.0,1.0,61.0,93.0,0.6559,20.0,43.0,0.4651,2.85894,3.58232,125.628,85.8569,82.3973,203.113,3.86728,6.69798,10.5653,8.7,19.7,9.3,20.8,14.2,1.6,57.3,5.9,98.6,4.0,232,0.512931034482759
Trayce Jackson-Davis,C,Jr,23.0,6-9,Indiana,B10,32,78.7,34.5625,20.9375,2.8438,7.9688,10.8125,4.0312,2.5625000480723,1.57315119,0.8438,2.875,30.1,118.5,58.2,60.94,2023,70880,262,146,210,0.695,262,450,0.582,0,0,0.0,74.0,80.0,0.925,213.0,322.0,0.6615,49.0,128.0,0.3828,6.44429,4.9677,141.173,93.4323,87.6477,265.043,9.76672,4.95439,14.7211,10.1,24.7,24.8,14.3,9.0,1.4,46.7,2.0,94.2,57.0,450,0.582222222222222
Bronny James,Combo G,Fr,6.0,6-4,USC,P12,25,36.3,19.44,4.84,0.28,2.56,2.84,2.12,1.08000010066416,1.96296278,0.76,0.2,16.5,96.4,43.8,47.21,2024,79191,41,23,34,0.676,25,52,0.481,16,60,0.267,4.0,5.0,0.8,16.0,27.0,0.5926,9.0,25.0,0.36,0.544544,2.02952,96.8105,105.53,99.8886,88.6988,-1.65302,1.31921,-0.333807,1.7,15.1,19.3,19.4,1.1,2.2,30.4,3.5,95.8,,112,0.366071428571429
Sion James,Wing G,Jr,14.0,6-6,Duke,ACC,39,63.9,25.541,8.6154,0.7436,3.4359,4.1795,2.9487,1.2051000806457,2.44685072,0.8205,0.2564,17.1,127.8,58.8,63.52,2025,74127,112,81,100,0.81,81,142,0.57,31,75,0.413,17.0,19.0,0.8947,73.0,124.0,0.5887,8.0,18.0,0.4444,3.45323,3.70902,128.743,95.5391,89.9295,182.898,3.92618,3.98371,7.90989,3.7,14.2,18.9,16.6,1.1,1.9,46.1,3.2,16.2,,217,0.516129032258065
Jaime Jaquez Jr.,Wing F,Sr,24.0,6-7,UCLA,P12,37,83.1,33.2432,17.8108,2.5676,5.6486,8.2162,2.3514,1.8108000290726,1.29854206,1.5405,0.5946,27.2,113.1,51.1,54.27,2023,70461,261,104,135,0.77,228,439,0.519,33,104,0.317,17.0,19.0,0.8947,143.0,234.0,0.6111,85.0,205.0,0.4146,4.82879,5.21951,129.091,88.0102,83.9827,266.706,6.06545,3.48227,9.54772,9.0,20.2,14.6,11.9,2.2,2.8,24.9,2.2,82.6,18.0,543,0.480662983425414
Daniss Jenkins,Pure PG,Sr,5.0,6-4,St. John's,BE,33,76.7,30.697,14.9394,0.9091,2.5758,3.4848,5.4242,2.42420002885067,2.23752163,1.5758,0.5455,25.6,114.0,51.2,53.84,2024,70329,190,57,67,0.851,134,268,0.5,56,158,0.354,2.0,3.0,0.6667,52.0,102.0,0.5098,82.0,166.0,0.494,4.16364,3.4789,127.665,104.161,97.9165,182.253,5.98901,2.25241,8.24143,3.2,9.6,32.3,17.8,1.9,3.0,15.7,3.1,,,426,0.446009389671362
Ty Jerome,Scoring PG,Jr,11.0,6-5,Virginia,ACC,37,81.8,33.9459,13.5676,0.4595,3.7568,4.2162,5.4595,1.64860002950962,3.31159766,1.5405,0.027,24.1,119.1,53.2,55.5,2019,45185,178,67,91,0.736,99,211,0.469,79,198,0.399,0.0,0.0,,44.0,69.0,0.6377,55.0,142.0,0.3873,5.33924,4.91114,133.245,91.6552,87.3426,224.28,6.33137,3.96469,10.2961,1.8,13.0,32.6,13.3,0.1,3.0,22.2,2.0,91.4,24.0,409,0.43520782396088
Isaiah Joe,Wing G,So,1.0,6-5,Arkansas,SEC,26,72.1,36.0385,16.8846,0.5385,3.5769,4.1154,1.7308,1.7308,1.0,1.3846,0.2692,22.9,104.6,49.7,54.44,2020,66609,132,81,91,0.89,38,85,0.447,94,275,0.342,3.0,3.0,1.0,15.0,22.0,0.6818,23.0,63.0,0.3651,3.14988,4.12198,110.771,98.1214,94.0624,167.73,3.65953,0.682599,4.34213,1.7,11.5,10.0,11.7,0.8,2.2,25.3,2.0,66.0,49.0,360,0.366666666666667
Keldon Johnson,Wing F,Fr,3.0,6-6,Kentucky,SEC,37,76.2,30.7027,13.4595,1.3243,4.5405,5.8649,1.6486,1.62160005104607,1.01665019,0.7568,0.1622,21.7,112.9,52.1,55.75,2019,66092,172,109,155,0.703,127,255,0.498,45,118,0.381,16.0,20.0,0.8,69.0,116.0,0.5948,58.0,139.0,0.4173,3.61944,4.06433,121.661,97.1789,91.0516,206.457,3.54806,2.15859,5.70664,5.5,16.5,10.6,14.5,0.6,1.5,41.6,2.9,97.6,29.0,373,0.46112600536193
Keshad Johnson,Wing F,Sr,16.0,6-7,Arizona,P12,36,67.9,27.6389,11.5,2.0,3.8611,5.8611,1.8333,1.55560005029714,1.17851629,1.0,0.7222,18.3,119.6,59.3,61.64,2024,71121,151,76,107,0.71,115,192,0.599,36,93,0.387,49.0,53.0,0.9245,91.0,134.0,0.6791,24.0,58.0,0.4138,3.20103,3.65967,122.532,97.1797,91.7556,202.129,4.05876,3.04237,7.10113,8.0,14.8,10.8,16.7,2.7,2.0,37.5,3.0,37.8,,285,0.529824561403509
Tre Johnson,Combo G,Fr,20.0,6-6,Texas,SEC,33,80.6,34.6848,19.9394,0.3333,2.7879,3.1212,2.7273,1.818200036364,1.49999997,0.9394,0.303,27.3,113.0,51.1,55.67,2025,126599,224,121,139,0.871,135,301,0.449,89,224,0.397,7.0,11.0,0.6364,58.0,97.0,0.5979,77.0,204.0,0.3775,4.82291,3.60894,130.458,108.341,101.339,172.246,5.96797,0.601105,6.56907,1.1,9.0,16.5,11.3,1.0,1.6,26.5,2.4,99.2,,525,0.426666666666667
Colby Jones,Wing G,Jr,3.0,6-6,Xavier,BE,36,82.4,34.0,15.0,1.25,4.4722,5.7222,4.3889,2.33330021591254,1.88098384,1.3056,0.5556,22.1,112.6,56.4,57.95,2023,73082,207,81,124,0.653,162,288,0.563,45,119,0.378,9.0,10.0,0.9,100.0,163.0,0.6135,62.0,125.0,0.496,4.06516,3.83311,121.806,102.373,96.6282,238.163,4.40811,1.99379,6.4019,4.4,14.4,22.3,17.3,1.6,2.1,30.5,2.5,74.8,34.0,407,0.508599508599509
Curtis Jones,Combo G,Sr,5.0,6-4,Iowa St.,B12,34,73.0,30.5029,17.3824,0.4412,3.7941,4.2353,2.3235,1.41180007353027,1.64577127,1.1471,0.1765,25.4,117.3,52.6,56.91,2025,75721,197,109,129,0.845,109,223,0.489,88,235,0.374,1.0,1.0,1.0,44.0,78.0,0.5641,65.0,145.0,0.4483,4.32802,3.98648,131.271,99.267,93.562,187.847,5.56376,1.9516,7.51537,1.8,14.5,15.2,10.5,0.7,2.2,28.2,2.1,,,458,0.430131004366812
Herbert Jones,Wing F,Sr,1.0,6-8,Alabama,SEC,33,67.9,27.2727,11.2424,2.4848,4.0909,6.5758,3.2727,2.81820005600233,1.16127313,1.7273,1.1212,24.3,103.3,48.1,52.89,2021,51990,129,93,130,0.715,109,232,0.47,20,57,0.351,22.0,25.0,0.88,99.0,186.0,0.5323,10.0,47.0,0.2128,2.81188,4.04527,115.081,89.826,84.3484,220.768,3.01408,4.69424,7.70832,9.4,15.2,21.7,22.9,4.0,3.4,45.0,4.2,70.6,35.0,289,0.44636678200692
Isaac Jones,PF/C,Fr,4.0,6-1,Stetson,ASun,6,0.7,3.8889,1.1111,0.1111,0.5556,0.6667,0.1111,0.2222,0.5,0.0,0.0,0.0,0.0,0.0,0.0,2024,78138,0,0,0,0.0,0,0,0.0,0,0,0.0,,,,,,,,,,-0.494974,0.0486562,-6.51931,123.439,121.229,0.765304,-5.44525,-3.84112,-9.28637,0.0,0.0,0.0,0.0,0.0,0.0,0.0,0.0,,,0,
Kam Jones,Scoring PG,Sr,1.0,6-4,Marquette,BE,34,83.9,33.8029,19.2059,0.6471,3.8235,4.4706,5.8824,1.85290001768325,3.17469909,1.3824,0.2647,29.2,118.1,54.1,55.08,2025,74844,266,57,88,0.648,202,345,0.586,64,206,0.311,0.0,0.0,,157.0,245.0,0.6408,45.0,100.0,0.45,5.67465,4.12617,138.514,101.735,96.3432,201.222,6.79393,2.52141,9.31534,2.1,13.6,38.1,11.1,0.9,2.4,16.0,2.6,67.2,,551,0.482758620689655
Spencer Jones,Wing G,Sr,14.0,6-7,Stanford,P12,25,55.8,29.04,11.68,1.16,2.92,4.08,2.0,1.32000005676,1.51515145,1.44,0.8,19.8,110.5,55.8,57.15,2024,70664,99,40,62,0.645,45,94,0.479,54,132,0.409,5.0,5.0,1.0,33.0,56.0,0.5893,12.0,38.0,0.3158,2.60697,2.9536,114.965,104.273,100.68,146.088,3.41718,2.25824,5.67542,4.9,11.2,12.7,13.0,2.8,2.8,27.4,3.3,54.2,,226,0.438053097345133
Tyus Jones,Scoring PG,Fr,5.0,6-1,Duke,ACC,39,84.2,33.8974,11.8205,0.4872,3.0256,3.5128,5.5641,1.94870002785358,2.8552881,1.5128,0.0769,19.9,121.8,48.9,57.49,2015,37730,135,144,162,0.889,88,200,0.44,47,124,0.379,0.0,0.0,,51.0,87.0,0.5862,37.0,113.0,0.3274,4.78888,4.202,128.348,98.3377,91.4497,223.713,5.61301,2.78366,8.39666,1.8,9.9,27.5,17.4,0.2,2.7,50.0,1.4,98.6,24.0,324,0.416666666666667
Derrick Jones Jr.,Wing F,Fr,4.0,6-6,Radford,BSth,9,3.8,4.6667,1.0,0.2222,0.7778,1.0,0.1111,0.333299983335001,0.33333335,0.3333,0.0,21.5,62.1,30.0,30.0,2022,74712,4,0,0,0.0,3,7,0.429,1,8,0.125,0.0,1.0,0.0,3.0,5.0,0.6,0.0,2.0,0.0,-0.355252,0.533056,63.4597,95.2429,94.4796,9.47205,-8.2582,0.844659,-7.41354,5.4,21.9,5.2,20.5,0.0,4.4,0.0,5.7,,,15,0.266666666666667
DeAndre Jordan,,Fr,,6-11,Texas A&M,B12,34,48.1,20.0857,7.9429,1.8857,4.1143,6.0,0.4286,1.62859994779817,0.26317083,0.2,1.2571,22.1,99.3,60.5,57.42,2008,3116,107,52,115,0.452,107,177,0.605,0,0,0.0,,,,,,,,,,1.56226,2.86702,107.514,89.5765,84.9932,148.01,1.26768,2.83209,4.09977,11.0,22.0,4.4,21.8,6.5,0.5,65.0,3.8,97.8,35.0,177,0.604519774011299
Johnny Juzang,Wing G,Jr,3.0,6-7,UCLA,P12,30,66.9,31.7667,15.6333,0.7667,3.9667,4.7333,1.8,1.56670002083972,1.14891171,0.7333,0.1333,25.2,105.7,48.7,51.94,2022,71901,179,66,79,0.835,134,289,0.464,45,125,0.36,0.0,0.0,,46.0,70.0,0.6571,88.0,219.0,0.4018,3.50904,3.67811,117.895,98.1726,93.3353,160.709,3.21758,0.697095,3.91467,2.7,15.0,11.5,11.8,0.5,1.4,19.1,2.5,93.6,,414,0.432367149758454
Ryan Kalkbrenner,C,Sr,11.0,7-1,Creighton,BE,35,83.1,34.4457,19.2,2.4,6.2571,8.6571,1.5429,1.45710006168381,1.05888404,0.5429,2.6571,22.3,129.2,67.8,68.43,2025,72701,271,109,160,0.681,250,354,0.706,21,61,0.344,107.0,115.0,0.9304,221.0,278.0,0.795,29.0,76.0,0.3816,6.10461,4.56817,141.217,98.4497,93.2873,259.605,7.1654,3.96591,11.1313,8.8,18.4,10.0,11.2,7.3,0.9,38.6,1.6,76.4,,415,0.653012048192771
Miles Kelly,Wing G,Sr,13.0,6-6,Auburn,SEC,38,70.2,28.1895,11.3158,0.3421,3.3421,3.6842,1.0789,0.868399997031551,1.24239982,1.0263,0.3947,17.0,117.5,53.3,56.83,2025,75218,141,60,66,0.909,53,114,0.465,88,233,0.378,2.0,3.0,0.6667,34.0,65.0,0.5231,19.0,49.0,0.3878,3.1009,3.82187,121.584,101.538,92.5791,188.014,3.3072,2.81417,6.12137,1.4,13.1,6.4,10.5,1.5,2.1,19.0,3.1,76.2,,347,0.406340057636888
Luke Kennard,Wing G,So,5.0,6-6,Duke,ACC,37,88.8,35.5135,19.5135,1.1622,3.9189,5.0811,2.4595,1.59459991381186,1.54239316,0.8378,0.3514,23.0,127.3,57.9,62.91,2017,40143,237,160,187,0.856,149,284,0.525,88,201,0.438,3.0,3.0,1.0,55.0,87.0,0.6322,94.0,198.0,0.4747,6.41263,4.12945,139.829,103.155,96.2818,215.166,7.95111,1.39325,9.34435,3.9,12.1,13.6,11.2,0.9,1.4,38.6,2.5,96.0,12.0,485,0.488659793814433
Walker Kessler,C,So,13.0,7-1,Auburn,SEC,34,63.0,25.5588,11.4412,2.6176,5.4118,8.0294,0.8824,1.11759999100246,0.78954904,1.0882,4.5,19.0,122.6,62.7,62.69,2022,72687,163,53,89,0.596,153,218,0.702,10,50,0.2,79.0,81.0,0.9753,141.0,180.0,0.7833,12.0,38.0,0.3158,3.61345,4.25794,126.74,82.2972,78.6822,253.765,5.85745,7.35645,13.2139,10.9,22.1,7.0,12.9,18.8,2.4,33.2,4.1,96.0,22.0,268,0.608208955223881
Corey Kispert,Wing G,Sr,24.0,6-7,Gonzaga,WCC,32,79.2,31.8125,18.5938,0.9375,4.0312,4.9688,1.8125,1.31250000090517,1.38095238,0.9062,0.4375,20.7,131.2,64.4,67.38,2021,51050,209,86,98,0.878,118,188,0.628,91,207,0.44,9.0,9.0,1.0,98.0,130.0,0.7538,20.0,58.0,0.3448,5.75682,3.87834,137.61,95.9101,91.9853,196.228,8.73371,1.69451,10.4282,3.8,13.9,9.0,10.7,1.4,1.5,24.8,2.1,79.0,15.0,395,0.529113924050633
Bobi Klintman,Stretch 4,Fr,34.0,6-10,Wake Forest,ACC,33,51.0,20.5455,5.3333,1.0606,3.4848,4.5455,0.7879,0.969700018948472,0.81251932,0.4545,0.6061,15.1,102.6,50.0,52.81,2023,76512,61,26,35,0.743,33,74,0.446,28,76,0.368,13.0,14.0,0.9286,31.0,57.0,0.5439,2.0,17.0,0.1176,0.747409,2.09496,97.7935,103.122,99.6225,134.044,-0.612952,1.12509,0.512135,6.2,19.4,6.7,17.9,3.2,1.3,23.3,3.8,65.2,,150,0.406666666666667
Dalton Knecht,Wing G,Sr,3.0,6-6,Tennessee,SEC,36,76.6,30.6389,21.6111,0.7778,4.1111,4.8889,1.8056,1.69439990602349,1.06562801,0.6944,0.6389,29.8,114.5,53.8,57.72,2024,75441,264,157,204,0.77,171,343,0.499,93,234,0.397,29.0,34.0,0.8529,122.0,207.0,0.5894,49.0,136.0,0.3603,4.79228,4.17591,133.652,98.728,91.2986,196.381,7.76294,2.13839,9.90133,2.8,14.3,13.4,10.6,2.4,1.3,35.4,2.3,,,577,0.457538994800693
Kon Knueppel,Wing G,Fr,7.0,6-7,Duke,ACC,39,76.2,30.4872,14.4359,1.0256,2.9744,4.0,2.7436,1.35900002048209,2.01883735,1.0256,0.1538,20.9,130.7,59.0,64.15,2025,126925,181,117,128,0.914,97,171,0.567,84,207,0.406,2.0,5.0,0.4,77.0,122.0,0.6311,20.0,49.0,0.4082,5.17954,4.22844,138.739,97.536,91.8092,200.701,6.49004,2.98141,9.47145,4.3,10.3,15.7,12.9,0.6,2.0,33.9,2.8,97.0,,378,0.478835978835979
Tyler Kolek,Pure PG,Sr,11.0,6-3,Marquette,BE,31,68.8,32.9677,15.3226,0.7097,4.2258,4.9355,7.7097,2.87100001164085,2.68537094,1.5806,0.1613,26.6,118.4,56.3,60.03,2024,73416,174,80,94,0.851,127,230,0.552,47,121,0.388,0.0,0.0,,98.0,168.0,0.5833,29.0,62.0,0.4677,5.26879,4.10459,134.633,100.512,94.6966,196.029,6.39828,2.77479,9.17306,2.6,14.8,42.1,18.9,0.6,2.8,26.8,1.2,,,351,0.495726495726496
Christian Koloko,C,So,35.0,7-1,Arizona,P12,37,63.2,25.4324,12.5946,2.5676,4.7297,7.2973,1.3784,1.5945999977025,0.86441741,0.7568,2.7568,20.6,123.6,63.5,66.08,2022,71433,183,100,136,0.735,183,285,0.642,0,3,0.0,84.0,93.0,0.9032,145.0,196.0,0.7398,38.0,89.0,0.427,3.8427,3.73657,129.235,87.7147,84.7713,239.196,4.77635,4.61811,9.39446,12.2,18.0,9.8,16.7,10.3,1.6,47.2,4.4,63.0,33.0,288,0.635416666666667
John Konchar,Wing G,Sr,55.0,6-5,Fort Wayne,Sum,30,86.8,34.2727,19.4545,2.2121,6.3333,8.5455,5.4242,2.75760004220843,1.96700026,1.9697,0.9394,28.3,119.9,59.1,62.26,2019,37780,211,126,171,0.737,166,266,0.624,45,129,0.349,14.0,17.0,0.8235,127.0,181.0,0.7017,39.0,85.0,0.4588,4.96966,3.12708,128.719,103.475,103.496,241.372,6.40275,1.77073,8.17348,7.3,20.5,30.0,16.6,3.0,3.3,43.3,2.6,,,395,0.534177215189873
Luke Kornet,PF/C,Sr,3.0,7-1,Vanderbilt,SEC,35,78.4,31.4571,13.2286,1.5143,4.6857,6.2,1.2,1.28569990883423,0.93334377,0.5429,2.0286,21.9,109.9,48.0,54.66,2017,28728,145,120,140,0.857,92,195,0.472,53,162,0.327,29.0,31.0,0.9355,55.0,83.0,0.6627,37.0,112.0,0.3304,3.46955,4.0189,119.69,98.2551,92.842,223.462,3.77269,3.24475,7.01744,5.9,16.6,8.5,11.2,6.7,1.0,39.2,2.9,27.4,,357,0.406162464985994
Kyle Kuzma,PF/C,Jr,35.0,6-9,Utah,P12,27,69.6,30.8276,16.4138,2.7931,6.5517,9.3448,2.4483,2.13790021349225,1.14518909,0.6207,0.4828,26.7,112.8,53.9,56.34,2017,35219,167,81,121,0.669,142,255,0.557,25,78,0.321,13.0,13.0,1.0,106.0,153.0,0.6928,36.0,101.0,0.3564,3.99945,3.53972,125.093,98.7643,96.7777,163.806,5.06591,0.375361,5.44127,11.2,22.7,15.0,14.7,1.6,1.1,36.3,2.1,62.8,27.0,333,0.501501501501502
Jake LaRavia,Wing F,Jr,0.0,6-8,Wake Forest,ACC,33,79.4,34.1515,14.6061,2.0606,4.5152,6.5758,3.697,2.66669986637071,1.38635774,1.6667,0.9394,21.6,118.6,60.4,64.68,2022,70559,166,122,157,0.777,138,225,0.613,28,73,0.384,32.0,34.0,0.9412,99.0,147.0,0.6735,39.0,77.0,0.5065,4.49687,4.2321,123.919,95.1589,91.1446,242.556,4.48753,3.45902,7.94656,7.5,14.1,20.0,20.2,2.9,2.7,52.7,3.3,,19.0,298,0.557046979865772
Zach LaVine,Wing G,Fr,14.0,6-5,UCLA,P12,37,60.7,24.4324,9.4324,0.4865,2.0541,2.5405,1.7838,1.13510000617312,1.57149149,0.8919,0.1622,19.0,107.3,52.4,54.48,2014,31114,127,47,68,0.691,79,160,0.494,48,128,0.375,21.0,25.0,0.84,51.0,90.0,0.5667,28.0,68.0,0.4118,1.84098,2.59395,110.171,103.564,98.8807,148.504,1.46349,0.535932,1.99942,2.4,9.5,12.6,13.9,0.8,2.1,23.6,3.2,90.0,13.0,288,0.440972222222222
Jock Landale,C,Sr,34.0,6-11,Saint Mary's,WCC,36,82.4,33.3056,21.1389,2.9444,7.2222,10.1667,2.0,2.33330011491736,0.85715506,0.3889,1.0,30.1,125.7,64.4,66.84,2018,36673,301,156,209,0.746,298,460,0.648,3,10,0.3,58.0,64.0,0.9063,208.0,300.0,0.6933,90.0,160.0,0.5625,6.26632,3.69766,142.584,97.4358,97.4703,231.298,7.07686,1.24569,8.32255,12.5,26.6,13.5,14.6,3.2,0.7,44.5,3.6,,,470,0.640425531914894
Chaz Lanier,Wing G,Sr,2.0,6-5,Tennessee,SEC,38,78.4,31.3711,18.0,0.5,3.3947,3.8947,1.0526,1.10529992679987,0.9523207,0.8947,0.1316,24.9,115.5,54.0,55.97,2025,72930,243,75,99,0.758,120,253,0.474,123,311,0.395,8.0,11.0,0.7273,46.0,72.0,0.6389,74.0,181.0,0.4088,4.31422,4.32359,129.411,100.764,92.0613,189.451,5.77594,1.7502,7.52614,2.0,12.1,7.8,8.8,0.5,1.8,17.6,2.0,,,564,0.430851063829787
Pelle Larsson,Combo G,Sr,3.0,6-6,Arizona,P12,36,73.7,30.0,12.75,1.0556,3.0,4.0556,3.7222,1.88890008534051,1.97056479,0.9444,0.2222,19.1,121.0,59.2,62.18,2024,73366,163,87,116,0.75,117,206,0.568,46,108,0.426,11.0,12.0,0.9167,90.0,134.0,0.6716,27.0,72.0,0.375,3.7685,3.66784,125.406,100.331,94.7311,191.434,3.7464,2.53164,6.27804,3.9,10.6,20.1,17.9,0.8,1.7,36.9,3.5,62.4,,314,0.519108280254777
A.J. Lawson,Scoring PG,Sr,12.0,6-5,McNeese St.,Slnd,17,73.3,29.1304,11.7826,1.3478,3.7826,5.1304,5.4783,3.34779995039074,1.6363881,0.8696,0.1304,26.0,91.4,47.8,49.64,2021,48780,69,37,66,0.561,58,122,0.475,11,34,0.324,1.0,1.0,1.0,46.0,84.0,0.5476,12.0,38.0,0.3158,0.763201,1.09411,92.3373,110.127,117.104,92.79,-2.09587,-3.27637,-5.37224,5.3,14.9,33.9,27.7,0.4,1.4,42.3,3.4,10.2,,156,0.442307692307692
Caris LeVert,Combo G,Sr,23.0,6-7,Michigan,B10,14,31.0,31.0714,16.3571,0.6429,4.7857,5.4286,4.9286,1.5714000973684,3.13643865,0.9286,0.2143,26.0,126.8,59.0,63.14,2016,26551,75,52,66,0.788,48,90,0.533,27,60,0.45,9.0,9.0,1.0,36.0,48.0,0.75,12.0,42.0,0.2857,5.23015,3.21088,136.429,102.205,100.14,79.6485,7.75975,2.60305,10.3628,2.5,19.0,32.9,11.9,0.8,1.8,44.0,1.7,52.4,20.0,150,0.5
Kawhi Leonard,PF/C,So,15.0,6-6,San Diego St.,MWC,34,79.6,33.0,15.5588,3.1765,7.5294,10.7059,2.5588,2.20589996860894,1.15998007,1.4706,0.5882,27.7,108.7,46.3,50.78,2011,13395,198,110,145,0.759,175,371,0.472,23,81,0.284,19.0,19.0,1.0,78.0,98.0,0.7959,97.0,272.0,0.3566,4.17759,5.15728,123.012,85.3916,81.558,263.03,5.00299,3.27279,8.27578,11.4,25.9,16.4,15.1,1.9,2.8,32.1,3.1,88.8,15.0,452,0.438053097345133
E.J. Liddell,PF/C,Jr,32.0,6-7,Ohio St.,B10,32,82.4,33.2188,19.4062,2.25,5.6562,7.9062,2.375,2.46880005849445,0.96200581,0.5625,2.5,30.5,116.2,54.6,59.83,2022,70850,203,169,221,0.765,157,291,0.54,46,123,0.374,15.0,16.0,0.9375,58.0,83.0,0.6988,99.0,208.0,0.476,6.02282,3.88801,138.056,98.7707,93.4045,219.672,7.87725,2.50539,10.3826,8.9,19.1,16.1,15.1,8.2,1.0,53.4,3.0,91.4,41.0,414,0.490338164251208
Damian Lillard,Scoring PG,Jr,1.0,6-2,Weber St.,BSky,30,87.2,35.3,24.3667,0.5333,4.2667,4.8,4.1,2.30000000729268,1.78260869,1.5,0.2333,32.3,122.3,54.5,62.11,2012,4509,215,215,243,0.885,129,256,0.504,86,217,0.396,13.0,17.0,0.7647,98.0,169.0,0.5799,31.0,87.0,0.3563,6.32296,2.75997,137.966,101.836,103.535,200.205,9.05933,0.706884,9.76622,1.9,14.1,28.0,12.0,0.7,2.5,51.4,2.3,57.4,6.0,473,0.454545454545455
Dereck Lively II,C,Fr,1.0,7-1,Duke,ACC,34,48.5,20.6176,5.2059,2.1176,3.2941,5.4118,1.0882,0.676500037968425,1.60857345,0.5,2.4412,12.8,130.6,66.1,65.74,2023,76786,77,21,35,0.6,75,105,0.714,2,13,0.154,54.0,55.0,0.9818,74.0,96.0,0.7708,1.0,8.0,0.125,2.43258,3.1279,121.357,90.1043,85.3493,164.089,2.35433,6.63296,8.98729,12.3,17.8,9.8,15.7,12.8,1.5,29.7,5.2,100.0,12.0,118,0.652542372881356
Isaiah Livers,Wing F,Sr,2.0,6-7,Michigan,B10,23,64.6,31.6087,13.087,1.087,4.913,6.0,2.0,1.13039994171658,1.7692853,0.5652,0.7391,18.9,121.9,57.0,60.53,2021,50343,102,47,54,0.87,52,107,0.486,50,116,0.431,10.0,10.0,1.0,28.0,49.0,0.5714,24.0,58.0,0.4138,4.58951,4.12659,127.327,95.9651,89.4281,138.652,6.11848,3.02055,9.13903,4.5,16.6,11.6,11.3,2.3,1.1,24.2,2.0,73.6,42.0,223,0.457399103139013
Chris Livingston,Wing F,Fr,24.0,6-6,Kentucky,SEC,34,55.5,22.3824,6.3235,1.1176,3.0588,4.1765,0.7059,0.911800005716995,0.77418293,0.4412,0.3529,15.1,106.3,47.8,51.28,2023,77395,79,39,54,0.722,61,125,0.488,18,59,0.305,11.0,11.0,1.0,47.0,73.0,0.6438,14.0,52.0,0.2692,1.24205,2.40473,103.34,102.662,98.0406,127.455,0.356023,1.26831,1.62433,5.7,16.2,5.5,16.2,1.7,1.2,29.3,3.0,97.8,58.0,184,0.429347826086957
Kevon Looney,PF/C,Fr,5.0,6-9,UCLA,P12,36,76.8,30.9444,11.5556,3.3889,5.8056,9.1944,1.4167,1.25,1.13336,1.2778,0.8889,20.0,113.0,50.5,53.22,2015,36883,151,92,147,0.626,129,268,0.481,22,53,0.415,24.0,24.0,1.0,100.0,156.0,0.641,29.0,111.0,0.2613,3.40004,3.78196,119.258,96.2307,91.9367,242.473,4.43098,1.88494,6.31592,12.2,21.0,9.1,11.9,3.3,2.5,45.8,3.7,98.0,30.0,321,0.470404984423676
Brook Lopez,,So,,7-0,Stanford,P10,27,56.8,30.7407,19.2963,2.8519,5.3333,8.1852,1.3704,2.14809998878768,0.63795913,0.5926,2.0741,32.0,110.6,46.8,53.69,2008,1417,184,153,194,0.789,184,387,0.475,0,6,0.0,,,,,,,,,,5.36516,4.6065,135.985,90.0045,82.7728,176.862,7.39237,3.72693,11.1193,11.1,19.3,11.3,13.5,6.8,1.2,49.4,3.2,98.2,10.0,393,0.468193384223919
Caleb Love,Combo G,Sr,1.0,6-4,Arizona,B12,37,84.6,34.0703,17.2432,0.3514,4.0541,4.4054,3.4324,1.94589996711291,1.7639139,1.1622,0.2703,24.0,112.6,48.9,53.36,2025,72413,214,112,126,0.889,116,250,0.464,98,288,0.34,11.0,11.0,1.0,75.0,131.0,0.5725,41.0,119.0,0.3445,4.36209,4.0237,126.925,105.832,97.5146,215.735,5.03613,1.16539,6.20152,1.2,12.6,18.2,13.5,0.9,1.9,23.4,1.4,97.6,,538,0.397769516728625
Kevin Love,,Fr,,6-10,UCLA,P10,38,74.1,29.641,17.4615,3.641,7.0,10.641,1.9231,2.0,0.96155,0.6923,1.4359,27.2,127.0,59.2,64.24,2008,3038,220,193,251,0.769,191,314,0.608,29,82,0.354,,,,,,,,,,6.25055,4.76808,145.531,85.731,80.3968,256.442,10.7224,3.90194,14.6243,15.3,28.6,13.8,14.8,5.0,1.5,63.4,2.6,99.4,5.0,396,0.555555555555556
Khaman Maluach,C,Fr,9.0,7-2,Duke,ACC,39,53.1,21.2359,8.5897,2.7436,3.8462,6.5897,0.5128,0.769200053844004,0.66666662,0.2051,1.3077,16.8,143.1,72.3,73.6,2025,126927,136,59,77,0.766,132,175,0.754,4,16,0.25,81.0,91.0,0.8901,120.0,156.0,0.7692,12.0,19.0,0.6316,3.96228,3.25488,143.55,93.0731,87.6084,167.221,5.81418,2.86539,8.67957,16.5,19.2,4.3,13.0,6.8,0.6,40.3,3.9,99.0,,191,0.712041884816754
Sandro Mamukelashvili,Wing F,Sr,23.0,6-11,Seton Hall,BE,27,87.8,35.5926,17.5185,1.8519,5.7037,7.5556,3.2222,3.29630003364432,0.97752024,1.0741,0.5556,28.6,100.6,48.8,52.54,2021,50557,168,95,133,0.714,126,262,0.481,42,125,0.336,22.0,28.0,0.7857,100.0,179.0,0.5587,26.0,83.0,0.3133,3.92131,3.97478,117.447,100.51,94.626,184.236,4.40149,1.01545,5.41694,6.1,18.5,20.6,19.0,1.7,1.8,34.4,2.0,60.4,54.0,387,0.434108527131783
Terance Mann,Wing F,Sr,14.0,6-7,Florida St.,ACC,37,78.3,31.7297,11.4054,2.4865,4.0,6.4865,2.5405,1.7568001008841,1.44609509,0.6757,0.3243,18.4,119.6,55.7,60.3,2019,41748,147,98,124,0.79,117,214,0.547,30,77,0.39,38.0,41.0,0.9268,107.0,165.0,0.6485,10.0,49.0,0.2041,3.91616,3.92295,123.507,98.8553,93.3468,203.024,4.44084,2.17255,6.61338,9.1,14.3,15.6,17.3,1.2,1.2,42.6,2.8,80.2,48.0,291,0.505154639175258
Tre Mann,Wing G,So,1.0,6-5,Florida,SEC,24,76.2,31.9167,16.0417,0.6667,4.9583,5.625,3.4583,2.83330002432756,1.22059082,1.375,0.1667,25.9,109.9,53.6,57.93,2021,70993,133,74,89,0.831,88,178,0.494,45,112,0.402,0.0,0.0,,46.0,77.0,0.5974,47.0,111.0,0.4234,4.28035,3.83075,124.106,98.18,92.4867,154.151,4.6056,1.69765,6.30326,2.6,17.1,22.3,19.6,0.6,2.4,30.7,3.0,96.0,18.0,290,0.458620689655172
Lauri Markkanen,Stretch 4,Fr,10.0,7-0,Arizona,P12,37,77.0,30.8108,15.5676,2.3784,4.8108,7.1892,0.8649,1.08109999956251,0.8000185,0.4054,0.5135,21.5,130.1,58.4,63.45,2017,44973,185,137,164,0.835,116,213,0.545,69,163,0.423,20.0,24.0,0.8333,65.0,100.0,0.65,51.0,113.0,0.4513,5.35788,3.74637,137.906,99.0583,94.7503,203.764,7.63745,0.913317,8.55077,10.0,17.5,5.6,9.8,1.8,0.8,43.6,2.6,93.0,7.0,376,0.492021276595745
Naji Marshall,Wing G,Jr,13.0,6-7,Xavier,BE,31,84.6,35.6129,16.8387,1.129,5.1613,6.2903,4.0,3.3547999996142,1.19232145,1.2581,0.4194,26.6,100.6,49.6,52.99,2020,50704,190,98,138,0.71,146,273,0.535,44,154,0.286,13.0,13.0,1.0,91.0,132.0,0.6894,55.0,141.0,0.3901,3.46827,4.56008,113.973,95.4895,89.6963,218.977,3.04562,2.80714,5.85276,3.5,15.9,24.1,20.4,1.3,2.0,32.3,3.0,88.6,,427,0.444964871194379
Alijah Martin,Combo G,Sr,15.0,6-2,Florida,SEC,38,72.2,30.4,14.3684,1.2105,3.2632,4.4737,2.1579,1.44739991163207,1.49088029,1.4737,0.1842,20.6,121.3,54.7,57.65,2025,73134,189,89,117,0.761,110,192,0.573,79,226,0.35,28.0,35.0,0.8,89.0,134.0,0.6642,24.0,64.0,0.375,4.20266,4.1061,129.619,99.908,92.8543,212.534,5.37185,3.0954,8.46725,4.5,10.8,12.3,13.1,0.6,2.7,28.0,1.9,,,418,0.452153110047847
Caleb Martin,Wing G,Sr,10.0,6-7,Nevada,MWC,34,85.4,34.1471,19.2353,0.8824,4.2647,5.1471,2.7941,1.85289999307011,1.5079605,1.4412,0.7647,26.6,111.5,51.7,55.8,2019,46680,201,145,198,0.732,94,175,0.537,107,317,0.338,17.0,17.0,1.0,76.0,120.0,0.6333,18.0,55.0,0.3273,4.07178,4.36775,121.822,93.8568,92.5966,242.577,5.5565,2.18492,7.74142,2.9,13.5,16.2,11.5,2.6,2.4,40.2,2.9,88.0,,492,0.408536585365854
Cody Martin,Scoring PG,Sr,11.0,6-7,Nevada,MWC,34,86.1,34.4412,12.0588,0.9118,3.5294,4.4412,4.8529,1.8824000248499,2.57803864,1.3529,0.7059,18.4,119.0,56.4,59.58,2019,46681,151,74,97,0.763,117,203,0.576,34,95,0.358,14.0,15.0,0.9333,73.0,102.0,0.7157,44.0,101.0,0.4356,3.59771,4.24101,117.562,95.2508,93.9719,231.781,3.06446,3.02056,6.08501,3.0,11.1,25.6,16.7,2.3,2.2,32.6,2.9,85.6,36.0,298,0.506711409395973
Tyrese Martin,Wing F,Sr,4.0,6-6,Connecticut,BE,29,69.1,32.069,13.5517,2.3448,5.1724,7.5172,1.931,1.82760000258571,1.05657693,0.7931,0.4828,21.9,111.5,51.6,54.02,2022,66292,144,62,90,0.689,101,221,0.457,43,100,0.43,8.0,10.0,0.8,71.0,127.0,0.5591,30.0,94.0,0.3191,3.76818,3.74697,119.99,96.3846,93.0004,172.065,4.47601,0.925915,5.40192,8.1,17.9,12.1,15.7,1.6,1.5,28.0,2.6,56.2,51.0,321,0.448598130841121
Bennedict Mathurin,Wing G,So,0.0,6-6,Arizona,P12,37,80.6,32.4595,17.7027,1.3784,4.2432,5.6216,2.5405,1.78380006216794,1.4242067,0.973,0.2703,23.5,116.9,53.7,57.7,2022,73674,218,136,178,0.764,135,260,0.519,83,223,0.372,38.0,42.0,0.9048,111.0,174.0,0.6379,24.0,86.0,0.2791,4.61482,3.90021,126.646,95.7497,92.5367,226.24,5.74445,0.999729,6.74418,5.1,12.6,13.8,12.9,0.8,1.6,36.9,2.3,77.0,6.0,483,0.451345755693582
Tyrese Maxey,Combo G,Fr,3.0,6-3,Kentucky,SEC,31,85.4,34.4516,13.9677,0.3871,3.9032,4.2903,3.129,2.16129997945763,1.4477398,0.871,0.3871,22.1,104.7,47.4,53.06,2020,71900,150,100,120,0.833,117,238,0.492,33,113,0.292,7.0,10.0,0.7,71.0,109.0,0.6514,46.0,129.0,0.3566,3.06183,3.92658,111.159,98.2544,94.2307,186.724,1.94249,1.48844,3.43093,1.4,12.1,18.3,16.6,1.3,1.5,34.2,2.8,98.2,21.0,351,0.427350427350427
Miles McBride,Scoring PG,So,4.0,6-2,West Virginia,B12,29,84.3,34.1724,15.7931,1.1724,2.7241,3.8966,4.8621,1.82759995282318,2.66037433,1.8966,0.3103,23.0,117.9,49.3,54.34,2021,71636,156,100,123,0.813,110,252,0.437,46,111,0.414,8.0,8.0,1.0,43.0,72.0,0.5972,67.0,180.0,0.3722,5.32897,3.71413,130.777,101.25,95.5286,187.987,6.25678,2.58881,8.84559,3.7,9.2,28.6,13.2,1.0,3.2,33.9,2.0,40.2,36.0,363,0.429752066115702
Jared McCain,Wing G,Fr,0.0,6-3,Duke,ACC,36,79.0,31.5833,14.2778,0.7778,4.2222,5.0,1.8333,1.27779996427346,1.43473161,1.0833,0.0833,19.7,122.0,57.7,61.14,2024,79354,175,77,87,0.885,88,169,0.521,87,210,0.414,2.0,2.0,1.0,53.0,89.0,0.5955,35.0,80.0,0.4375,4.23808,3.87131,127.247,99.9159,95.2525,199.37,5.54015,2.04632,7.58647,3.0,15.3,10.7,12.2,0.3,2.0,23.0,2.0,97.6,,379,0.461741424802111
Mac McClung,Combo G,Jr,0.0,6-2,Texas Tech,B12,29,75.0,30.2759,15.5172,0.4138,2.2759,2.6897,2.1034,1.86210001201592,1.12958487,0.8276,0.3103,25.9,107.7,48.6,53.94,2021,65519,148,107,135,0.793,101,215,0.47,47,138,0.341,2.0,2.0,1.0,44.0,81.0,0.5432,57.0,134.0,0.4254,3.74999,3.55438,121.258,97.549,93.1313,143.711,3.66464,1.12406,4.7887,1.6,9.1,15.1,14.2,1.3,1.6,38.2,2.6,51.2,,353,0.419263456090652
T.J. McConnell,Pure PG,Sr,4.0,6-1,Arizona,P12,38,75.9,30.4737,10.3947,0.6579,3.1842,3.8421,6.2632,2.0525999717076,3.05134955,2.1842,0.0789,20.7,118.3,53.8,57.04,2015,18771,156,58,70,0.829,131,235,0.557,25,78,0.321,0.0,0.0,,60.0,85.0,0.7059,71.0,150.0,0.4733,3.86742,4.66229,124.067,87.3145,83.1671,245.528,5.50399,5.73561,11.2396,2.8,12.5,39.0,19.3,0.3,4.3,22.4,2.3,30.6,,313,0.498402555910543
Kevin McCullar Jr.,Wing G,Sr,15.0,6-7,Kansas,B12,25,64.5,34.2308,18.3462,0.7692,5.2308,6.0,4.1154,2.53850016954484,1.62119351,1.5,0.3846,27.1,107.5,50.6,56.39,2024,68379,151,115,142,0.81,113,224,0.504,38,112,0.339,9.0,10.0,0.9,85.0,138.0,0.6159,28.0,86.0,0.3256,4.21837,4.21395,124.3,100.09,94.8904,167.384,3.88537,2.30025,6.18562,2.8,15.7,21.8,15.1,1.1,2.4,42.3,2.3,0.2,,336,0.449404761904762
Jaden McDaniels,Stretch 4,Fr,4.0,6-9,Washington,P12,31,74.6,31.0323,12.9677,1.0968,4.6774,5.7742,2.0645,3.22579989915567,0.6399963,0.7742,1.2581,25.2,91.9,46.9,51.52,2020,71487,136,87,114,0.763,93,209,0.445,43,127,0.339,16.0,20.0,0.8,38.0,68.0,0.5588,55.0,141.0,0.3901,1.89099,3.81835,103.044,94.5189,91.5955,190.779,-0.250818,1.70852,1.4577,4.4,15.7,14.4,23.4,4.4,1.4,33.9,4.3,98.6,28.0,336,0.404761904761905
Doug McDermott,Stretch 4,Sr,3.0,6-8,Creighton,BE,35,84.4,33.7429,26.6857,1.6286,5.3429,6.9714,1.5714,1.77139992640472,0.88709499,0.2286,0.1429,32.8,124.4,60.3,64.43,2014,14955,330,178,206,0.864,234,413,0.567,96,214,0.449,9.0,9.0,1.0,159.0,229.0,0.6943,75.0,183.0,0.4098,7.36282,3.36736,151.192,104.837,100.924,195.464,11.104,-0.93424,10.1698,6.4,17.8,11.5,9.8,0.5,0.4,32.9,2.3,69.2,11.0,627,0.526315789473684
Bryce McGowens,Wing G,Fr,5.0,6-7,Nebraska,B10,31,79.1,33.2903,16.8387,0.7097,4.4839,5.1935,1.3871,2.0968001206654,0.66153182,0.7097,0.3226,26.2,100.1,45.3,53.31,2022,74959,160,162,195,0.831,120,251,0.478,40,146,0.274,18.0,19.0,0.9474,91.0,162.0,0.5617,29.0,89.0,0.3258,3.02036,2.74662,112.071,108.844,103.142,179.405,2.15716,-1.30791,0.849251,2.4,14.6,8.6,13.4,1.0,1.2,49.1,2.4,94.8,40.0,397,0.403022670025189
Jordan McLaughlin,Pure PG,Sr,11.0,6-1,USC,P12,36,87.0,35.2778,12.7778,0.7222,2.9444,3.6667,7.8056,2.55559987358856,3.05431225,2.0,0.2222,22.4,116.7,52.5,56.09,2018,38610,159,88,118,0.746,105,218,0.482,54,136,0.397,3.0,4.0,0.75,66.0,125.0,0.528,39.0,93.0,0.4194,4.28176,3.806,123.262,101.885,98.2755,240.321,4.94513,2.17658,7.12171,2.5,9.9,38.5,18.9,0.7,3.3,33.3,1.2,91.6,,354,0.449152542372881
Liam McNeeley,Wing F,Fr,30.0,6-7,Connecticut,BE,27,61.1,32.1185,14.5185,0.9259,5.037,5.963,2.2593,1.85189998520398,1.21999029,0.5556,0.2222,24.2,109.5,45.5,52.93,2025,127322,118,110,127,0.866,72,165,0.436,46,145,0.317,4.0,4.0,1.0,51.0,105.0,0.4857,21.0,60.0,0.35,3.24717,3.38342,119.319,105.625,101.0,136.621,2.06145,0.0423089,2.10376,3.7,18.7,13.1,14.8,0.8,1.1,41.0,2.5,96.6,,310,0.380645161290323
De'Anthony Melton,Combo G,Fr,22.0,6-4,USC,P12,36,67.3,27.0,8.3333,1.3889,3.3333,4.7222,3.4722,1.77780000582462,1.95308808,1.9167,1.0278,19.1,108.0,48.3,53.05,2017,47673,101,77,109,0.706,80,157,0.51,21,74,0.284,18.0,22.0,0.8182,67.0,107.0,0.6262,13.0,51.0,0.2549,1.98624,3.26437,109.065,99.2402,94.8282,219.037,2.19192,4.11049,6.30241,6.0,13.6,22.5,19.7,3.9,4.1,47.2,3.3,73.4,46.0,231,0.437229437229437
Sam Merrill,Scoring PG,Sr,5.0,6-5,Utah St.,MWC,32,86.3,34.9375,19.6562,0.1875,3.9062,4.0938,3.875,1.5625,2.48,0.875,0.125,24.1,125.9,56.6,62.55,2020,47902,195,150,168,0.893,106,206,0.515,89,217,0.41,0.0,1.0,0.0,68.0,117.0,0.5812,38.0,89.0,0.427,5.79219,3.97039,133.678,96.7855,94.2072,198.617,7.30432,1.84581,9.15013,0.6,12.0,24.0,10.9,0.4,1.5,39.7,2.6,14.4,60.0,423,0.460992907801418
Khris Middleton,Wing F,Jr,22.0,6-7,Texas A&M,B12,19,44.3,29.0526,13.1579,1.3684,3.7368,5.1053,2.1579,2.1579,1.0,0.9474,0.2632,28.6,96.0,45.1,48.32,2012,12631,96,39,52,0.75,77,160,0.481,19,74,0.257,2.0,3.0,0.6667,24.0,39.0,0.6154,53.0,121.0,0.438,2.4448,3.58719,110.111,96.8178,90.5318,98.5027,3.89037,1.53836,5.42874,5.7,15.8,19.0,16.5,1.1,2.1,22.2,2.7,79.8,39.0,234,0.41025641025641
Brandon Miller,Stretch 4,Fr,24.0,6-9,Alabama,SEC,37,80.0,32.6486,18.8108,2.0541,6.1892,8.2432,2.0541,2.18919988117508,0.93828801,0.8919,0.8649,25.0,117.0,53.3,58.32,2023,76221,222,146,170,0.859,116,240,0.483,106,276,0.384,23.0,26.0,0.8846,85.0,147.0,0.5782,31.0,93.0,0.3333,4.9355,4.80091,131.678,90.9723,85.9946,263.132,7.33257,3.62961,10.9622,6.7,17.7,12.7,14.7,2.4,1.5,32.9,2.9,97.2,2.0,516,0.430232558139535
Emanuel Miller,Wing G,Sr,2.0,6-7,TCU,B12,34,80.4,32.6471,15.7941,2.1765,3.9118,6.0882,2.5294,1.49999993476714,1.68626674,1.0882,0.4118,21.8,121.1,52.6,57.92,2024,70343,189,128,157,0.815,158,308,0.513,31,81,0.383,12.0,15.0,0.8,118.0,194.0,0.6082,40.0,114.0,0.3509,4.49985,3.56353,128.882,102.482,98.6577,191.347,5.27299,1.13098,6.40397,7.6,14.3,14.7,11.9,1.4,1.9,40.4,1.9,71.0,,389,0.48586118251928
Jordan Miller,Wing G,Sr,11.0,6-7,Miami FL,ACC,37,86.9,34.8919,15.2973,2.0541,4.1622,6.2162,2.6757,1.32430007286496,2.02046353,1.2162,0.4054,20.0,127.2,58.5,61.61,2023,66295,218,98,125,0.784,186,309,0.602,32,91,0.352,18.0,18.0,1.0,139.0,203.0,0.6847,47.0,106.0,0.4434,5.38985,3.43765,131.898,105.048,100.742,227.407,5.79769,1.10803,6.90572,7.2,14.0,14.1,11.1,1.3,2.0,31.3,2.0,,48.0,400,0.545
Riley Minix,Stretch 4,Sr,22.0,6-7,Morehead St.,OVC,31,87.3,33.8,20.9429,3.0286,6.6286,9.6571,2.1714,2.31429999400908,0.93825347,1.3143,1.0,28.1,122.7,60.4,63.95,2024,78960,242,120,145,0.828,190,292,0.651,52,152,0.342,20.0,20.0,1.0,130.0,171.0,0.7602,60.0,121.0,0.4959,5.1801,3.73063,131.347,97.3126,99.774,221.047,6.88976,1.18719,8.07695,9.7,21.1,14.4,15.3,3.1,2.1,32.7,2.7,,,444,0.545045045045045
Josh Minott,PF/C,Fr,20.0,6-8,Memphis,Amer,33,36.7,14.6667,6.5758,1.5758,2.1818,3.7576,0.9394,0.9394,1.0,0.8182,0.6667,21.7,114.5,52.8,57.14,2022,75027,83,49,65,0.754,81,145,0.559,2,14,0.143,25.0,29.0,0.8621,71.0,113.0,0.6283,10.0,32.0,0.3125,1.90205,1.95656,122.771,92.9083,88.9535,110.884,3.7021,3.08695,6.78906,12.8,15.7,12.8,16.5,5.4,3.1,40.9,4.8,91.6,45.0,159,0.522012578616352
Yves Missi,C,Fr,21.0,7-0,Baylor,B12,33,54.7,22.9706,10.7353,2.6176,2.9706,5.5882,0.3824,1.14709993847237,0.33336241,0.5882,1.5,21.9,120.3,61.3,62.14,2024,77857,136,83,134,0.619,136,222,0.613,0,0,0.0,59.0,67.0,0.8806,116.0,165.0,0.703,20.0,57.0,0.3509,3.39148,2.69666,131.923,102.411,96.1109,144.934,4.12361,1.70931,5.83293,14.4,16.3,3.5,13.9,7.1,1.4,60.4,4.2,92.6,,222,0.612612612612613
Ajay Mitchell,Scoring PG,Jr,13.0,6-5,UC Santa Barbara,BW,27,74.9,31.5172,20.0,0.2414,3.7931,4.0345,3.9655,2.55170004578389,1.55406197,1.1724,0.3793,31.1,113.4,53.1,60.04,2024,74476,182,153,178,0.86,152,291,0.522,30,80,0.375,2.0,2.0,1.0,91.0,153.0,0.5948,61.0,138.0,0.442,4.3546,2.51045,127.614,105.503,108.071,157.254,4.58339,0.158345,4.74174,0.9,13.0,28.7,15.6,1.3,2.1,48.0,3.3,,,371,0.490566037735849
Davion Mitchell,Pure PG,Jr,45.0,6-2,Baylor,B12,30,80.8,32.4667,14.0667,0.4667,2.2,2.6667,5.5,2.43330001688445,2.26030492,1.9,0.3667,21.6,122.1,61.3,62.0,2021,51367,158,43,66,0.652,95,168,0.565,63,141,0.447,2.0,2.0,1.0,70.0,111.0,0.6306,25.0,57.0,0.4386,5.11186,4.07299,130.819,95.1321,90.9519,184.339,6.31114,3.21319,9.52434,1.7,8.1,28.3,20.1,1.3,3.4,21.4,2.9,88.4,9.0,309,0.511326860841424
Evan Mobley,C,Fr,4.0,7-0,USC,P12,33,83.6,33.9394,16.3636,2.7273,5.9394,8.6667,2.3939,2.24240000253287,1.06756154,0.7879,2.8485,23.4,119.4,59.5,62.4,2021,72870,197,134,193,0.694,185,301,0.615,12,40,0.3,63.0,66.0,0.9545,113.0,144.0,0.7847,72.0,157.0,0.4586,5.41028,5.00059,131.891,90.38,84.1517,256.359,7.31914,5.31963,12.6388,9.7,18.8,14.1,16.6,8.7,1.4,56.6,2.1,99.6,3.0,341,0.577712609970675
Jonathan Mogbo,C,Jr,10.0,6-9,San Francisco,WCC,33,72.9,28.9412,14.2353,3.3529,6.8235,10.1765,3.6176,1.76470007454902,2.04998008,1.5882,0.8235,24.5,128.0,62.5,63.89,2024,77296,198,71,102,0.696,198,315,0.629,0,2,0.0,86.0,94.0,0.9149,172.0,232.0,0.7414,26.0,83.0,0.3133,4.64255,4.07521,134.485,91.0163,90.2781,231.908,6.49686,3.99284,10.4897,14.3,29.6,24.3,14.7,3.4,3.2,32.2,3.6,,,317,0.624605678233438
Malik Monk,Combo G,Fr,5.0,6-3,Kentucky,SEC,38,79.9,32.0526,19.8421,0.3158,2.1842,2.5,2.2895,2.0,1.14475,0.9474,0.5,25.1,115.7,54.3,58.59,2017,45276,251,148,180,0.822,147,296,0.497,104,262,0.397,24.0,28.0,0.8571,72.0,111.0,0.6486,75.0,187.0,0.4011,4.66707,3.94126,129.891,99.9136,94.239,210.41,6.03376,1.8408,7.87455,1.1,7.2,13.3,13.3,1.5,1.6,32.3,2.4,98.0,11.0,558,0.449820788530466
Moses Moody,Wing G,Fr,5.0,6-6,Arkansas,SEC,32,84.2,33.8125,16.8438,2.0,3.75,5.75,1.5625,1.6250000026,0.96153846,1.0,0.6562,21.6,116.0,50.3,56.81,2021,72944,165,151,186,0.812,107,224,0.478,58,162,0.358,10.0,11.0,0.9091,62.0,110.0,0.5636,45.0,114.0,0.3947,4.36811,4.07135,122.631,97.3739,92.4201,203.79,4.5333,1.61642,6.14972,6.3,11.8,8.0,11.8,2.0,1.6,48.2,2.7,91.4,14.0,386,0.427461139896373
Wendell Moore Jr.,Combo G,Jr,0.0,6-5,Duke,ACC,39,84.6,33.9487,13.4103,1.2051,4.0513,5.2564,4.4103,1.94870005031148,2.26320105,1.359,0.2051,20.3,121.1,56.9,60.53,2022,71625,188,95,118,0.805,136,250,0.544,52,126,0.413,14.0,18.0,0.7778,94.0,146.0,0.6438,42.0,103.0,0.4078,4.82205,3.80097,126.463,100.399,95.0287,235.363,5.38204,1.94645,7.32849,4.3,12.4,21.7,16.6,0.6,2.3,31.4,1.9,94.4,26.0,376,0.5
Ja Morant,Pure PG,So,12.0,6-3,Murray St.,OVC,31,93.5,36.6061,24.4848,1.2121,4.4848,5.697,9.9394,5.15150036294874,1.92941848,1.7576,0.8182,36.0,115.6,54.7,60.77,2019,50678,250,211,259,0.815,194,356,0.545,56,152,0.368,28.0,31.0,0.9032,160.0,264.0,0.6061,34.0,92.0,0.3696,6.42415,4.14161,136.934,97.0275,97.5618,228.668,8.27698,1.67621,9.95319,4.1,12.6,51.4,22.0,2.2,2.4,51.0,1.6,,2.0,508,0.492125984251969
Monté Morris,Scoring PG,So,11.0,6-2,Iowa St.,B12,34,84.8,33.9118,11.9412,0.7059,2.7353,3.4412,5.1765,1.11759999911395,4.63180029,1.8824,0.4412,17.7,126.2,55.9,58.61,2015,38703,155,64,85,0.753,123,225,0.547,32,81,0.395,2.0,2.0,1.0,71.0,110.0,0.6455,52.0,115.0,0.4522,4.91927,3.92039,129.178,98.9761,94.0868,222.707,5.5927,3.62598,9.21868,2.5,8.6,27.4,10.7,1.3,3.2,27.8,1.6,83.6,51.0,306,0.506535947712418
Trey Murphy III,Wing F,Jr,25.0,6-9,Virginia,ACC,25,73.5,29.56,11.28,0.6,2.8,3.4,1.2,0.759999960733335,1.57894745,0.8,0.44,17.3,127.9,63.9,66.99,2021,65675,96,38,41,0.927,44,71,0.62,52,120,0.433,23.0,24.0,0.9583,33.0,47.0,0.7021,11.0,24.0,0.4583,4.26661,3.28738,127.06,100.979,95.0464,116.001,5.25197,1.95325,7.20522,2.8,11.7,8.2,9.8,1.8,1.8,21.5,2.7,,17.0,191,0.50261780104712
Dejounte Murray,Combo G,Fr,5.0,6-4,Washington,P12,34,82.2,33.5,16.1176,1.4118,4.5588,5.9706,4.4706,3.23529996671345,1.38181932,1.8235,0.2941,26.0,97.8,45.1,48.51,2016,40260,202,110,166,0.663,168,368,0.457,34,118,0.288,14.0,17.0,0.8235,100.0,166.0,0.6024,68.0,201.0,0.3383,2.44363,3.80769,109.328,100.785,96.5625,243.083,1.61655,1.24165,2.85821,4.1,13.7,25.7,19.0,0.8,2.8,34.2,3.2,90.4,29.0,486,0.415637860082305
Jamal Murray,Wing G,Fr,23.0,6-4,Kentucky,SEC,36,87.1,35.1944,20.0,1.4722,3.6944,5.1667,2.1944,2.33330004503278,0.94047056,0.9722,0.3056,25.4,118.0,55.9,59.0,2016,41317,244,119,152,0.783,131,261,0.502,113,277,0.408,18.0,19.0,0.9474,77.0,111.0,0.6937,54.0,150.0,0.36,5.41929,3.99868,132.758,101.145,96.8367,209.711,8.01444,0.898452,8.91289,4.9,11.1,12.1,15.3,0.9,1.6,28.3,2.4,98.2,7.0,538,0.453531598513011
Keegan Murray,Stretch 4,So,15.0,6-8,Iowa,B10,35,77.0,31.8857,23.4857,2.8571,5.8,8.6571,1.4857,1.11430000767792,1.33330341,1.2857,1.9429,28.1,131.2,61.4,63.8,2022,73465,307,142,190,0.747,241,388,0.621,66,166,0.398,63.0,67.0,0.9403,196.0,277.0,0.7076,45.0,111.0,0.4054,7.09296,3.90214,149.962,95.8768,91.8783,255.59,12.5959,2.39397,14.9899,9.8,20.2,10.1,7.1,6.4,2.3,34.3,2.3,35.6,4.0,554,0.554151624548736
Kris Murray,Stretch 4,Jr,24.0,6-8,Iowa,B10,29,75.6,34.7931,20.2069,2.7586,5.1724,7.931,2.0,1.48280000921708,1.34879956,1.0345,1.1724,25.6,118.5,54.8,57.22,2023,72239,217,86,118,0.729,151,259,0.583,66,197,0.335,17.0,22.0,0.7727,126.0,188.0,0.6702,25.0,71.0,0.3521,5.6366,3.56058,134.32,104.545,99.4846,194.329,7.89322,0.0859165,7.97913,8.5,17.8,11.7,9.5,3.4,1.7,25.9,2.4,35.8,23.0,456,0.475877192982456
Collin Murray-Boyles,Wing F,So,30.0,6-8,South Carolina,SEC,32,75.9,30.6156,16.8125,2.2188,6.0312,8.25,2.4062,2.43750006014736,0.98715895,1.4688,1.3438,27.0,115.8,59.9,62.95,2025,79239,198,133,188,0.707,189,304,0.622,9,34,0.265,26.0,30.0,0.8667,159.0,228.0,0.6974,30.0,76.0,0.3947,4.52873,4.16614,132.741,99.1215,92.257,221.514,6.56326,4.5541,11.1174,8.8,23.8,21.1,17.6,4.7,2.9,55.6,3.3,82.2,,338,0.585798816568047
Pete Nance,Stretch 4,Sr,32.0,6-11,North Carolina,ACC,30,67.4,30.2,9.9667,1.1667,4.8333,6.0,1.6667,1.6667,1.0,0.3667,1.1333,17.7,106.2,49.1,54.7,2023,66212,98,71,87,0.816,66,132,0.5,32,100,0.32,5.0,9.0,0.5556,23.0,40.0,0.575,43.0,92.0,0.4674,2.03255,3.44583,107.03,100.511,95.6634,168.76,1.30638,2.26074,3.56712,4.3,17.7,10.3,17.9,3.7,0.7,37.5,3.1,82.6,,232,0.422413793103448
Larry Nance Jr.,Wing F,Sr,22.0,6-8,Wyoming,MWC,29,77.3,34.9032,16.0645,1.4194,5.8065,7.2258,2.4516,2.25809995957139,1.08569153,1.1935,1.1935,27.9,106.3,52.7,57.66,2015,20039,176,113,144,0.785,162,306,0.529,14,41,0.341,46.0,50.0,0.92,93.0,118.0,0.7881,69.0,188.0,0.367,3.6941,4.33077,117.739,91.6832,91.8035,203.468,3.6465,2.75512,6.40162,6.2,20.5,19.7,15.9,4.3,2.3,41.5,2.6,,27.0,347,0.507204610951009
Andrew Nembhard,Scoring PG,Sr,3.0,6-5,Gonzaga,WCC,32,80.4,32.1562,11.8438,0.4375,2.9375,3.375,5.75,1.93749999705163,2.96774194,1.5938,0.125,19.6,117.3,53.4,56.38,2022,66098,140,48,55,0.873,89,177,0.503,51,133,0.383,2.0,3.0,0.6667,47.0,77.0,0.6104,42.0,100.0,0.42,3.93606,4.21603,120.673,92.1611,89.6138,204.098,3.69506,2.97762,6.67269,1.6,8.7,26.3,16.6,0.4,2.7,17.7,2.5,95.6,31.0,310,0.451612903225806
Ryan Nembhard,Pure PG,Sr,0.0,6-0,Gonzaga,WCC,35,86.8,35.0829,10.5429,0.2857,2.6857,2.9714,9.8286,2.45709993044617,4.00008151,1.7143,0.0571,20.1,119.5,51.0,54.7,2025,74682,132,67,87,0.77,94,202,0.465,38,94,0.404,0.0,0.0,,50.0,86.0,0.5814,44.0,116.0,0.3793,4.14033,4.27627,124.154,100.563,96.2758,219.281,4.72271,2.37306,7.09577,1.0,8.3,41.5,19.9,0.2,2.8,29.4,1.8,86.6,,296,0.445945945945946
Aaron Nesmith,Wing G,So,24.0,6-6,Vanderbilt,SEC,14,38.8,35.7143,23.0,0.7857,4.0714,4.8571,0.9286,1.71429999792128,0.54167882,1.4286,0.8571,23.7,125.1,65.9,68.53,2020,66174,105,52,63,0.825,45,90,0.5,60,115,0.522,6.0,6.0,1.0,29.0,52.0,0.5577,16.0,38.0,0.4211,5.5293,2.71911,130.755,105.59,105.008,92.9536,8.6345,0.281324,8.91583,2.5,13.9,6.9,11.6,2.6,2.3,30.7,3.1,87.4,14.0,205,0.51219512195122
Asa Newell,PF/C,Fr,14.0,6-11,Georgia,SEC,33,72.5,29.0152,15.4242,3.3333,3.5455,6.8788,0.8788,1.12119999734117,0.78380307,1.0,0.9697,23.0,127.8,58.0,61.16,2025,127550,191,101,135,0.748,165,263,0.627,26,89,0.292,57.0,64.0,0.8906,137.0,188.0,0.7287,28.0,75.0,0.3733,5.09114,3.56444,140.345,102.72,96.3764,172.895,7.18412,1.39153,8.57565,14.0,13.5,6.7,9.8,3.8,2.0,38.4,3.3,98.0,,352,0.542613636363636
Georges Niang,Wing F,Sr,31.0,6-8,Iowa St.,B12,35,82.1,33.2,20.5143,1.3143,4.9143,6.2286,3.3429,2.62859985842408,1.27174168,0.8857,0.6286,28.0,116.9,60.0,62.49,2016,25519,283,96,119,0.807,227,375,0.605,56,143,0.392,4.0,4.0,1.0,129.0,169.0,0.7633,98.0,206.0,0.4757,5.58008,3.57813,136.876,103.73,98.5285,220.909,6.65022,1.29779,7.94802,4.8,15.6,19.2,15.8,1.8,1.5,23.0,3.8,86.0,50.0,518,0.546332046332046
Zeke Nnaji,PF/C,Fr,22.0,6-11,Arizona,P12,32,75.8,30.5625,16.0938,3.0938,5.5312,8.625,0.8438,2.18749995949314,0.38573715,0.7188,0.875,24.1,116.1,57.8,62.96,2020,70422,179,152,200,0.76,174,297,0.586,5,17,0.294,34.0,38.0,0.8947,125.0,189.0,0.6614,49.0,108.0,0.4537,4.43207,4.2086,127.459,91.3303,87.3467,207.473,4.90537,1.93062,6.836,11.5,20.4,5.8,16.9,3.3,1.3,63.7,3.1,92.2,22.0,314,0.570063694267516
Royce O'Neale,Wing G,Sr,0.0,6-6,Baylor,B12,33,79.7,32.1212,10.0909,2.0,3.8485,5.8485,3.4242,1.66669997600462,2.05447894,1.1515,0.3333,17.2,123.1,55.9,59.72,2015,21436,108,68,88,0.773,59,125,0.472,49,112,0.438,3.0,4.0,0.75,53.0,88.0,0.6023,8.0,38.0,0.2105,4.17945,3.94262,125.155,96.5234,91.7623,178.636,5.92689,3.21435,9.14124,7.3,13.7,21.8,19.2,1.2,2.3,37.1,2.8,,,237,0.455696202531646
Josh Okogie,Wing G,So,5.0,6-4,Georgia Tech,ACC,24,67.9,36.375,18.2083,2.25,4.0,6.25,2.4583,2.5416997781402,0.9671874,1.75,0.9583,26.8,107.9,47.5,55.04,2018,46259,133,133,162,0.821,95,220,0.432,38,100,0.38,16.0,17.0,0.9412,68.0,127.0,0.5354,27.0,93.0,0.2903,4.48377,4.27,123.507,100.756,95.7928,163.453,5.16429,1.93945,7.10375,7.3,13.1,15.6,15.7,2.8,2.9,50.6,3.2,63.8,20.0,320,0.415625
Onyeka Okongwu,C,Fr,21.0,6-9,USC,P12,28,68.4,30.6429,16.2857,3.2857,5.3571,8.6429,1.0714,1.99999992533134,0.53570002,1.2143,2.7143,23.4,119.1,61.9,64.6,2020,71269,176,103,143,0.72,175,281,0.623,1,4,0.25,58.0,61.0,0.9508,135.0,186.0,0.7258,39.0,94.0,0.4149,4.59449,4.48877,129.129,87.5848,84.5605,212.781,6.17368,4.70972,10.8834,12.4,18.4,8.4,15.9,9.8,2.3,50.2,3.5,95.2,6.0,285,0.617543859649123
Isaac Okoro,Wing G,Fr,23.0,6-6,Auburn,SEC,28,69.3,31.4286,12.8571,1.8929,2.5357,4.4286,2.0357,1.96429995556033,1.03634885,0.9286,0.8929,20.0,112.8,55.3,58.51,2020,70647,125,90,134,0.672,105,174,0.603,20,70,0.286,19.0,23.0,0.8261,101.0,149.0,0.6779,4.0,25.0,0.16,3.22457,3.40378,115.701,100.236,95.294,154.441,3.2619,2.03186,5.29376,6.4,8.8,13.1,17.6,3.1,1.7,54.9,3.5,93.0,5.0,244,0.512295081967213
Lachlan Olbrich,PF/C,Fr,30.0,6-10,UC Riverside,BW,33,69.2,27.8235,11.4118,2.4706,3.5294,6.0,1.4412,1.85290000192335,0.77780776,0.6765,0.5,23.6,101.9,49.8,50.96,2023,76638,150,55,99,0.556,133,256,0.52,17,62,0.274,7.0,7.0,1.0,103.0,193.0,0.5337,30.0,63.0,0.4762,1.90165,2.49127,107.035,102.486,103.285,166.669,0.18485,-0.2831,-0.0982503,10.0,15.8,10.9,16.6,1.9,1.5,31.1,4.5,20.2,,318,0.471698113207547
Kelly Olynyk,PF/C,Jr,13.0,7-0,Gonzaga,WCC,31,60.3,26.4516,18.0645,2.4194,4.8387,7.2581,1.6774,2.41939997034526,0.6933124,0.6774,1.129,30.4,123.5,64.4,67.83,2013,11882,210,131,168,0.78,201,304,0.661,9,29,0.31,25.0,28.0,0.8929,152.0,212.0,0.717,48.0,91.0,0.5275,5.41017,3.64964,144.188,89.4414,86.1418,173.399,10.4448,3.17511,13.6199,11.8,20.1,15.1,18.4,5.1,1.6,50.5,3.5,,13.0,333,0.630630630630631
Gary Payton II,Scoring PG,Sr,1.0,6-3,Oregon St.,P12,31,86.0,34.3871,15.9677,2.3871,5.5161,7.9032,5.0,2.25810002948672,2.21425089,2.4839,0.4516,26.5,110.7,51.0,52.99,2016,37314,199,75,116,0.647,177,343,0.516,22,69,0.319,35.0,36.0,0.9722,133.0,204.0,0.652,44.0,139.0,0.3165,4.49996,4.51928,125.633,96.9177,92.0461,245.728,6.51499,4.09352,10.6085,7.7,18.2,32.6,14.4,1.5,4.2,28.2,3.0,,,412,0.483009708737864
Micah Peavy,Wing F,Sr,5.0,6-8,Georgetown,BE,32,87.1,36.9969,17.1875,1.6562,4.125,5.7812,3.5625,2.59380007444807,1.37346746,2.3125,0.5,24.5,108.3,53.8,55.2,2025,73292,219,60,91,0.659,167,325,0.514,52,130,0.4,33.0,38.0,0.8684,107.0,179.0,0.5978,60.0,146.0,0.411,3.54819,4.43706,117.418,99.8747,97.217,237.934,2.59465,2.70579,5.30044,5.0,13.2,19.9,16.8,1.6,3.7,20.0,3.2,91.8,,455,0.481318681318681
Taelon Peter,Wing G,Sr,2.0,6-4,Liberty,CUSA,32,57.9,22.6714,13.6857,0.3143,3.7143,4.0286,1.0286,0.600000036165664,1.71433323,0.9143,0.1143,20.8,132.3,71.5,72.76,2025,127101,146,64,83,0.771,75,99,0.758,71,155,0.458,21.0,22.0,0.9545,73.0,93.0,0.7849,2.0,7.0,0.2857,3.66143,2.77131,135.334,96.2908,97.2991,145.313,6.99581,2.15048,9.14629,1.4,18.3,9.9,8.1,0.4,2.3,32.7,3.7,,,254,0.574803149606299
Drew Peterson,Wing F,Sr,13.0,6-9,USC,P12,33,89.2,35.8182,13.8788,0.8788,5.3636,6.2424,4.3333,2.72729985934703,1.58886086,1.0606,0.7273,22.7,104.6,50.7,54.17,2023,65674,164,82,109,0.752,116,237,0.489,48,134,0.358,12.0,12.0,1.0,49.0,70.0,0.7,67.0,167.0,0.4012,3.38641,4.14682,114.58,98.7013,95.7397,222.23,3.40401,1.4202,4.82421,3.0,15.6,23.9,19.6,2.2,1.7,29.4,1.9,34.2,,371,0.442048517520216
Julian Phillips,Wing F,Fr,2.0,6-8,Tennessee,SEC,32,53.2,24.0312,8.3125,1.7812,2.9062,4.6875,1.4375,1.2812000510234,1.12199496,0.625,0.5312,19.5,110.4,44.0,53.62,2023,77450,79,97,118,0.822,68,146,0.466,11,46,0.239,13.0,16.0,0.8125,53.0,90.0,0.5889,15.0,56.0,0.2679,2.25181,3.56796,114.34,89.9902,86.276,139.1,1.30828,3.15424,4.46252,8.4,13.9,11.4,16.7,2.9,1.6,61.5,2.9,97.6,35.0,192,0.411458333333333
Jalen Pickett,Scoring PG,Sr,22.0,6-4,Penn St.,B10,37,89.8,36.5135,17.7027,1.1622,6.2432,7.4054,6.5676,2.27029998919122,2.89283356,0.9459,0.5135,29.3,118.7,55.2,57.65,2023,65879,260,90,118,0.763,215,394,0.546,45,118,0.381,0.0,0.0,,93.0,138.0,0.6739,122.0,256.0,0.4766,6.5536,3.95765,139.829,102.155,97.4669,251.17,7.44341,2.56274,10.0061,4.0,19.6,39.3,13.2,1.6,1.6,23.0,2.3,,32.0,512,0.5078125
Scotty Pippen Jr.,Pure PG,Jr,2.0,6-3,Vanderbilt,SEC,36,82.1,33.0556,20.4444,0.8333,2.7222,3.5556,4.2778,3.36109989884565,1.27273813,1.9444,0.1667,34.4,104.9,47.6,54.12,2022,71146,224,224,299,0.749,160,341,0.469,64,197,0.325,10.0,11.0,0.9091,107.0,188.0,0.5691,53.0,153.0,0.3464,4.97695,3.8698,129.089,97.611,93.4259,229.342,5.25308,2.07875,7.33183,2.9,9.7,32.6,17.1,0.6,3.4,55.6,3.0,58.0,,538,0.41635687732342
Daeqwon Plowden,Stretch 4,Sr,25.0,6-6,Bowling Green,MAC,29,77.5,30.5806,15.7419,2.4194,4.3871,6.8065,1.0645,1.77419999205652,0.59998873,0.9032,1.1935,24.9,105.5,46.1,51.81,2022,50412,154,113,143,0.79,115,263,0.437,39,113,0.345,11.0,14.0,0.7857,78.0,144.0,0.5417,37.0,119.0,0.3109,2.49014,1.76117,108.541,109.875,111.03,176.798,2.28732,-2.33603,-0.0487129,7.8,15.6,6.5,12.9,4.4,1.7,38.0,2.8,,,376,0.409574468085106
Mason Plumlee,C,Sr,5.0,6-10,Duke,ACC,36,86.7,34.6667,17.0833,2.75,7.2222,9.9722,1.9444,2.8611000240951,0.67959875,1.0,1.4444,25.1,113.1,59.9,62.8,2013,12278,221,173,254,0.681,221,369,0.599,0,0,0.0,83.0,92.0,0.9022,169.0,228.0,0.7412,52.0,141.0,0.3688,4.94503,4.9222,126.353,90.9172,84.9855,282.551,5.39624,3.0227,8.41895,9.8,23.3,11.5,19.2,4.0,1.7,68.8,2.9,94.8,22.0,369,0.598915989159892
Brandin Podziemski,Wing G,So,,6-5,Santa Clara,WCC,31,86.2,36.0,19.875,1.7812,6.9688,8.75,3.6562,2.28119998156921,1.60275295,1.7812,0.4688,25.5,120.5,57.6,60.75,2023,74320,217,111,144,0.771,137,267,0.513,80,179,0.447,7.0,9.0,0.7778,75.0,121.0,0.6198,62.0,146.0,0.4247,5.4492,4.19579,131.38,98.9522,95.2363,247.88,7.47697,2.53625,10.0132,5.5,21.0,20.8,14.0,1.3,2.8,32.3,2.1,78.6,19.0,446,0.486547085201794
Jakob Poeltl,C,So,42.0,7-0,Utah,P12,35,75.4,30.6,17.2857,2.8286,6.2286,9.0571,1.9143,2.00000004179073,0.95714998,0.6,1.5143,26.0,124.0,64.0,66.23,2016,35220,222,161,231,0.697,222,347,0.64,0,0,0.0,32.0,34.0,0.9412,199.0,284.0,0.7007,23.0,62.0,0.371,5.4285,3.8212,139.775,98.0085,93.419,225.884,7.19775,2.51715,9.7149,11.9,22.0,13.9,14.9,4.8,1.2,66.6,3.0,,9.0,347,0.639769452449568
Jordan Poole,Combo G,So,2.0,6-5,Michigan,B10,37,82.6,33.027,12.7568,0.2162,2.7568,2.973,2.1622,1.51349999365467,1.42860919,1.0811,0.2162,20.0,108.4,53.8,57.32,2019,50346,161,75,90,0.833,86,166,0.518,75,203,0.369,7.0,7.0,1.0,63.0,89.0,0.7079,23.0,77.0,0.2987,3.22247,4.72833,115.577,92.5991,88.2003,204.665,2.46915,3.61489,6.08404,0.8,9.4,13.0,14.1,0.7,2.0,24.4,2.4,81.6,28.0,369,0.436314363143631
Craig Porter Jr.,Combo G,Sr,3.0,6-2,Wichita St.,Amer,31,80.3,33.6774,13.5484,1.2903,4.9355,6.2258,4.9355,2.54839984705987,1.9367055,1.5161,1.4839,23.8,109.0,53.3,55.45,2023,72341,160,63,92,0.685,123,233,0.528,37,102,0.363,8.0,11.0,0.7273,71.0,117.0,0.6068,52.0,116.0,0.4483,3.36959,4.01237,116.53,96.0401,94.342,225.108,4.67329,3.44892,8.12221,4.6,16.1,30.3,18.9,5.0,2.7,27.5,2.3,,,335,0.477611940298507
Kevin Porter Jr.,Wing G,Fr,4.0,6-6,USC,P12,21,34.6,22.0952,9.5238,0.9524,3.0476,4.0,1.4286,1.85710006298489,0.76926388,0.8095,0.5238,22.8,98.4,56.1,55.91,2019,66706,74,24,46,0.522,46,89,0.517,28,68,0.412,17.0,20.0,0.85,33.0,48.0,0.6875,13.0,41.0,0.3171,1.35539,2.39508,105.347,100.088,97.8478,94.1094,1.39333,0.965492,2.35883,4.8,15.0,12.0,20.8,2.6,2.1,29.3,3.8,94.6,30.0,157,0.471337579617834
Michael Porter Jr.,Stretch 4,Fr,13.0,6-10,Missouri,SEC,3,4.1,17.6667,10.0,1.3333,5.3333,6.6667,0.3333,1.000000030003,0.33329999,1.0,0.3333,33.3,92.7,38.3,43.76,2018,51186,10,7,9,0.778,7,20,0.35,3,10,0.3,0.0,0.0,,7.0,13.0,0.5385,0.0,7.0,0.0,1.59662,2.8109,113.843,88.6588,83.9462,14.5523,4.73285,3.41504,8.1479,9.5,32.5,4.6,10.1,2.0,3.4,30.0,4.5,99.8,14.0,30,0.333333333333333
Bobby Portis,PF/C,So,10.0,6-10,Arkansas,SEC,36,74.2,29.8889,17.4722,3.6944,5.2222,8.9167,1.1667,1.55560004148267,0.74999998,1.0833,1.3889,25.7,118.9,55.2,58.23,2015,29460,250,115,156,0.737,236,436,0.541,14,30,0.467,32.0,36.0,0.8889,149.0,204.0,0.7304,87.0,229.0,0.3799,4.63646,3.6384,132.388,95.8038,92.078,235.735,7.31961,1.08034,8.39995,13.6,20.2,8.8,11.5,4.8,2.1,33.5,2.9,96.8,22.0,466,0.536480686695279
Quinten Post,PF/C,Sr,12.0,7-0,Boston College,ACC,35,77.1,31.9429,17.0,2.0571,6.0857,8.1429,2.8571,2.45709990934074,1.16279358,0.8571,1.7429,27.0,114.7,57.0,60.54,2024,71576,222,101,123,0.821,172,317,0.543,50,116,0.431,17.0,18.0,0.9444,123.0,190.0,0.6474,49.0,126.0,0.3889,4.51539,3.63241,129.605,101.066,97.5713,237.316,6.10104,2.76193,8.86297,7.5,21.8,18.7,16.9,6.0,1.6,28.4,3.6,,,433,0.51270207852194
Drake Powell,Wing G,Fr,9.0,6-6,North Carolina,ACC,37,63.6,25.5919,7.4324,0.7027,2.6757,3.3784,1.0811,0.729700038207502,1.48156769,0.7027,0.6757,13.3,115.8,56.9,58.1,2025,126665,102,35,54,0.648,66,116,0.569,36,95,0.379,10.0,12.0,0.8333,49.0,71.0,0.6901,17.0,45.0,0.3778,1.86277,2.80045,110.897,106.424,100.031,165.797,2.32928,2.51728,4.84656,3.3,11.4,7.0,12.1,2.8,1.6,25.6,2.7,97.8,,211,0.483412322274882
Dwight Powell,Wing F,Sr,33.0,6-10,Stanford,P12,36,80.8,32.4167,14.0278,1.9444,4.9167,6.8611,3.1111,2.88890007722615,1.07691506,1.3056,0.8333,26.8,101.3,47.5,52.69,2014,17946,175,145,211,0.687,165,340,0.485,10,39,0.256,22.0,26.0,0.8462,86.0,139.0,0.6187,79.0,201.0,0.393,2.93092,4.07434,114.456,98.4977,93.3368,236.615,2.29425,2.45625,4.7505,7.3,17.3,20.4,19.6,2.8,2.4,55.7,3.9,93.4,45.0,379,0.461741424802111
Norman Powell,Wing G,Sr,4.0,6-4,UCLA,P12,36,85.7,34.5278,16.4167,0.5833,4.1111,4.6944,2.0833,2.22219979838601,0.93749446,1.8333,0.4444,24.0,104.9,49.7,53.99,2015,22006,213,127,169,0.751,175,348,0.503,38,119,0.319,34.0,38.0,0.8947,132.0,217.0,0.6083,43.0,131.0,0.3282,3.40922,3.90771,116.026,98.9771,94.5606,244.879,2.76967,2.69594,5.46561,1.9,13.3,12.8,15.8,1.5,3.2,36.2,2.9,89.6,46.0,467,0.45610278372591
Taurean Prince,Wing F,Sr,21.0,6-8,Baylor,B12,33,76.2,30.8182,16.0303,2.303,3.6364,5.9394,2.303,2.6666999222558,0.86361423,1.2121,0.7273,27.2,107.2,49.3,53.66,2016,24114,183,110,143,0.769,130,278,0.468,53,147,0.361,14.0,15.0,0.9333,78.0,123.0,0.6341,52.0,156.0,0.3333,3.83649,3.40018,124.203,102.839,97.7635,182.37,4.85413,0.859417,5.71355,8.9,14.7,15.4,18.9,2.7,2.3,33.6,3.3,62.6,12.0,425,0.430588235294118
Payton Pritchard,Scoring PG,Sr,3.0,6-2,Oregon,P12,31,88.8,36.5161,20.4839,0.6774,3.6452,4.3226,5.5484,2.74190000663682,2.0235603,1.5161,0.0323,28.4,120.6,56.3,60.08,2020,47506,216,115,140,0.821,128,250,0.512,88,212,0.415,0.0,0.0,,92.0,153.0,0.6013,36.0,97.0,0.3711,6.88028,3.75208,141.173,100.303,96.8939,193.577,8.70031,1.34035,10.0407,2.3,11.6,31.6,16.0,0.1,2.5,30.3,2.2,89.4,26.0,462,0.467532467532468
Tyrese Proctor,Combo G,Jr,5.0,6-6,Duke,ACC,38,72.9,29.9105,12.3684,0.4737,2.5526,3.0263,2.2368,1.05260004493315,2.12502366,0.7895,0.1053,18.7,121.3,57.4,58.66,2025,77231,165,51,75,0.68,76,145,0.524,89,220,0.405,8.0,8.0,1.0,44.0,81.0,0.5432,32.0,64.0,0.5,3.65705,3.99422,125.014,99.2421,93.2953,177.47,4.03157,2.04706,6.07863,2.0,9.0,12.9,11.3,0.4,1.6,20.5,2.6,94.8,,365,0.452054794520548
Olivier-Maxence Prosper,Wing F,Jr,12.0,6-8,Marquette,BE,36,71.6,29.0278,12.5,1.6944,2.9722,4.6667,0.6667,1.38890002846756,0.48002015,0.9167,0.1389,19.8,115.5,57.8,61.69,2023,72923,150,111,151,0.735,111,178,0.624,39,115,0.339,38.0,40.0,0.95,97.0,141.0,0.6879,14.0,37.0,0.3784,3.31633,3.07257,120.612,103.088,98.3026,174.003,2.46098,-0.0600642,2.40091,7.1,12.3,4.0,14.0,0.5,1.8,51.5,3.2,80.6,24.0,293,0.511945392491468
Derik Queen,PF/C,Fr,25.0,6-10,Maryland,B10,36,75.6,30.3694,16.5,2.3333,6.6389,8.9722,1.8611,2.36110002268488,0.78823429,1.0833,1.0833,26.9,113.4,53.5,59.1,2025,126706,210,167,218,0.766,203,364,0.558,7,35,0.2,39.0,43.0,0.907,156.0,231.0,0.6753,47.0,133.0,0.3534,4.01654,4.79359,128.026,91.3412,86.1145,251.797,4.17479,3.67599,7.85078,9.0,24.5,11.6,16.5,3.8,2.0,54.6,2.8,97.6,,399,0.526315789473684
Neemias Queta,C,Jr,23.0,7-0,Utah St.,MWC,28,76.1,30.0345,14.931,2.8621,7.2759,10.1379,2.6552,2.37930011765134,1.11595842,1.069,3.3448,24.9,113.2,55.8,59.27,2021,67637,163,99,140,0.707,163,290,0.562,0,2,0.0,42.0,45.0,0.9333,124.0,188.0,0.6596,39.0,102.0,0.3824,3.85949,5.17698,121.808,79.8662,78.2254,243.14,4.85226,6.99548,11.8477,10.7,26.8,18.4,18.2,13.4,2.0,47.9,3.2,,39.0,292,0.558219178082192
Immanuel Quickley,Wing G,So,5.0,6-3,Kentucky,SEC,30,78.9,32.8667,16.0667,0.5333,3.6667,4.2,1.9,1.60000004042105,1.18749997,0.9,0.1333,22.2,117.9,51.1,59.49,2020,65578,138,144,156,0.923,76,186,0.409,62,145,0.428,1.0,1.0,1.0,24.0,50.0,0.48,52.0,136.0,0.3824,4.55609,3.75771,125.623,98.4589,94.1178,170.826,4.86228,1.4848,6.34708,2.1,11.9,11.7,12.8,0.5,1.6,47.1,2.8,95.8,25.0,331,0.416918429003021
Julius Randle,C,Fr,30.0,6-9,Kentucky,SEC,40,76.3,30.825,14.975,3.5,6.925,10.425,1.425,2.52500015947369,0.5643564,0.5,0.775,26.2,111.2,50.4,56.59,2014,29051,196,204,289,0.706,193,374,0.516,3,18,0.167,37.0,40.0,0.925,132.0,197.0,0.6701,61.0,176.0,0.3466,4.08221,4.09889,126.832,96.732,91.0035,249.652,4.90839,1.37976,6.28816,13.4,24.7,10.0,18.7,2.6,1.0,73.7,3.0,99.8,7.0,392,0.5
Maxime Raynaud,PF/C,Sr,42.0,7-1,Stanford,ACC,35,83.8,33.5114,20.2,2.7143,7.8857,10.6,1.6571,2.40000015062459,0.69045829,0.8571,1.4286,30.3,110.1,52.7,55.82,2025,74448,263,114,148,0.77,196,370,0.53,67,193,0.347,29.0,34.0,0.8529,106.0,153.0,0.6928,90.0,217.0,0.4147,4.42695,3.97721,127.849,100.468,97.5768,248.564,5.68671,0.56891,6.25562,9.4,28.7,11.9,14.2,4.6,1.5,26.3,2.4,,,563,0.467140319715808
Duop Reath,PF/C,Sr,1.0,6-11,LSU,SEC,33,60.3,24.2121,12.5455,1.9394,3.3636,5.303,0.6667,1.66669999900003,0.400012,0.4545,0.9697,25.1,109.5,57.5,58.63,2018,48922,167,61,97,0.629,148,262,0.565,19,45,0.422,20.0,22.0,0.9091,75.0,110.0,0.6818,73.0,153.0,0.4771,2.76507,2.34493,120.834,107.272,101.782,143.446,2.40267,-0.461323,1.94135,9.8,16.1,5.7,15.9,4.7,1.1,31.6,4.1,,,307,0.543973941368078
Austin Reaves,Combo G,Sr,12.0,6-5,Oklahoma,B12,25,78.7,34.48,18.28,0.84,4.64,5.48,4.64,3.00000009051724,1.54666662,0.92,0.32,28.4,110.9,49.4,57.88,2021,46787,139,147,170,0.865,107,209,0.512,32,105,0.305,2.0,3.0,0.6667,59.0,96.0,0.6146,48.0,113.0,0.4248,5.15106,3.59669,128.954,101.794,96.7437,153.335,5.47379,0.890438,6.36423,2.8,15.1,27.0,17.7,1.0,1.5,54.1,1.9,,,314,0.442675159235669
Paul Reed,PF/C,Jr,4.0,6-9,DePaul,BE,28,72.0,31.6897,15.1379,3.2759,7.4138,10.6897,1.6207,2.27589986899989,0.71211393,1.8621,2.5517,23.6,108.4,53.7,56.21,2020,50818,180,59,78,0.756,165,298,0.554,15,51,0.294,32.0,34.0,0.9412,114.0,172.0,0.6628,51.0,126.0,0.4048,3.60288,4.78223,117.932,88.7649,84.082,254.107,4.57064,4.02036,8.59099,11.2,25.7,11.1,16.5,9.4,3.3,22.3,3.7,46.0,58.0,349,0.515759312320917
Antonio Reeves,Wing G,Sr,12.0,6-6,Kentucky,SEC,33,77.8,31.4848,20.2121,0.7273,3.4242,4.1515,1.6364,1.21210004124429,1.35005358,0.6667,0.2424,23.6,126.5,60.3,63.98,2024,71330,235,113,131,0.863,151,271,0.557,84,188,0.447,9.0,11.0,0.8182,79.0,126.0,0.627,72.0,145.0,0.4966,5.20299,2.67538,136.741,111.455,105.81,158.985,7.25952,-1.05175,6.20777,2.7,11.1,9.2,8.9,0.8,1.1,28.5,2.3,,,459,0.5119825708061
Naz Reid,PF/C,Fr,0.0,6-10,LSU,SEC,34,64.5,27.2059,13.6176,2.4706,4.7059,7.1765,0.8824,2.50000007082956,0.35295999,0.7353,0.6765,25.9,103.8,50.7,54.37,2019,66162,171,93,128,0.727,143,281,0.509,28,84,0.333,33.0,39.0,0.8462,91.0,143.0,0.6364,52.0,138.0,0.3768,2.7523,3.13306,117.363,100.796,95.4166,180.674,1.79877,0.060109,1.85888,10.2,19.4,6.4,20.1,2.8,1.5,35.1,4.7,96.6,,365,0.468493150684932
Will Richard,Wing G,Sr,5.0,6-4,Florida,SEC,40,79.1,31.635,13.275,1.125,3.45,4.575,1.85,1.5499999312973,1.19354844,1.65,0.325,17.4,124.5,59.2,62.38,2025,75196,185,81,96,0.844,105,157,0.669,80,223,0.359,23.0,24.0,0.9583,94.0,127.0,0.7402,19.0,40.0,0.475,4.14745,4.39943,127.561,99.0271,91.7018,241.763,4.43896,3.87684,8.3158,4.0,11.0,9.9,15.9,1.1,3.0,25.3,2.8,36.2,,380,0.486842105263158
Nick Richards,C,Jr,4.0,6-11,Kentucky,SEC,31,73.5,29.6452,14.0323,2.6129,5.1613,7.7742,0.2258,1.580600031612,0.14285714,0.0968,2.129,20.3,123.4,64.2,67.36,2020,51728,163,109,145,0.752,163,254,0.642,0,0,0.0,64.0,65.0,0.9846,113.0,135.0,0.837,50.0,119.0,0.4202,4.37364,3.74134,128.201,94.5497,90.6777,187.041,4.20905,2.06623,6.27527,11.3,18.6,1.7,15.3,8.0,0.2,57.1,4.3,96.6,42.0,254,0.641732283464567
Jase Richardson,Combo G,Fr,11.0,6-3,Michigan St.,B10,36,61.5,25.3528,12.1389,0.6389,2.6667,3.3056,1.8889,0.833299974570873,2.26677074,0.8333,0.3056,19.4,128.3,57.4,62.44,2025,126552,144,102,122,0.836,97,178,0.545,47,114,0.412,5.0,6.0,0.8333,60.0,87.0,0.6897,37.0,91.0,0.4066,3.95371,3.46953,134.721,98.898,92.3411,162.925,5.77182,4.27143,10.0433,3.0,11.4,14.4,9.9,1.4,1.9,41.8,2.4,94.0,,292,0.493150684931507
Will Riley,Wing F,Fr,7.0,6-8,Illinois,B10,35,63.8,25.6971,12.6,1.2,2.9429,4.1429,2.2286,1.20000003661492,1.85716661,0.2571,0.2857,23.0,115.3,49.7,53.25,2025,127572,155,84,116,0.724,108,215,0.502,47,144,0.326,8.0,8.0,1.0,67.0,103.0,0.6505,41.0,112.0,0.3661,3.33833,2.90144,127.485,106.583,98.9941,143.476,4.4225,0.788521,5.21102,5.2,11.5,16.0,11.3,1.0,0.6,32.3,1.9,96.4,,359,0.431754874651811
Duncan Robinson,Wing F,Sr,22.0,6-8,Michigan,B10,40,63.8,25.8293,9.2439,0.4634,1.9756,2.439,1.0732,0.609799988104014,1.75992132,0.6585,0.3902,15.8,121.6,57.9,61.57,2018,36615,117,57,64,0.891,43,72,0.597,74,194,0.381,3.0,3.0,1.0,33.0,49.0,0.6735,10.0,23.0,0.4348,2.76944,3.33387,119.084,98.178,92.1373,169.188,2.52836,3.05791,5.58627,2.2,9.5,7.4,9.3,1.7,1.6,24.1,3.8,,,266,0.43984962406015
Orlando Robinson,PF/C,Jr,10.0,7-0,Fresno St.,MWC,34,79.3,33.3429,19.2571,2.6286,5.8,8.4286,2.8571,2.45709990934074,1.16279358,1.0286,1.2,33.8,109.9,51.8,55.55,2022,71351,237,147,209,0.703,200,393,0.509,37,100,0.37,27.0,32.0,0.8438,120.0,189.0,0.6349,88.0,215.0,0.4093,5.18121,4.31818,131.15,89.9963,89.2665,235.298,7.30282,2.70401,10.0068,10.1,22.1,23.2,14.1,4.7,2.0,42.4,2.9,42.2,,493,0.480730223123732
Jeremiah Robinson-Earl,Stretch 4,So,24.0,6-9,Villanova,BE,25,85.8,34.48,15.72,2.48,6.0,8.48,2.2,1.59999998836364,1.37500001,0.96,0.64,24.1,114.1,53.4,55.84,2021,71861,155,60,84,0.714,132,230,0.574,23,82,0.28,23.0,25.0,0.92,88.0,121.0,0.7273,44.0,108.0,0.4074,4.96396,4.11911,126.952,98.2071,92.656,173.0,5.14144,1.60937,6.75081,8.6,21.2,13.5,11.8,2.3,1.7,26.9,2.6,97.0,32.0,312,0.496794871794872
Ryan Rollins,Combo G,So,5.0,6-4,Toledo,MAC,33,82.3,32.6765,18.8529,0.7059,5.2941,6.0,3.6176,2.23530008434031,1.61839568,1.7353,0.2647,28.2,111.4,51.1,55.66,2022,72723,227,128,158,0.81,180,339,0.531,47,151,0.311,12.0,14.0,0.8571,103.0,172.0,0.5988,77.0,167.0,0.4611,3.96691,3.53856,120.136,96.0819,96.4107,240.094,3.55616,1.76022,5.31638,2.4,16.1,20.0,13.6,0.9,2.9,32.2,3.0,9.8,44.0,490,0.463265306122449
Jackson Rowe,Stretch 4,Sr,34.0,6-7,Cal St. Fullerton,BW,19,50.5,30.95,15.55,1.6,5.75,7.35,1.85,2.59999985945947,0.7115385,1.05,1.25,26.6,103.8,54.9,58.33,2020,46362,95,77,114,0.675,62,122,0.508,33,81,0.407,5.0,5.0,1.0,48.0,89.0,0.5393,14.0,33.0,0.4242,2.61374,3.06824,110.019,97.588,98.3714,133.176,3.10989,0.962182,4.07207,5.9,22.3,14.8,18.4,4.2,2.0,56.2,3.6,,,203,0.467980295566502
Terry Rozier,Combo G,So,0.0,6-1,Louisville,ACC,36,86.9,35.0,17.0833,1.1944,4.3611,5.5556,3.0,2.19440007387814,1.36711625,2.0,0.1667,26.8,105.9,45.7,50.86,2015,29506,214,139,176,0.79,166,364,0.456,48,157,0.306,8.0,9.0,0.8889,78.0,145.0,0.5379,88.0,218.0,0.4037,4.03693,5.21977,120.844,89.6,84.1254,249.602,4.41439,4.08275,8.49714,3.8,13.9,19.7,14.1,0.5,3.5,33.8,2.0,94.2,16.0,521,0.410748560460653
D'Angelo Russell,Scoring PG,Fr,0.0,6-5,Ohio St.,B10,35,84.3,33.9429,19.2857,1.0,4.6571,5.6571,5.0,2.91429997337262,1.71567788,1.5714,0.3143,29.9,113.6,54.1,57.29,2015,38468,231,118,156,0.756,136,284,0.479,95,231,0.411,4.0,4.0,1.0,70.0,110.0,0.6364,66.0,174.0,0.3793,5.28622,4.47433,132.576,93.834,89.143,233.345,8.22413,2.70618,10.9303,3.6,15.4,30.1,17.3,1.1,2.8,30.3,2.5,97.0,2.0,515,0.448543689320388
Domantas Sabonis,PF/C,So,11.0,6-11,Gonzaga,WCC,35,79.9,32.0571,17.4857,3.0286,8.8,11.8286,1.8,2.62859994429121,0.68477518,0.6,0.8857,26.0,120.0,61.2,65.09,2016,33822,229,149,194,0.768,224,364,0.615,5,14,0.357,22.0,24.0,0.9167,157.0,214.0,0.7336,67.0,149.0,0.4497,4.82495,4.63279,131.45,90.7655,88.1242,263.303,5.28702,2.35599,7.643,11.6,28.2,11.4,18.5,2.7,1.1,51.3,4.0,60.2,11.0,378,0.605820105820106
Hunter Sallis,Wing G,Sr,23.0,6-5,Wake Forest,ACC,32,89.8,35.925,18.25,0.5312,4.5938,5.125,2.8125,2.437500008125,1.15384615,1.2188,0.5312,26.8,105.5,50.3,54.86,2025,75746,211,119,148,0.804,168,307,0.547,43,155,0.277,22.0,25.0,0.88,62.0,97.0,0.6392,106.0,210.0,0.5048,3.50925,4.34463,117.93,101.068,96.9272,211.206,2.91785,1.8164,4.73425,1.8,14.4,18.1,14.9,1.9,2.0,32.0,2.6,96.2,,462,0.456709956709957
Kobe Sanders,Scoring PG,Sr,8.0,6-9,Nevada,MWC,33,78.6,31.6818,15.8485,0.6667,3.2121,3.8788,4.4545,1.84849993327847,2.40979181,1.1212,0.2727,27.2,115.7,51.5,57.19,2025,73493,173,136,171,0.795,132,256,0.516,41,120,0.342,7.0,8.0,0.875,55.0,95.0,0.5789,77.0,161.0,0.4783,4.39733,3.15877,129.93,105.316,102.837,175.135,5.10947,0.973396,6.08286,2.7,12.6,29.9,13.2,1.2,2.2,45.5,2.8,,,376,0.460106382978723
Marcus Sasser,Scoring PG,Sr,0.0,6-2,Houston,Amer,36,74.9,30.8056,16.8333,0.3611,2.4722,2.8333,3.0833,1.61109990092778,1.91378573,1.6111,0.1667,24.9,123.5,54.9,59.8,2023,71234,191,128,151,0.848,95,185,0.514,96,250,0.384,6.0,6.0,1.0,54.0,84.0,0.6429,40.0,100.0,0.4,5.09085,4.36561,134.855,91.0272,88.3904,196.493,7.37543,3.61772,10.9931,1.4,8.9,19.6,12.9,0.7,3.2,34.7,2.0,21.2,25.0,435,0.439080459770115
Baylor Scheierman,Wing F,Sr,55.0,6-7,Creighton,BE,35,89.8,36.8,18.4857,0.7429,8.2571,9.0,3.9429,2.22860005995725,1.76922727,0.9143,0.1429,24.9,116.5,56.0,59.61,2024,71996,219,99,113,0.876,109,200,0.545,110,289,0.381,8.0,10.0,0.8,67.0,106.0,0.6321,42.0,94.0,0.4468,5.18295,4.66142,130.179,98.4799,93.1599,259.342,6.19742,2.50398,8.7014,2.6,23.2,19.9,14.4,0.3,1.5,23.1,1.8,,,489,0.447852760736196
Mark Sears,Scoring PG,Sr,1.0,6-1,Alabama,SEC,37,80.1,32.2649,18.6486,0.4324,2.4865,2.9189,5.1351,2.67570000133496,1.91916134,0.8649,0.0811,26.7,116.2,49.4,56.69,2025,73096,200,200,237,0.844,110,235,0.468,90,261,0.345,0.0,0.0,,84.0,170.0,0.4941,26.0,65.0,0.4,5.08651,3.54251,135.518,110.892,99.9242,183.447,5.6543,0.332861,5.98716,1.5,7.3,26.4,16.3,0.2,1.4,47.8,1.9,,,496,0.403225806451613
Brice Sensabaugh,Stretch 4,Fr,10.0,6-6,Ohio St.,B10,33,57.4,24.5455,16.2727,1.2727,4.0909,5.3636,1.1515,2.03029993886355,0.56715758,0.5455,0.3939,32.1,112.0,55.5,58.82,2023,76972,197,83,100,0.83,137,261,0.525,60,148,0.405,9.0,10.0,0.9,52.0,90.0,0.5778,85.0,172.0,0.4942,4.08958,2.65638,135.609,102.692,97.806,148.748,7.34192,0.305908,7.64783,6.2,18.9,10.9,15.7,1.7,1.3,24.4,4.0,87.4,28.0,409,0.481662591687042
Collin Sexton,Scoring PG,Fr,2.0,6-3,Alabama,SEC,33,68.6,29.9394,19.1515,1.0303,2.7273,3.7576,3.6061,2.78789991290103,1.29348259,0.8485,0.0909,32.5,109.6,49.8,56.66,2018,51365,196,196,252,0.778,152,307,0.495,44,131,0.336,5.0,8.0,0.625,103.0,182.0,0.5659,49.0,124.0,0.3952,4.74256,3.28583,133.448,104.341,98.1705,159.716,5.39457,0.628118,6.02269,4.0,9.7,27.8,16.2,0.3,1.6,57.5,3.3,99.2,8.0,438,0.447488584474886
Landry Shamet,Scoring PG,So,11.0,6-4,Wichita St.,Amer,32,76.3,31.7188,14.9062,0.4375,2.7812,3.2188,5.1875,2.09380007171512,2.47755269,0.7188,0.1875,21.0,127.5,62.2,65.54,2018,40045,154,85,103,0.825,70,125,0.56,84,190,0.442,6.0,7.0,0.8571,51.0,77.0,0.6623,19.0,49.0,0.3878,5.01824,3.03283,133.749,104.926,102.028,169.509,7.2629,0.400131,7.66304,1.6,9.7,28.8,17.9,0.7,1.3,32.7,2.4,70.6,26.0,315,0.488888888888889
Terrence Shannon Jr.,Wing G,Sr,0.0,6-6,Illinois,B10,32,70.6,33.75,23.0,0.8125,3.1875,4.0,2.3125,2.0,1.15625,1.0312,0.875,27.9,124.8,55.9,62.15,2024,71181,219,221,276,0.801,142,248,0.573,77,213,0.362,16.0,18.0,0.8889,112.0,171.0,0.655,30.0,77.0,0.3896,6.62193,3.61895,145.562,104.806,99.4336,190.039,8.79635,1.84306,10.6394,2.7,10.0,13.2,12.1,2.3,1.7,59.9,2.6,82.0,,461,0.475054229934924
Day'Ron Sharpe,C,Fr,11.0,6-11,North Carolina,ACC,29,47.9,19.1724,9.4828,3.3793,4.2069,7.5862,1.4483,1.96549999908395,0.73686085,0.7931,0.8966,27.5,101.9,51.9,52.09,2021,73518,112,51,101,0.505,112,214,0.523,0,2,0.0,20.0,21.0,0.9524,90.0,150.0,0.6,22.0,64.0,0.3438,2.08031,2.74025,116.525,92.305,86.0665,135.861,3.81601,2.62179,6.4378,18.3,23.8,15.4,20.6,5.1,2.3,46.8,4.2,97.4,29.0,216,0.518518518518518
Jamal Shead,Pure PG,Sr,1.0,6-1,Houston,B12,37,76.9,31.0541,12.9189,0.9189,2.7838,3.7027,6.2973,2.02699999529727,3.10670943,2.1622,0.4595,26.4,113.1,45.8,49.54,2024,72757,177,81,104,0.779,134,294,0.456,43,139,0.309,3.0,4.0,0.75,63.0,106.0,0.5943,71.0,188.0,0.3777,4.27493,5.01093,128.65,88.2439,83.6034,225.602,5.85138,5.71422,11.5656,3.3,10.5,40.4,15.4,2.0,4.3,24.0,2.5,59.8,,433,0.408775981524249
Ben Sheppard,Wing G,Sr,22.0,6-6,Belmont,MVC,31,85.4,34.25,18.8438,0.625,4.5938,5.2188,2.9062,2.1875000517482,1.32854854,1.375,0.1562,26.8,110.1,56.0,58.02,2023,70930,211,86,124,0.694,132,257,0.514,79,190,0.416,6.0,7.0,0.8571,90.0,148.0,0.6081,42.0,109.0,0.3853,3.77524,2.88087,119.065,103.717,104.938,196.572,4.0069,-0.348715,3.65818,2.3,15.4,16.7,14.2,0.5,2.3,27.7,2.4,,26.0,447,0.472035794183445
Reed Sheppard,Scoring PG,Fr,15.0,6-3,Kentucky,SEC,33,71.5,28.9394,12.4545,0.3636,3.7576,4.1212,4.4545,1.99999991020317,2.2272501,2.4848,0.697,18.7,127.6,67.9,69.93,2024,78389,141,54,65,0.831,66,119,0.555,75,144,0.521,5.0,6.0,0.8333,39.0,60.0,0.65,27.0,59.0,0.4576,4.07505,3.36714,129.618,101.822,96.6648,222.342,6.47009,4.38352,10.8536,1.5,13.3,24.0,20.0,2.5,4.6,24.7,2.6,91.8,,263,0.536121673003802
Max Shulga,Combo G,Sr,11.0,6-5,VCU,A10,34,83.2,32.7971,15.0286,1.7429,4.1143,5.8571,3.9714,1.68570004993558,2.35593515,1.7714,0.1143,22.5,125.6,53.7,59.35,2025,73607,151,140,179,0.782,79,162,0.488,72,186,0.387,3.0,3.0,1.0,52.0,90.0,0.5778,27.0,72.0,0.375,4.79813,4.40537,131.305,94.3263,93.6521,217.143,5.82154,3.14461,8.96615,5.8,14.1,23.2,13.9,0.4,3.3,51.4,2.4,,,348,0.433908045977011
Pascal Siakam,C,So,43.0,6-9,New Mexico St.,WAC,32,87.0,35.3438,20.375,4.0,7.8438,11.8438,1.5938,2.09380014452975,0.76119968,1.0,2.2188,28.0,115.4,54.0,56.88,2016,37123,258,133,194,0.686,255,466,0.547,3,15,0.2,31.0,32.0,0.9688,129.0,175.0,0.7371,126.0,291.0,0.433,4.52417,5.00768,125.386,86.8008,88.451,275.465,5.22864,3.06881,8.29745,13.4,23.5,11.2,12.6,6.4,1.7,40.3,3.1,,27.0,481,0.536382536382536
KJ Simpson,Scoring PG,Jr,2.0,6-2,Colorado,P12,37,86.8,35.0811,19.6757,0.7568,5.0811,5.8378,4.8919,2.21620008328589,2.2073368,1.6216,0.0541,26.4,122.6,55.2,60.63,2024,75622,243,163,186,0.876,164,330,0.497,79,182,0.434,11.0,14.0,0.7857,112.0,203.0,0.5517,52.0,127.0,0.4094,6.00627,4.0791,138.417,101.245,96.7279,254.709,6.54275,2.64158,9.18433,2.8,16.4,27.1,13.9,0.2,2.7,36.3,2.8,82.6,,512,0.474609375
Jericho Sims,C,Sr,20.0,6-10,Texas,B12,26,58.3,24.5385,9.2308,2.1538,5.0769,7.2308,0.6538,1.61539991525204,0.4047295,0.7308,1.0769,18.3,112.1,68.6,65.04,2021,51301,94,52,100,0.52,94,136,0.691,0,1,0.0,59.0,62.0,0.9516,86.0,108.0,0.7963,8.0,28.0,0.2857,2.60282,3.28419,116.265,92.7025,88.1293,144.124,2.96455,2.90328,5.86784,10.3,22.0,5.4,20.7,4.6,1.7,73.0,4.1,89.6,58.0,137,0.686131386861314
Javon Small,Scoring PG,Sr,7.0,6-2,West Virginia,B12,32,88.9,36.1219,18.5938,0.4688,3.625,4.0938,5.625,2.71880006307809,2.06892742,1.5312,0.3438,28.7,113.0,51.3,57.56,2025,74489,183,146,166,0.88,100,203,0.493,83,235,0.353,15.0,16.0,0.9375,69.0,111.0,0.6216,31.0,92.0,0.337,5.37236,4.75453,133.31,99.2729,93.2543,197.124,6.50746,3.15254,9.66,1.5,11.6,35.1,16.1,1.1,2.6,37.9,1.7,,,438,0.417808219178082
Marcus Smart,Scoring PG,So,33.0,6-4,Oklahoma St.,B12,31,72.9,32.7097,17.9677,1.4194,4.4839,5.9032,4.7742,2.64520003708887,1.80485405,2.871,0.5806,29.9,110.4,48.6,55.18,2014,24959,163,182,250,0.728,114,222,0.514,49,164,0.299,16.0,18.0,0.8889,78.0,110.0,0.7091,36.0,113.0,0.3186,4.50623,4.69701,128.811,91.3572,87.4668,246.092,5.92469,5.00823,10.9329,5.1,14.9,30.1,15.4,1.9,5.0,64.8,3.6,98.2,6.0,386,0.422279792746114
Dru Smith,Scoring PG,Sr,12.0,6-3,Missouri,SEC,26,84.4,34.0769,14.2692,0.4231,3.0385,3.4615,3.8077,2.38459997194117,1.59678774,2.0769,0.3462,21.6,109.2,52.7,57.29,2021,47581,125,74,88,0.841,78,164,0.476,47,118,0.398,0.0,0.0,,55.0,87.0,0.6322,23.0,78.0,0.2949,3.88235,3.86981,118.404,100.238,94.2146,174.215,3.44628,3.17472,6.621,1.4,9.9,22.6,18.4,1.0,3.5,31.2,3.7,5.8,,282,0.443262411347518
Jalen Smith,Combo G,Jr,2.0,6-2,SMU,Amer,32,53.0,21.2727,5.9394,0.5758,1.5152,2.0909,1.697,1.12119995060378,1.51355697,0.7879,0.2121,14.3,113.3,56.0,57.8,2024,74621,63,25,36,0.694,22,43,0.512,41,106,0.387,5.0,6.0,0.8333,18.0,36.0,0.5,4.0,7.0,0.5714,1.193,2.06943,104.795,104.859,102.443,103.728,0.884476,1.08299,1.96747,3.0,7.4,13.5,20.9,1.1,2.2,24.2,2.1,53.8,,149,0.422818791946309
Tolu Smith,C,Sr,1.0,6-11,Mississippi St.,SEC,23,46.2,28.2174,14.9565,3.2609,4.8261,8.087,1.2609,2.56520005539319,0.49154061,0.6522,0.3913,27.6,106.3,56.5,57.71,2024,66056,126,92,158,0.582,126,223,0.565,0,0,0.0,20.0,20.0,1.0,117.0,191.0,0.6126,9.0,32.0,0.2813,3.30565,3.72691,122.521,100.927,92.3067,119.059,2.83478,0.47524,3.31002,13.2,19.3,9.7,19.1,1.6,1.3,70.9,3.6,,,223,0.565022421524664
Nick Smith Jr.,Combo G,Fr,3.0,6-5,Arkansas,SEC,17,30.4,25.8235,12.5294,0.2353,1.4118,1.6471,1.7059,1.58820002110773,1.07410904,0.8235,0.1176,26.3,95.6,43.6,47.18,2023,77081,76,37,50,0.74,52,131,0.397,24,71,0.338,4.0,4.0,1.0,17.0,34.0,0.5,35.0,97.0,0.3608,2.2054,2.91102,111.842,102.216,96.7441,64.3529,0.79875,-0.969926,-0.171175,1.1,6.3,13.4,13.3,0.5,1.8,24.8,2.4,99.6,27.0,202,0.376237623762376
Jeremy Sochan,Stretch 4,Fr,1.0,6-9,Baylor,B12,30,55.0,25.1333,9.2333,1.9667,4.4,6.3667,1.7667,1.5666999560478,1.12765689,1.2667,0.7,20.0,108.8,53.1,54.58,2022,75610,100,53,90,0.589,76,130,0.585,24,81,0.296,15.0,20.0,0.75,51.0,68.0,0.75,25.0,62.0,0.4032,2.54083,3.64837,114.774,89.039,85.2162,170.933,3.30899,3.77162,7.08061,8.9,20.6,12.3,18.1,3.2,2.9,42.7,3.7,77.6,9.0,211,0.4739336492891
Thomas Sorber,PF/C,Fr,35.0,6-10,Georgetown,BE,24,55.3,31.35,14.5,2.6667,5.7917,8.4583,2.4167,2.25000010241239,1.07408884,1.4583,2.0417,24.2,111.8,54.4,58.02,2025,128030,133,76,105,0.724,127,213,0.596,6,37,0.162,21.0,22.0,0.9545,103.0,150.0,0.6867,24.0,63.0,0.381,3.31777,4.07218,120.278,95.5895,94.3457,175.737,3.29379,4.01086,7.30465,9.5,21.9,15.6,17.4,7.6,2.7,42.0,2.8,91.4,,250,0.532
Cam Spencer,Combo G,Sr,12.0,6-4,Connecticut,BE,40,82.0,32.8,14.325,1.05,3.8,4.85,3.625,1.0,3.625,1.475,0.25,18.5,137.1,60.6,63.99,2024,71803,196,82,90,0.911,97,180,0.539,99,225,0.44,0.0,0.0,,37.0,60.0,0.6167,60.0,120.0,0.5,5.81407,4.48947,139.66,96.6098,91.1316,237.648,7.16121,4.01713,11.1783,4.0,12.5,18.9,10.0,0.8,2.7,22.2,2.6,,,405,0.483950617283951
Pat Spencer,Scoring PG,Sr,12.0,6-3,Northwestern,B10,31,72.6,29.2903,10.3871,0.6774,3.4516,4.129,3.9355,2.25810008846324,1.74283683,0.7742,0.2258,23.8,96.4,45.7,50.55,2020,70705,122,66,81,0.815,110,229,0.48,12,51,0.235,5.0,5.0,1.0,67.0,111.0,0.6036,43.0,118.0,0.3644,2.22688,2.77942,107.428,104.813,99.7741,159.375,0.783663,0.453017,1.23668,2.7,12.9,29.2,19.4,0.9,1.6,28.9,2.8,,,280,0.435714285714286
Isaiah Stevens,Pure PG,Sr,4.0,6-0,Colorado St.,MWC,34,87.5,34.75,16.0,0.4722,2.7222,3.1944,6.8056,2.36109990077836,2.88238545,1.1944,0.1667,26.0,114.9,53.8,57.51,2024,71128,198,90,107,0.841,139,283,0.491,59,140,0.421,0.0,0.0,,43.0,77.0,0.5584,96.0,206.0,0.466,4.71279,3.85797,127.373,104.197,98.8173,189.955,5.38982,1.23452,6.62435,1.7,8.9,38.8,15.6,0.5,2.1,25.3,1.7,19.6,,423,0.468085106382979
Isaiah Stewart,C,Fr,33.0,6-9,Washington,P12,32,80.2,32.3125,16.9688,2.75,6.0312,8.7812,0.8438,2.2188000309759,0.38029565,0.5312,2.0938,24.2,115.7,57.7,62.92,2020,71545,192,154,199,0.774,187,317,0.59,5,20,0.25,26.0,30.0,0.8667,134.0,193.0,0.6943,53.0,124.0,0.4274,4.79502,4.19981,128.44,92.5887,89.5917,220.772,4.53948,2.10484,6.64432,10.6,19.4,6.3,16.1,7.0,0.9,59.1,3.2,99.6,16.0,337,0.56973293768546
Julian Strawther,Wing F,Jr,0.0,6-7,Gonzaga,WCC,36,78.5,31.1892,15.2973,0.7568,5.4865,6.2432,1.3243,1.5134999152392,0.87499179,0.8378,0.4324,20.6,117.4,56.6,60.21,2023,73562,187,103,130,0.792,108,205,0.527,79,195,0.405,7.0,7.0,1.0,59.0,95.0,0.6211,48.0,109.0,0.4404,3.83758,3.43007,122.461,103.494,97.7408,218.039,4.51768,0.476643,4.99432,3.0,19.6,6.7,12.9,1.5,1.4,32.5,2.6,87.2,29.0,400,0.4675
Max Strus,Wing G,Sr,31.0,6-6,DePaul,BE,35,90.3,37.4286,20.1429,1.1143,4.8,5.9143,2.2,1.99999996363636,1.10000002,0.9429,0.4857,23.4,115.8,53.3,57.49,2019,45565,232,128,152,0.842,119,230,0.517,113,311,0.363,13.0,15.0,0.8667,74.0,110.0,0.6727,45.0,120.0,0.375,4.67544,3.06177,123.714,107.885,105.716,233.658,4.91356,-1.02694,3.88662,3.5,14.7,11.3,12.7,1.6,1.4,28.1,3.1,,,541,0.428835489833641
Jalen Suggs,Combo G,Fr,1.0,6-4,Gonzaga,WCC,30,67.5,28.9333,14.3,0.6,4.7333,5.3333,4.5333,2.93330006428957,1.54546071,1.9,0.3333,25.3,110.4,55.9,59.39,2021,72863,154,86,114,0.754,119,203,0.586,35,104,0.337,9.0,10.0,0.9,97.0,152.0,0.6382,21.0,49.0,0.4286,3.79923,4.13841,123.255,90.185,85.8642,209.261,4.30422,4.1787,8.48292,2.7,18.0,23.7,21.5,1.1,3.5,37.1,3.6,98.2,5.0,307,0.501628664495114
Jae'Sean Tate,Wing G,Sr,1.0,6-4,Ohio St.,B10,34,73.2,29.5882,12.2941,1.2941,4.9412,6.2353,2.8824,2.20589992669883,1.30667759,1.0588,0.5588,22.7,108.6,57.5,58.18,2018,38467,171,65,110,0.591,160,272,0.588,11,35,0.314,17.0,19.0,0.8947,133.0,192.0,0.6927,27.0,80.0,0.3375,3.05124,3.90157,117.845,96.5874,91.3788,206.248,2.60389,3.35985,5.96374,5.4,18.9,18.7,19.3,2.2,2.1,35.8,4.3,88.6,,307,0.55700325732899
Jayson Tatum,Wing F,Fr,0.0,6-8,Duke,ACC,29,65.3,33.3103,16.8276,1.3448,6.0,7.3448,2.1379,2.62069974754911,0.81577449,1.3448,1.1379,25.4,108.9,50.7,56.61,2017,45563,165,118,139,0.849,125,248,0.504,40,117,0.342,18.0,21.0,0.8571,79.0,126.0,0.627,46.0,122.0,0.377,4.16612,4.67702,123.835,96.6201,89.3282,209.644,4.0267,2.62949,6.65619,4.9,19.7,12.4,17.7,3.2,2.3,38.1,3.6,99.4,3.0,365,0.452054794520548
Jahmyl Telfort,Wing G,Sr,11.0,6-7,Butler,BE,33,82.7,35.197,16.0303,1.0303,3.6364,4.6667,3.4242,2.21209998666099,1.54794088,1.0303,0.3333,24.1,111.9,52.8,57.64,2025,72348,179,128,166,0.771,136,261,0.521,43,119,0.361,0.0,0.0,,55.0,102.0,0.5392,81.0,159.0,0.5094,4.18989,3.13942,124.215,111.231,105.977,190.698,3.67331,0.557109,4.23042,3.6,11.2,20.2,15.4,0.9,1.7,43.7,2.2,,,380,0.471052631578947
Garrett Temple,,Sr,,6-6,LSU,SEC,35,75.2,30.2857,7.0571,1.3143,3.2286,4.5429,3.8286,1.9143,2.0,1.7143,0.6857,15.9,104.4,43.1,49.61,2009,29,76,66,82,0.805,47,116,0.405,29,94,0.309,,,,,,,,,,1.60393,3.49024,100.578,95.5957,92.8183,206.993,0.740255,3.12129,3.86154,4.8,11.7,21.3,23.4,2.3,3.3,39.0,3.7,64.0,,210,0.361904761904762
Dalen Terry,Wing G,So,4.0,6-7,Arizona,P12,37,69.1,27.8108,8.027,1.1622,3.6757,4.8378,3.9189,1.37839996222968,2.84307901,1.2432,0.3243,15.1,121.1,56.3,58.42,2022,73763,115,39,53,0.736,87,152,0.572,28,77,0.364,22.0,24.0,0.9167,73.0,106.0,0.6887,14.0,46.0,0.3043,3.00777,3.54177,116.776,93.5895,90.4489,212.048,3.13934,3.54646,6.68581,5.0,12.8,22.1,18.0,1.1,2.5,23.1,3.3,90.6,18.0,229,0.502183406113537
Adou Thiero,Wing G,Jr,3.0,6-6,Arkansas,SEC,27,51.2,27.5222,15.0741,1.7778,4.037,5.8148,1.8889,1.70369991416289,1.10870464,1.6296,0.7407,25.9,116.1,56.7,60.54,2025,77394,138,120,175,0.686,127,210,0.605,11,43,0.256,45.0,48.0,0.9375,87.0,128.0,0.6797,40.0,82.0,0.4878,3.89288,3.88499,130.73,97.9252,90.9112,160.318,5.16987,3.93683,9.10669,7.7,15.9,14.0,13.6,2.9,3.4,69.2,3.7,67.2,,253,0.545454545454545
Klay Thompson,Combo G,Jr,1.0,6-6,Washington St.,P10,34,83.0,34.6765,21.5588,0.7353,4.5,5.2353,3.7353,3.3823999711102,1.10433421,1.6471,0.9412,31.9,107.6,52.5,57.37,2011,8716,240,155,185,0.838,142,305,0.466,98,246,0.398,8.0,8.0,1.0,66.0,110.0,0.6,76.0,195.0,0.3897,4.88233,4.33914,127.285,94.8348,90.4682,247.877,6.69188,2.5696,9.26148,2.6,14.0,25.0,17.8,3.1,2.8,33.6,3.4,91.8,11.0,551,0.43557168784029
Matisse Thybulle,Combo G,Sr,4.0,6-5,Washington,P12,36,77.2,31.0,9.0833,0.75,2.3333,3.0833,2.1389,1.83329995268596,1.16669397,3.4444,2.1944,17.2,103.2,50.0,54.17,2019,43029,112,57,67,0.851,66,119,0.555,46,151,0.305,39.0,41.0,0.9512,60.0,79.0,0.7595,6.0,40.0,0.15,1.62011,4.84707,102.572,87.4217,84.2422,284.521,2.15805,8.37619,10.5342,3.0,9.0,13.5,20.5,8.1,6.6,24.8,3.6,79.4,20.0,270,0.414814814814815
Xavier Tillman,PF/C,Jr,23.0,6-8,Michigan St.,B10,31,80.2,32.0968,13.7097,2.6774,7.6452,10.3226,3.0323,1.96770001254025,1.54103775,1.1935,2.0968,21.6,116.6,57.2,59.29,2020,51753,165,82,123,0.667,152,250,0.608,13,50,0.26,28.0,33.0,0.8485,129.0,179.0,0.7207,23.0,71.0,0.3239,4.49554,5.18599,125.705,85.6347,80.778,259.553,5.71985,5.74823,11.4681,9.9,23.9,18.3,16.4,6.9,2.1,41.0,3.3,77.8,35.0,300,0.55
Nae'Qwan Tomlin,Stretch 4,Sr,35.0,6-10,Memphis,Amer,21,43.4,26.6667,14.0476,2.2857,3.6667,5.9524,0.6667,1.04760002565025,0.63640701,0.7619,1.1429,19.4,132.7,65.7,67.83,2024,75899,113,48,62,0.774,92,135,0.681,21,53,0.396,19.0,21.0,0.9048,74.0,96.0,0.7708,17.0,35.0,0.4857,4.04483,2.649,132.549,104.841,101.779,106.42,4.84351,0.791955,5.63547,9.6,14.7,5.1,11.2,4.8,1.6,33.0,4.7,,,188,0.601063829787234
John Tonje,Wing G,Sr,9.0,6-5,Wisconsin,B10,37,77.5,31.1,19.5676,0.7838,4.4865,5.2703,1.8108,1.83780007658109,0.98530848,0.7297,0.2162,26.8,123.8,56.2,64.68,2025,71519,204,231,254,0.909,119,220,0.541,85,219,0.388,17.0,20.0,0.85,85.0,137.0,0.6204,34.0,83.0,0.4096,5.55526,3.75118,141.43,103.707,96.9018,206.48,8.17968,1.79433,9.97401,3.0,15.6,11.9,12.9,0.8,1.4,57.9,2.2,,,439,0.464692482915718
Jacob Toppin,Wing F,Jr,0.0,6-9,Kentucky,SEC,33,75.9,31.5152,12.3939,1.9091,4.8788,6.7879,2.2424,1.48480002847765,1.51023704,0.4848,0.4848,20.8,111.0,49.0,51.81,2023,70613,158,75,113,0.664,140,282,0.496,18,59,0.305,28.0,32.0,0.875,73.0,107.0,0.6822,67.0,175.0,0.3829,3.28067,3.41696,117.457,102.53,97.748,175.214,2.61165,1.31571,3.92736,6.9,18.3,13.5,13.6,1.7,0.9,33.1,2.9,,,341,0.463343108504399
Obi Toppin,Wing F,So,1.0,6-9,Dayton,A10,31,78.2,31.6452,20.0323,1.1935,6.3548,7.5484,2.1613,2.19350009888156,0.98532022,0.9677,1.2258,26.2,122.5,67.4,68.4,2020,65484,245,99,141,0.702,213,305,0.698,32,82,0.39,107.0,115.0,0.9304,167.0,202.0,0.8267,46.0,103.0,0.4466,5.36845,4.32772,134.822,89.5851,87.4529,221.628,8.60655,3.34248,11.949,5.2,22.0,14.5,15.4,4.1,1.8,36.4,2.1,,8.0,387,0.633074935400517
Karl-Anthony Towns,C,Fr,12.0,6-11,Kentucky,SEC,39,52.3,21.1282,10.2821,2.359,4.3333,6.6923,1.1282,1.35899990520006,0.8301693,0.4615,2.2564,24.2,122.7,57.0,62.72,2015,35836,145,109,134,0.813,143,248,0.577,2,8,0.25,22.0,24.0,0.9167,87.0,121.0,0.719,56.0,128.0,0.4375,3.50076,3.93509,135.582,77.2779,73.2127,202.777,6.31975,6.80643,13.1262,14.1,22.2,11.5,16.6,11.4,1.4,52.3,5.6,99.2,1.0,256,0.56640625
Gary Trent Jr.,Wing G,Fr,2.0,6-6,Duke,ACC,37,83.8,33.7568,14.4865,0.8378,3.4054,4.2432,1.4054,1.02699992597475,1.3684519,1.1622,0.1351,17.3,122.3,52.8,56.65,2018,51371,177,85,97,0.876,80,186,0.43,97,241,0.402,6.0,6.0,1.0,40.0,63.0,0.6349,40.0,124.0,0.3226,4.20341,3.88655,123.926,101.732,96.3946,210.866,3.94714,1.89506,5.8422,2.9,10.3,6.8,9.9,0.4,2.0,22.7,2.0,96.8,37.0,427,0.414519906323185
Oscar Tshiebwe,C,Sr,34.0,6-9,Kentucky,SEC,32,78.3,33.5312,16.4688,5.75,7.9062,13.6562,1.5625,2.03119993295285,0.76924973,1.625,1.0,24.5,122.6,56.0,60.26,2023,71632,195,137,188,0.729,195,346,0.564,0,2,0.0,43.0,48.0,0.8958,151.0,220.0,0.6864,44.0,126.0,0.3492,5.61378,4.59781,135.855,93.8242,89.4058,251.315,7.50711,1.96885,9.47596,19.5,27.9,9.4,14.8,3.3,2.9,54.0,3.5,94.0,,348,0.560344827586207
Myles Turner,PF/C,Fr,52.0,6-11,Texas,B12,34,54.9,22.2059,10.1471,1.2941,5.2353,6.5294,0.5882,1.38240009145181,0.42549187,0.2941,2.6176,23.8,109.4,48.8,55.61,2015,37036,117,94,112,0.839,100,195,0.513,17,62,0.274,11.0,13.0,0.8462,40.0,54.0,0.7407,60.0,141.0,0.4255,2.57861,3.51116,121.208,85.3599,81.3327,185.417,3.08008,5.45255,8.53262,7.2,24.9,6.2,16.6,12.3,0.8,43.6,4.3,99.0,11.0,257,0.455252918287938
Hunter Tyson,Stretch 4,Sr,5.0,6-8,Clemson,ACC,34,86.2,34.7353,15.2941,1.2941,8.2353,9.5294,1.4706,1.02939998125856,1.42859921,0.9412,0.1176,19.2,124.0,59.5,63.15,2023,65479,172,93,111,0.838,89,154,0.578,83,205,0.405,18.0,19.0,0.9474,60.0,83.0,0.7229,29.0,71.0,0.4085,4.39232,4.33892,123.94,95.8897,92.9675,253.522,5.84607,1.82331,7.66937,4.7,26.1,8.3,9.1,0.4,1.6,30.9,2.0,49.2,37.0,359,0.479108635097493
Jaylon Tyson,Wing G,Jr,20.0,6-7,California,P12,31,81.3,34.3548,19.5806,1.6452,5.129,6.7742,3.4516,3.09680002385135,1.11456987,1.1935,0.4839,30.0,107.4,51.8,55.74,2024,75153,222,113,142,0.796,172,338,0.509,50,139,0.36,24.0,24.0,1.0,121.0,210.0,0.5762,51.0,128.0,0.3984,4.3121,3.29163,125.624,106.975,102.297,198.885,5.25285,0.807608,6.06046,5.2,16.9,23.5,17.3,1.5,2.0,29.8,2.5,93.4,,477,0.465408805031447
Fred VanVleet,Pure PG,Sr,23.0,6-0,Wichita St.,MVC,31,65.7,29.0323,12.2258,0.3548,2.871,3.2258,5.5484,1.74189999314624,3.18525749,1.7742,0.0968,24.7,112.7,46.1,52.35,2016,26143,119,98,120,0.817,76,192,0.396,43,113,0.381,0.0,0.0,,56.0,117.0,0.4786,20.0,75.0,0.2667,3.58739,4.16816,123.817,87.9979,88.212,183.233,4.89637,4.79847,9.69484,1.3,11.9,39.6,14.6,0.4,3.7,39.3,2.4,,,305,0.390163934426229
Jarred Vanderbilt,C,Fr,2.0,6-9,Kentucky,SEC,14,16.0,17.0,5.8571,3.2857,4.5714,7.8571,1.0,1.07140004922869,0.93335818,0.4286,0.7857,22.9,107.3,42.6,47.65,2018,52039,29,24,38,0.632,29,67,0.433,0,1,0.0,8.0,8.0,1.0,23.0,43.0,0.5349,6.0,23.0,0.2609,1.85695,2.56144,119.559,92.8541,85.9892,59.6529,2.99048,2.05168,5.04217,23.2,27.9,10.7,15.7,5.3,1.4,55.9,6.2,97.8,41.0,68,0.426470588235294
Devin Vassell,Wing G,So,24.0,6-7,Florida St.,ACC,30,69.0,28.7333,12.6667,1.2667,3.8,5.0667,1.6333,0.766700054944881,2.13029853,1.4,0.9667,18.9,124.8,56.5,58.48,2020,66203,144,48,65,0.738,100,188,0.532,44,106,0.415,26.0,28.0,0.9286,51.0,73.0,0.6986,49.0,115.0,0.4261,4.20713,3.78004,127.889,92.4381,89.1127,182.246,6.37971,3.68417,10.0639,5.2,15.4,11.2,8.1,4.1,2.8,22.1,2.7,60.2,11.0,294,0.489795918367347
Gabe Vincent,Scoring PG,Sr,2.0,6-3,UC Santa Barbara,BW,30,75.6,29.125,12.4062,0.0938,1.8125,1.9062,3.25,1.18749999794471,2.73684211,1.0938,0.1875,20.8,116.7,53.8,57.38,2018,33902,135,66,82,0.805,82,158,0.519,53,142,0.373,0.0,0.0,,40.0,66.0,0.6061,39.0,85.0,0.4588,3.08932,2.26349,117.239,104.834,108.228,151.347,2.20027,0.615029,2.81529,0.4,7.1,20.9,11.9,0.7,2.2,27.3,4.0,,,300,0.45
Dean Wade,PF/C,Sr,32.0,6-10,Kansas St.,B12,25,56.0,30.44,12.92,2.04,4.08,6.12,2.8,1.44000008475429,1.94444433,0.84,0.48,22.6,116.3,53.8,57.33,2019,38752,122,56,71,0.789,99,193,0.513,23,55,0.418,13.0,13.0,1.0,40.0,58.0,0.6897,59.0,135.0,0.437,4.08835,4.39152,126.164,92.4809,87.8825,141.186,5.40061,3.48926,8.88986,8.0,16.8,21.3,12.9,2.2,1.7,28.6,2.7,65.8,,248,0.491935483870968
Franz Wagner,Wing F,So,21.0,6-9,Michigan,B10,28,78.8,31.6786,12.4643,0.7143,5.8214,6.5357,3.0,1.28569996118,2.33335933,1.25,1.0357,19.4,119.5,54.4,58.65,2021,70394,124,66,79,0.835,89,158,0.563,35,102,0.343,11.0,11.0,1.0,63.0,93.0,0.6774,26.0,65.0,0.4,4.39165,4.68635,125.386,91.2358,84.4331,201.179,5.20933,5.39981,10.6091,2.9,19.6,17.4,12.5,3.2,2.3,30.4,2.8,90.2,8.0,260,0.476923076923077
Moritz Wagner,Stretch 4,Jr,13.0,6-11,Michigan,B10,38,65.5,27.641,14.6154,1.4615,5.6667,7.1282,0.8462,1.43589998730903,0.58931681,0.9744,0.5128,24.6,114.8,60.3,61.76,2018,40399,212,74,106,0.698,150,245,0.612,62,158,0.392,23.0,23.0,1.0,126.0,174.0,0.7241,24.0,72.0,0.3333,3.78164,4.27275,127.327,91.4329,85.1363,227.579,5.0044,3.30857,8.31297,6.5,25.0,6.7,13.1,2.0,2.2,26.3,4.5,76.4,25.0,403,0.52605459057072
Jabari Walker,PF/C,So,12.0,6-9,Colorado,P12,33,69.8,28.1212,14.6364,2.0606,7.3333,9.3939,1.2424,2.30299989834472,0.53947028,0.7273,0.6667,27.0,106.7,51.3,56.96,2022,72492,160,127,162,0.784,124,243,0.51,36,104,0.346,26.0,27.0,0.963,101.0,178.0,0.5674,23.0,65.0,0.3538,3.27557,3.65315,119.22,92.6794,89.677,214.633,3.27878,1.38731,4.66609,8.9,29.3,10.0,17.8,2.6,1.5,46.7,3.6,69.0,57.0,347,0.461095100864553
Jarace Walker,Stretch 4,Fr,25.0,6-8,Houston,Amer,36,67.4,27.7222,11.1667,2.2778,4.5278,6.8056,1.8056,1.47219999481436,1.2264638,0.9722,1.2778,22.0,112.3,51.5,53.32,2023,76099,157,53,80,0.662,122,238,0.513,35,101,0.347,31.0,32.0,0.9688,70.0,101.0,0.6931,53.0,138.0,0.3841,3.01947,4.38662,118.619,86.3499,83.6296,210.912,3.95521,3.7368,7.69201,9.5,18.1,12.4,14.9,6.2,2.2,23.6,3.0,98.0,8.0,339,0.463126843657817
Cason Wallace,Scoring PG,Fr,22.0,6-4,Kentucky,SEC,32,74.9,32.0625,11.7188,0.9375,2.7812,3.7188,4.25,2.09380006537681,2.02980221,1.9688,0.4688,20.3,112.1,51.6,54.31,2023,76477,139,53,70,0.757,95,185,0.514,44,127,0.346,11.0,11.0,1.0,52.0,73.0,0.7123,43.0,112.0,0.3839,3.34005,3.80267,117.486,99.2496,94.7842,198.273,3.14153,3.86426,7.00579,3.3,10.3,24.4,19.3,1.6,3.7,22.4,3.0,98.6,10.0,312,0.445512820512821
Keaton Wallace,Wing G,Sr,22.0,6-3,UTSA,CUSA,22,86.8,33.5769,16.7692,0.5769,4.9231,5.5,3.3846,2.23079996423444,1.51721358,1.0,0.3077,24.8,101.7,48.6,52.05,2021,51165,128,57,71,0.803,79,157,0.503,49,157,0.312,5.0,7.0,0.7143,35.0,61.0,0.5738,44.0,96.0,0.4583,2.94413,2.55524,109.688,105.095,106.051,143.56,2.62282,-0.789034,1.83378,1.4,16.9,18.3,15.2,0.7,1.5,22.6,2.6,,,314,0.407643312101911
Jordan Walsh,Wing F,Fr,13.0,6-7,Arkansas,SEC,36,60.8,24.3889,7.0833,1.1944,2.7222,3.9167,0.9167,1.02779995377983,0.89190508,1.1111,0.4722,15.8,103.5,47.9,51.34,2023,76216,94,47,66,0.712,74,145,0.51,20,72,0.278,17.0,22.0,0.7727,56.0,90.0,0.6222,18.0,54.0,0.3333,1.33244,3.14617,103.03,97.0276,91.9255,165.863,0.0433316,2.6933,2.73663,5.8,12.9,6.7,15.1,2.0,2.6,30.4,4.8,96.4,38.0,217,0.433179723502304
Ja'Kobe Walter,Wing G,Fr,4.0,6-5,Baylor,B12,34,79.6,32.3143,14.5143,1.3429,3.1143,4.4571,1.4286,1.34290007854264,1.06381705,1.0571,0.2286,22.1,115.5,47.6,54.35,2024,78684,141,145,183,0.792,67,160,0.419,74,214,0.346,4.0,5.0,0.8,33.0,61.0,0.541,34.0,99.0,0.3434,4.16363,3.32076,126.277,106.355,100.508,177.627,4.03325,0.379528,4.41278,5.5,12.3,8.2,11.2,0.8,2.0,48.9,2.6,98.4,,374,0.377005347593583
Kel'el Ware,PF/C,So,1.0,7-0,Indiana,B10,30,73.0,32.1,15.9333,2.1,7.7667,9.8667,1.5,1.56669997993057,0.95742645,0.6,1.8667,22.1,117.2,61.4,62.3,2024,76698,188,85,134,0.634,171,280,0.611,17,40,0.425,63.0,68.0,0.9265,117.0,158.0,0.7405,54.0,122.0,0.4426,4.23668,3.94825,126.612,101.177,95.1303,219.606,5.61688,2.45968,8.07655,8.0,26.1,9.9,12.7,6.5,1.1,41.9,2.5,98.2,,320,0.5875
Lindy Waters III,Wing G,Sr,21.0,6-6,Oklahoma St.,B12,31,76.6,31.6452,10.5484,0.5161,3.6452,4.1613,2.3871,1.61290003270462,1.48000493,1.1935,0.0645,19.1,100.2,44.8,49.7,2020,46593,111,66,80,0.825,72,168,0.429,39,123,0.317,2.0,4.0,0.5,36.0,53.0,0.6792,36.0,115.0,0.313,2.22498,3.73465,105.603,97.8452,93.3305,181.584,1.05192,2.00087,3.05279,1.9,12.8,15.8,15.6,0.3,2.2,27.5,2.9,67.8,,291,0.381443298969072
Trendon Watford,Wing F,So,2.0,6-9,LSU,SEC,28,83.1,34.5714,16.3214,1.6786,5.7143,7.3929,2.9286,2.64289992776651,1.10810098,1.1071,0.6071,24.9,105.6,50.6,53.61,2021,71390,170,99,152,0.651,152,297,0.512,18,57,0.316,4.0,4.0,1.0,88.0,123.0,0.7154,64.0,173.0,0.3699,4.07336,3.51682,119.363,102.542,97.809,194.18,3.47379,0.656099,4.12989,5.3,16.8,15.6,16.9,2.0,1.8,42.9,2.9,96.6,,354,0.480225988700565
Jamir Watkins,Wing G,Sr,1.0,6-7,Florida St.,ACC,32,77.1,30.9406,18.4375,1.0312,4.6562,5.6875,2.375,2.68750000070724,0.88372093,1.1875,0.5312,30.3,105.7,49.0,55.52,2025,73872,177,183,245,0.747,124,250,0.496,53,165,0.321,24.0,24.0,1.0,81.0,132.0,0.6136,43.0,118.0,0.3644,3.45791,3.55687,122.112,102.066,98.5207,193.329,3.53445,1.01767,4.55212,3.9,16.9,16.3,16.3,2.0,2.2,59.0,4.1,63.8,,415,0.426506024096386
Peyton Watson,Stretch 4,Fr,23.0,6-8,UCLA,P12,32,28.4,12.6562,3.2812,0.9062,1.9688,2.875,0.75,0.9375,0.8,0.5938,0.5625,21.2,83.6,35.2,39.41,2022,74892,38,22,32,0.688,31,87,0.356,7,31,0.226,3.0,6.0,0.5,17.0,46.0,0.3696,14.0,41.0,0.3415,0.124871,1.76091,88.2967,90.7276,86.5185,90.7873,-3.17916,2.91697,-0.262187,8.1,18.7,10.1,21.0,5.3,2.8,27.1,5.0,98.2,30.0,118,0.322033898305085
Jaylen Wells,Wing F,Jr,0.0,6-8,Washington St.,P12,34,70.5,29.2353,12.5,1.2353,3.3529,4.5882,1.2353,0.676500051927252,1.82601612,0.5294,0.1471,18.9,125.4,54.5,58.36,2024,78995,139,77,95,0.811,69,151,0.457,70,168,0.417,4.0,4.0,1.0,24.0,42.0,0.5714,45.0,109.0,0.4128,4.01586,3.21646,128.454,103.091,98.6374,153.575,5.17738,1.13625,6.31363,5.0,13.1,7.9,7.4,0.5,1.1,29.8,2.5,,,319,0.435736677115987
Blake Wesley,Combo G,Fr,0.0,6-5,Notre Dame,ACC,34,72.7,29.3429,14.4,0.6857,3.0,3.6857,2.4,2.1999999615,1.09090911,1.2571,0.0571,30.7,94.4,46.2,49.4,2022,75568,172,94,141,0.667,120,257,0.467,52,172,0.302,18.0,20.0,0.9,82.0,160.0,0.5125,38.0,98.0,0.3878,2.55426,3.19157,110.717,100.407,95.761,181.526,0.266214,0.43256,0.698774,2.9,11.4,17.4,15.2,0.2,2.6,32.9,2.6,76.8,25.0,429,0.400932400932401
Russell Westbrook,,So,,6-3,UCLA,P10,38,84.6,33.7949,12.7436,1.5641,2.359,3.9231,4.2821,2.46149981141972,1.73963044,1.6154,0.1795,22.5,109.0,49.3,53.28,2008,2935,177,105,148,0.709,153,308,0.497,24,75,0.32,,,,,,,,,,3.87651,4.67871,117.773,92.6743,86.908,224.981,3.13181,3.46444,6.59626,5.9,8.4,24.0,19.9,0.6,2.9,38.6,2.9,72.8,4.0,383,0.462140992167102
Coby White,Combo G,Fr,2.0,6-5,North Carolina,ACC,35,69.2,28.5714,16.0571,0.3429,3.2,3.5429,4.0857,2.68569990909362,1.52127942,1.0857,0.3143,26.1,108.7,51.6,55.56,2019,65631,188,104,130,0.8,106,211,0.502,82,233,0.352,5.0,6.0,0.8333,66.0,99.0,0.6667,40.0,112.0,0.3571,3.69732,3.69203,124.884,98.1201,92.0858,202.343,4.71953,2.32841,7.04794,1.3,11.4,24.4,19.0,1.3,2.0,29.3,2.7,95.2,7.0,444,0.423423423423423
Derrick White,Scoring PG,Sr,21.0,6-5,Colorado,P12,33,81.6,32.8235,18.0882,1.0294,3.0588,4.0882,4.3529,2.38240002460721,1.8271071,1.2353,1.4412,25.9,121.1,58.1,62.67,2017,41996,204,140,174,0.805,147,258,0.57,57,142,0.401,7.0,7.0,1.0,96.0,142.0,0.6761,51.0,115.0,0.4435,5.20087,3.3849,133.723,103.201,99.8978,207.998,8.73764,2.93893,11.6766,3.5,10.7,28.3,16.6,4.8,2.2,43.5,2.7,,29.0,400,0.51
Cam Whitmore,Wing G,Fr,22.0,6-7,Villanova,BE,26,51.9,27.2692,12.5385,0.8077,4.5,5.3077,0.7308,1.61540000524762,0.45239569,1.4231,0.3462,24.3,103.6,55.1,57.11,2023,76487,122,45,64,0.703,85,147,0.578,37,108,0.343,28.0,31.0,0.9032,75.0,114.0,0.6579,10.0,33.0,0.303,2.6332,3.41262,115.058,98.775,93.1654,150.297,3.1295,2.14846,5.27797,3.7,20.3,6.4,15.1,1.6,3.2,25.1,2.5,97.4,20.0,255,0.47843137254902
Aaron Wiggins,Wing G,Jr,2.0,6-6,Maryland,B10,30,83.3,33.0968,14.4516,1.129,4.7097,5.8387,2.5484,1.96770006901621,1.29511608,1.129,0.5484,24.9,103.8,51.7,54.23,2021,66483,159,56,73,0.767,106,206,0.515,53,153,0.346,15.0,17.0,0.8824,64.0,99.0,0.6465,42.0,107.0,0.3925,3.86791,3.92916,118.696,99.3101,93.286,192.501,4.09808,1.70056,5.79864,4.5,15.9,17.2,14.5,2.0,2.1,20.3,2.5,91.8,55.0,359,0.442896935933148
Andrew Wiggins,Wing F,Fr,22.0,6-8,Kansas,B12,35,81.4,32.8,17.0571,2.1714,3.6857,5.8571,1.5429,2.28570013169775,0.67502293,1.1714,0.9714,25.1,112.3,49.9,56.34,2014,31626,189,176,227,0.775,146,296,0.493,43,126,0.341,36.0,40.0,0.9,92.0,132.0,0.697,54.0,161.0,0.3354,4.24085,3.98001,125.836,101.712,94.4649,206.932,5.14855,1.8287,6.97725,8.4,12.3,9.2,15.9,3.1,2.1,53.8,3.3,100.0,1.0,422,0.447867298578199
Amari Williams,C,Sr,22.0,7-0,Kentucky,SEC,36,56.7,22.7583,10.8611,2.0556,6.4444,8.5,3.1944,2.27780003278794,1.40240581,0.5556,1.2222,26.9,111.0,56.3,58.72,2025,73458,138,114,183,0.623,137,242,0.566,1,4,0.25,40.0,46.0,0.8696,104.0,150.0,0.6933,33.0,92.0,0.3587,3.05341,3.12883,128.578,100.522,92.0218,194.468,4.4681,4.22551,8.69361,10.3,29.7,24.7,20.5,6.1,1.4,74.4,3.9,,,246,0.560975609756098
Cody Williams,Wing F,Fr,10.0,6-8,Colorado,P12,24,45.2,28.125,11.9167,0.7083,2.2917,3.0,1.5833,2.0,0.79165,0.625,0.6667,20.1,109.4,59.5,62.02,2024,78251,107,55,77,0.714,90,153,0.588,17,41,0.415,15.0,20.0,0.75,67.0,91.0,0.7363,23.0,62.0,0.371,2.56449,2.94572,115.264,105.2,99.9214,111.488,1.98158,0.966343,2.94792,3.3,9.2,10.4,20.5,2.4,1.3,39.7,2.8,98.8,,194,0.551546391752577
Jalen Williams,Combo G,Jr,24.0,6-6,Santa Clara,WCC,33,86.7,34.8182,18.0,0.5758,3.8485,4.4242,4.1515,2.09089983429386,1.98550879,1.1818,0.5455,24.9,116.1,56.2,60.12,2022,70269,219,114,141,0.809,177,321,0.551,42,106,0.396,25.0,27.0,0.9259,124.0,186.0,0.6667,53.0,135.0,0.3926,5.052,3.26016,127.371,101.648,100.312,214.65,4.62161,0.865106,5.48671,2.0,11.7,22.7,13.6,1.5,1.9,33.0,3.0,52.0,12.0,427,0.51288056206089
Jaylin Williams,Wing F,Sr,2.0,6-8,Auburn,SEC,34,58.6,24.1176,12.4118,1.0588,3.3824,4.4412,1.9118,1.14709995724506,1.66663767,0.7059,0.6765,20.1,129.9,63.8,67.42,2024,70644,152,84,101,0.832,118,179,0.659,34,86,0.395,38.0,45.0,0.8444,82.0,108.0,0.7593,36.0,71.0,0.507,3.84461,3.18667,134.516,97.7261,92.4987,153.058,6.86947,3.0689,9.93837,5.1,14.7,14.8,13.3,2.9,1.7,38.1,2.9,76.2,,265,0.573584905660377
Kenrich Williams,Wing F,Sr,34.0,6-7,TCU,B12,32,85.7,36.0312,13.1562,2.7812,6.5,9.2812,3.875,2.03119993337874,1.90773933,1.75,0.4688,19.5,117.8,54.4,56.65,2018,34636,155,66,96,0.688,110,211,0.521,45,115,0.391,14.0,19.0,0.7368,76.0,121.0,0.6281,34.0,87.0,0.3908,4.34234,4.12567,123.208,102.258,96.1562,243.521,5.23198,2.70151,7.93349,9.7,21.5,18.1,16.5,1.4,2.8,29.4,2.8,,,326,0.475460122699386
Mark Williams,C,So,15.0,7-0,Duke,ACC,39,58.9,23.641,11.2308,2.5897,4.8718,7.4615,0.8718,0.923099989580977,0.9444264,0.5128,2.7949,18.6,138.6,71.8,72.38,2022,73235,191,56,77,0.727,191,265,0.721,0,1,0.0,96.0,101.0,0.9505,171.0,219.0,0.7808,20.0,46.0,0.4348,4.56915,3.28697,141.274,92.129,87.2012,222.748,7.79825,4.30074,12.099,13.2,21.4,6.9,12.3,11.3,1.3,28.9,3.5,94.8,15.0,266,0.718045112781955
Patrick Williams,Wing F,Fr,4.0,6-8,Florida St.,ACC,29,52.1,22.4483,9.2414,1.2759,2.6897,3.9655,1.0,1.72410000083446,0.58001276,1.0,1.0345,21.9,104.2,49.5,55.11,2020,72084,95,62,74,0.838,79,158,0.5,16,50,0.32,25.0,32.0,0.7813,53.0,85.0,0.6235,26.0,72.0,0.3611,1.94727,2.93606,110.555,92.9091,89.3238,135.245,1.76422,2.72163,4.48586,6.8,13.9,8.4,20.2,5.6,2.6,35.6,2.9,95.0,4.0,208,0.456730769230769
Ziaire Williams,Wing F,Fr,3.0,6-8,Stanford,P12,20,50.7,27.9,10.7,0.5,4.05,4.55,2.2,2.90000003690909,0.75862068,0.85,0.55,25.8,85.0,43.1,47.29,2021,72856,76,39,49,0.796,53,124,0.427,23,79,0.291,10.0,11.0,0.9091,26.0,49.0,0.5306,27.0,75.0,0.36,0.986946,3.34359,95.6413,97.9783,92.0717,110.371,-1.55022,1.25243,-0.297786,2.4,16.4,16.4,23.2,2.2,1.7,24.1,3.4,99.2,10.0,203,0.374384236453202
Vince Williams Jr.,Wing G,Sr,10.0,6-6,VCU,A10,30,75.7,32.4333,14.0667,0.9,5.0667,5.9667,3.0333,2.86670000895932,1.0581156,1.6,1.0667,22.5,108.2,59.1,62.9,2022,66115,137,83,102,0.814,72,119,0.605,65,168,0.387,11.0,12.0,0.9167,51.0,75.0,0.68,21.0,44.0,0.4773,3.31427,4.79662,114.969,87.8073,84.6002,216.029,4.4125,4.27095,8.68345,3.5,17.7,19.6,23.0,3.8,2.9,35.5,3.6,42.2,47.0,287,0.477351916376307
Zion Williamson,Wing F,Fr,1.0,6-7,Duke,ACC,33,64.9,29.9697,22.6061,3.5152,5.3636,8.8788,2.0606,2.36359997312704,0.87180573,2.1212,1.7879,28.2,129.2,70.8,70.19,2019,65847,296,130,203,0.64,272,364,0.747,24,71,0.338,72.0,79.0,0.9114,247.0,313.0,0.7891,25.0,51.0,0.4902,6.77416,4.97911,152.844,86.7976,81.3985,256.043,12.8008,5.87096,18.6717,12.8,18.0,15.0,15.2,5.8,3.9,46.7,2.8,99.2,1.0,435,0.680459770114943
Jalen Wilson,Stretch 4,Jr,10.0,6-8,Kansas,B12,36,87.8,35.3611,20.0833,1.5556,6.6944,8.25,2.1944,2.33330004503278,0.94047056,0.9444,0.4722,28.2,106.2,49.0,53.99,2023,71925,247,159,199,0.799,177,367,0.482,70,208,0.337,0.0,1.0,0.0,102.0,180.0,0.5667,74.0,186.0,0.3978,4.66474,4.69205,125.511,96.3748,90.7259,250.538,4.61125,1.31132,5.92257,5.2,20.8,12.5,13.4,1.4,1.5,34.6,2.4,89.4,51.0,575,0.429565217391304
James Wiseman,C,Fr,32.0,7-1,Memphis,Amer,3,5.5,23.0,19.6667,4.3333,6.3333,10.6667,0.3333,1.000000030003,0.33329999,0.3333,3.0,26.8,140.6,76.9,75.98,2020,70562,20,19,27,0.704,20,25,0.8,0,1,0.0,9.0,10.0,0.9,17.0,19.0,0.8947,3.0,6.0,0.5,5.27186,3.84701,151.396,80.0012,79.139,19.713,11.9313,5.31168,17.243,21.8,26.5,4.4,8.8,13.6,0.8,103.8,2.9,100.0,2.0,26,0.769230769230769
Danny Wolf,PF/C,Jr,1.0,7-0,Michigan,B10,37,75.7,30.4973,13.2162,2.2973,7.4324,9.7297,3.5676,3.24320005010797,1.10002465,0.6757,1.3514,25.2,103.5,54.8,55.93,2025,76635,186,79,133,0.594,148,261,0.567,38,113,0.336,8.0,9.0,0.8889,125.0,198.0,0.6313,23.0,63.0,0.3651,2.98336,4.59578,118.066,94.9499,88.0637,267.927,3.82408,4.46782,8.2919,9.1,25.0,22.8,23.9,4.6,1.3,35.6,2.7,,,374,0.497326203208556
Jahmir Young,Scoring PG,Sr,1.0,6-1,Maryland,B10,32,84.7,35.3438,20.375,1.0312,3.8438,4.875,4.2188,2.71880002009133,1.55171398,1.3438,0.3125,30.7,110.9,46.0,54.56,2024,71963,199,198,220,0.9,143,320,0.447,56,173,0.324,2.0,3.0,0.6667,82.0,157.0,0.5223,61.0,163.0,0.3742,5.13823,4.37656,130.963,99.6652,94.4729,194.544,7.01054,2.684,9.69454,3.2,12.9,30.0,15.0,0.9,2.3,44.6,1.4,54.0,,493,0.403651115618661
Trae Young,Pure PG,Fr,11.0,6-2,Oklahoma,B12,32,87.5,35.4062,27.375,0.4375,3.4688,3.9062,8.6562,5.21879981928997,1.65865722,1.6875,0.25,38.4,112.1,51.9,58.62,2018,51469,261,236,274,0.861,143,290,0.493,118,327,0.361,0.0,0.0,,105.0,201.0,0.5224,38.0,89.0,0.427,7.00058,3.57805,145.447,106.864,100.334,216.691,9.37282,0.768477,10.1413,1.3,9.9,48.3,20.0,0.7,2.5,44.4,2.0,95.6,5.0,617,0.423014586709887
Chris Youngblood,Wing G,Sr,8.0,6-4,Alabama,SEC,28,47.6,25.3107,10.2857,0.8929,1.4286,2.3214,0.8929,1.07140006069867,0.83339551,0.6786,0.25,15.7,119.3,58.4,60.8,2025,73574,96,37,46,0.804,37,63,0.587,59,152,0.388,0.0,0.0,,25.0,42.0,0.5952,12.0,21.0,0.5714,2.77089,2.7849,121.469,111.185,99.9291,107.092,3.57179,1.36627,4.93806,3.9,5.4,5.6,14.2,0.9,1.4,21.4,3.5,67.2,,215,0.446511627906977
Tristan da Silva,Wing F,Sr,23.0,6-9,Colorado,P12,34,77.3,34.0,16.0,0.9412,4.1176,5.0588,2.4118,1.79410011983232,1.3442951,1.1471,0.5588,21.2,118.0,57.3,60.59,2024,72333,197,86,103,0.835,133,238,0.559,64,162,0.395,16.0,16.0,1.0,78.0,127.0,0.6142,55.0,111.0,0.4955,4.23114,3.72573,124.835,102.792,98.6489,212.796,4.6026,1.63801,6.24061,3.6,13.7,13.4,14.5,1.7,2.0,25.8,2.4,,,400,0.4925
Donovan Mitchell,Combo G,So,45.0,6-3,Louisville,ACC,34,80.1,32.2941,15.5588,1.0882,3.7647,4.8529,2.7353,1.6470999308047,1.66067641,2.0588,0.5,23.3,114.4,49.8,53.4,2017,41754,181,87,108,0.806,101,218,0.463,80,226,0.354,9.0,13.0,0.6923,64.0,116.0,0.5517,37.0,101.0,0.3663,4.18939,4.83082,125.451,93.2413,86.3654,232.285,5.28447,4.78443,10.0689,3.7,12.9,16.0,12.7,1.7,3.7,24.3,3.2,94.4,13.0,444,0.407657657657658
Kyle Anderson,Wing F,So,5.0,6-9,UCLA,P12,36,80.3,33.2222,14.6389,1.25,7.5,8.75,6.4722,3.05559996550942,2.11814376,1.7778,0.75,26.0,110.6,51.7,56.62,2014,26311,181,137,186,0.737,153,319,0.48,28,58,0.483,7.0,7.0,1.0,56.0,88.0,0.6364,97.0,229.0,0.4236,4.05962,4.543,123.524,94.3457,90.2755,282.93,6.03776,3.96129,9.99905,4.5,25.5,34.3,20.2,2.7,3.1,49.3,2.0,99.6,30.0,377,0.480106100795756
Gary Harris,Combo G,So,14.0,6-4,Michigan St.,B10,35,73.7,32.3143,16.7429,1.0571,2.9429,4.0,2.6857,1.71430007436081,1.56664521,1.8,0.4286,25.3,114.4,51.8,56.08,2014,26989,195,115,142,0.81,114,225,0.507,81,230,0.352,22.0,22.0,1.0,65.0,104.0,0.625,49.0,122.0,0.4016,4.64387,4.11667,130.168,98.3044,92.577,208.288,6.39277,2.94881,9.34158,4.0,10.2,16.8,12.7,1.6,3.4,31.2,2.6,96.4,19.0,455,0.428571428571429
Isaiah Jackson,C,Fr,23.0,6-10,Kentucky,SEC,25,51.1,20.64,8.44,2.12,4.48,6.6,0.72,1.51999990542223,0.47368424,0.76,2.6,21.3,108.0,54.0,58.69,2021,73524,74,63,90,0.7,74,135,0.548,0,2,0.0,23.0,25.0,0.92,55.0,80.0,0.6875,19.0,54.0,0.3519,2.26724,3.07937,117.229,89.5823,83.8304,138.92,1.91299,5.53014,7.44313,11.3,23.4,7.5,19.8,12.8,2.1,65.7,5.8,94.4,22.0,137,0.54014598540146
Cameron Johnson,Wing F,Sr,13.0,6-9,North Carolina,ACC,36,74.6,29.9444,16.8889,1.8333,3.9444,5.7778,2.3889,1.49999997174432,1.59260003,1.1944,0.2778,20.7,128.9,62.0,64.65,2019,52111,211,90,110,0.818,115,208,0.553,96,210,0.457,9.0,10.0,0.9,67.0,94.0,0.7128,48.0,114.0,0.4211,5.27991,3.92391,138.448,97.4104,91.5636,224.529,8.98051,3.07334,12.0538,6.5,13.4,13.8,12.8,1.1,2.1,26.3,2.0,55.4,11.0,418,0.504784688995215
Jalen Johnson,PF/C,Fr,1.0,6-9,Duke,ACC,13,28.7,21.3846,11.2308,1.4615,4.5385,6.0,2.2308,2.5385001590204,0.87878663,1.1538,1.2308,28.8,102.6,56.5,57.91,2021,73238,57,24,38,0.632,49,90,0.544,8,18,0.444,8.0,8.0,1.0,41.0,64.0,0.6406,8.0,27.0,0.2963,2.5336,2.78839,119.399,94.6895,89.6788,67.525,4.00056,3.71873,7.7193,7.9,25.3,20.5,23.8,6.0,3.1,35.2,4.2,97.8,20.0,108,0.527777777777778
Isaac Jones,C,Sr,13.0,6-9,Washington St.,P12,35,78.9,31.8,15.3429,2.2857,5.2857,7.5714,1.5429,1.91430000591077,0.80598652,0.5429,1.0286,23.6,117.7,57.7,61.35,2024,76776,199,138,193,0.715,198,332,0.596,1,14,0.071,50.0,56.0,0.8929,142.0,212.0,0.6698,56.0,120.0,0.4667,4.26389,3.865,127.494,99.3003,95.3002,204.105,4.53594,2.13235,6.66829,8.5,19.0,9.8,15.3,3.3,1.0,55.8,2.6,,,346,0.57514450867052
Tre Jones,Scoring PG,So,3.0,6-3,Duke,ACC,29,81.6,35.4483,16.2414,0.6552,3.5862,4.2414,6.3793,2.68969983720555,2.37175164,1.7931,0.3448,24.6,110.8,47.4,52.39,2020,65855,162,108,140,0.771,123,275,0.447,39,108,0.361,0.0,0.0,,61.0,113.0,0.5398,62.0,162.0,0.3827,4.51752,4.55738,122.7,93.6734,89.652,196.275,4.59336,2.34043,6.93379,2.1,10.8,31.4,16.8,0.9,2.8,36.6,2.0,97.2,41.0,383,0.422976501305483
A.J. Lawson,Wing G,So,0.0,6-6,South Carolina,SEC,31,72.5,29.129,13.4194,0.5161,3.1613,3.6774,1.871,1.99999993586318,0.93550003,1.1935,0.129,22.2,103.1,50.2,54.11,2020,66063,135,89,123,0.724,78,158,0.494,57,168,0.339,13.0,14.0,0.9286,47.0,79.0,0.5949,31.0,79.0,0.3924,2.42623,3.28871,109.441,97.6863,94.6734,168.363,2.3087,1.27253,3.58123,1.9,12.3,12.4,17.0,0.5,2.3,37.7,3.0,70.8,,326,0.414110429447853
Isaiah Stevens,Pure PG,Sr,4.0,6-0,Colorado St.,MWC,34,87.5,34.75,16.0,0.4722,2.7222,3.1944,6.8056,2.36109990077836,2.88238545,1.1944,0.1667,26.0,114.9,53.8,57.51,2024,71128,198,90,107,0.841,139,283,0.491,59,140,0.421,0.0,0.0,,43.0,77.0,0.5584,96.0,206.0,0.466,4.71279,3.85797,127.373,104.197,98.8173,189.955,5.38982,1.23452,6.62435,1.7,8.9,38.8,15.6,0.5,2.1,25.3,1.7,19.6,,423,0.468085106382979
Brandon Williams,Scoring PG,Fr,2.0,6-2,Arizona,P12,26,56.7,28.1154,11.3846,0.1923,2.5769,2.7692,3.3077,1.76920000949721,1.86960207,0.8077,0.1923,22.9,105.4,45.5,52.69,2019,66520,87,86,105,0.819,51,117,0.436,36,114,0.316,2.0,2.0,1.0,45.0,79.0,0.5696,6.0,38.0,0.1579,2.40426,3.14075,112.221,100.922,97.1106,129.489,1.61178,1.66028,3.27207,0.8,11.1,23.7,16.1,0.8,1.7,45.5,2.8,93.4,,231,0.376623376623377
Grant Williams,Wing F,Jr,2.0,6-7,Tennessee,SEC,36,78.6,31.8919,18.8108,2.2162,5.2973,7.5135,3.1622,2.24320008957478,1.40968254,1.1351,1.4865,27.0,124.5,58.3,64.73,2019,49187,229,211,258,0.818,215,361,0.596,14,44,0.318,23.0,23.0,1.0,109.0,151.0,0.7219,106.0,211.0,0.5024,6.13563,4.13559,143.723,96.9792,91.5347,248.894,8.10144,3.69365,11.7951,8.8,17.4,18.3,15.2,5.3,2.0,63.7,3.8,62.0,22.0,405,0.565432098765432
Jaylin Williams,PF/C,So,10.0,6-10,Arkansas,SEC,37,78.6,31.6486,10.8919,1.5135,8.3243,9.8378,2.5676,1.81079995339144,1.41793686,1.2973,1.1081,18.6,106.0,48.9,53.81,2022,73506,142,102,140,0.729,125,237,0.527,17,71,0.239,14.0,15.0,0.9333,87.0,138.0,0.6304,36.0,93.0,0.3871,2.57084,4.73314,108.965,88.4107,84.0079,298.862,2.16043,4.65451,6.81494,5.3,29.3,15.3,17.0,4.0,2.3,45.5,3.3,84.6,34.0,308,0.461038961038961
