Name,Team,Conf,Class,Pos,G,MP,FG,FGA,FG%,3P,3PA,3P%,2P,2PA,2P%,eFG%,FT,FTA,FT%,ORB,DRB,TRB,AST,STL,BLK,TOV,PF,PTS,ORTG,DRTG,TS%,FTr,ORB%,DRB%,AST%,STL%,BLK%,TOV%,USG%,OBPM,DBPM,BPM
Precious Achiuwa,Memphis,Amer,Fr,PF/C,31,30.3548,182,369,0.493224932249323,13,40,0.325,169,329,0.514,51.1,112,187,0.599,3.0,7.7742,10.7742,0.9677,1.0968,1.871,2.80649990831095,3.1,15.7742,98.2,81.6111,53.4,50.7,11.4,24.7,7.5,2.0,6.4,18.6,27.2,2.18191,2.94998,5.13189
Steven Adams,Pittsburgh,BE,Fr,C,32,23.4062,100,175,0.571428571428571,0,0,0.0,100,175,0.571,57.1,31,70,0.443,2.8125,3.5312,6.3438,0.625,0.6562,2.0312,1.09379994290539,2.8,7.2188,109.7,86.5013,55.46,40.0,15.3,19.1,5.4,1.9,11.2,16.9,18.0,3.36616,3.72734,7.0935
Ochai Agbaji,Kansas,B12,Sr,Wing G,39,35.0513,258,543,0.475138121546961,103,253,0.407,155,290,0.534,57.0,113,152,0.743,0.8205,4.2308,5.0513,1.5897,0.9231,0.5641,2.05130007674859,1.9,18.7692,114.0,97.9268,59.49,28.0,2.8,12.9,8.7,1.5,1.7,14.5,23.3,6.48245,1.66126,8.14371
Santi Aldama,Loyola MD,Pat,So,PF/C,17,35.0,135,263,0.513307984790874,32,87,0.368,103,176,0.585,57.4,59,86,0.686,1.8235,8.2941,10.1176,2.2941,1.0,1.7059,3.23529997856249,2.2,21.2353,109.0,93.5855,59.4,32.7,6.1,27.9,15.5,1.7,5.6,18.2,29.4,6.02958,1.68206,7.71164
Trey Alexander,Creighton,BE,Jr,Combo G,35,37.2,232,520,0.446153846153846,62,183,0.339,170,337,0.504,50.6,89,108,0.824,0.5143,5.2286,5.7429,4.7143,1.0857,0.4286,2.45709983330624,1.9,17.5714,108.7,100.854,53.82,20.8,1.8,14.6,23.9,1.7,1.0,14.8,26.5,2.7434,1.95042,4.69382
Nickeil Alexander-Walker,Virginia Tech,ACC,So,Scoring PG,34,34.3235,190,401,0.473815461346633,58,155,0.374,132,246,0.537,54.6,112,144,0.778,0.4706,3.6176,4.0882,3.9706,1.8824,0.5294,2.85290009948004,2.7,16.1765,109.8,93.6096,58.59,35.9,1.8,13.1,24.6,3.4,2.3,19.6,26.4,4.23828,3.69834,7.93662
Grayson Allen,Duke,ACC,Sr,Scoring PG,37,35.5676,181,433,0.418013856812933,102,276,0.37,79,157,0.503,53.6,108,127,0.85,0.5405,2.7838,3.3243,4.6486,1.7297,0.0541,2.13509984591006,2.4,15.4595,121.1,101.134,57.97,29.3,1.8,8.0,21.2,2.8,0.2,16.7,20.3,4.61041,2.6848,7.29521
Jarrett Allen,Texas,B12,Fr,C,33,32.1515,179,316,0.566455696202532,0,7,0.0,179,309,0.579,56.6,84,149,0.564,3.0303,5.3939,8.4242,0.7879,0.5758,1.5455,2.54550012826038,2.6,13.3939,101.9,99.0269,57.14,47.2,11.0,18.8,5.5,1.0,5.0,20.1,22.9,2.02048,2.0664,4.08688
Jose Alvarado,Georgia Tech,ACC,Sr,Scoring PG,26,37.1154,141,279,0.505376344086022,46,118,0.39,95,161,0.59,58.8,67,80,0.838,0.7308,2.7308,3.4615,4.1538,2.8077,0.0385,2.0769,2.5,15.1923,117.8,99.6475,62.3,28.7,2.5,9.4,21.0,4.5,0.1,16.1,20.6,4.26696,3.03637,7.30333
Cole Anthony,North Carolina,ACC,Fr,Combo G,22,34.8636,131,345,0.379710144927536,49,141,0.348,82,204,0.402,45.1,96,128,0.75,0.4545,5.2273,5.6818,3.9545,1.3182,0.2727,3.50000003982804,3.3,18.5,97.6,101.245,50.15,37.1,1.4,16.4,23.9,2.1,0.9,19.6,29.0,2.96994,1.36291,4.33284
OG Anunoby,Indiana,B10,So,Wing F,16,25.125,68,122,0.557377049180328,14,45,0.311,54,77,0.701,61.5,27,48,0.563,1.75,3.6875,5.4375,1.4375,1.3125,1.3125,1.62500000847826,3.3,11.0625,115.6,98.5464,61.12,39.3,8.5,16.1,11.0,3.0,5.5,18.0,20.5,4.72671,3.08224,7.80894
Deandre Ayton,Arizona,P12,Fr,C,35,33.4857,276,451,0.611973392461197,12,35,0.343,264,416,0.635,62.5,140,191,0.733,3.3714,8.2,11.5714,1.6286,0.5714,1.8857,1.97140002847793,2.8,20.1143,126.7,97.464,64.98,42.4,13.5,28.2,10.2,1.0,6.1,13.1,26.2,7.97789,1.90954,9.88743
Marvin Bagley III,Duke,ACC,Fr,PF/C,33,33.7576,270,440,0.613636363636364,23,58,0.397,247,382,0.647,64.0,131,209,0.627,4.0,7.0909,11.0909,1.5152,0.8182,0.8788,2.27270003528895,2.2,21.0303,123.8,96.4998,64.35,47.5,13.8,21.4,8.8,1.4,2.6,14.7,25.8,8.26378,1.37588,9.63966
Ace Bailey,Rutgers,B10,Fr,Stretch 4,30,33.3267,203,441,0.46031746031746,47,136,0.346,156,305,0.511,51.4,74,107,0.692,2.0667,5.1,7.1667,1.2667,1.0,1.2667,2.03329988857061,3.3,17.5667,106.3,107.742,53.58,24.3,7.0,17.5,8.3,1.7,4.1,13.4,26.2,3.64685,0.109652,3.7565
Lonzo Ball,UCLA,P12,Fr,Scoring PG,36,35.0556,189,343,0.551020408163265,80,194,0.412,109,149,0.732,66.8,66,98,0.673,0.9167,5.0833,6.0,7.6111,1.8333,0.7778,2.47219985103657,2.1,14.5556,129.4,99.8459,67.26,28.6,3.2,14.3,31.4,2.8,2.1,18.9,20.1,7.55081,3.43837,10.9892
Paolo Banchero,Duke,ACC,Fr,Wing F,39,32.9744,245,513,0.477582846003899,44,130,0.338,201,383,0.525,52.0,137,188,0.729,1.7692,6.0513,7.8205,3.1795,1.0513,0.9231,2.35899989770866,2.3,17.2051,111.3,97.1394,55.7,36.6,6.5,19.1,17.5,1.9,2.7,15.4,27.2,5.47334,1.63676,7.1101
Desmond Bane,TCU,B12,Sr,Wing G,31,36.0625,187,420,0.445238095238095,87,198,0.439,100,222,0.45,54.9,44,56,0.786,1.4375,4.9062,6.3438,3.875,1.4688,0.5312,2.31249999403226,2.4,16.5938,112.2,96.9757,56.54,13.3,4.6,16.6,26.0,2.4,1.6,16.7,23.5,6.55711,2.33818,8.89529
Harrison Barnes,North Carolina,ACC,So,Wing F,38,29.2368,229,521,0.439539347408829,49,137,0.358,180,384,0.469,48.7,141,195,0.723,1.9474,3.2632,5.2105,1.1316,1.0789,0.3421,1.94739992939729,2.4,17.0526,108.2,94.6442,52.8,37.4,6.9,11.0,7.2,2.0,1.1,14.0,26.0,4.32657,1.6746,6.00117
Scottie Barnes,Florida St.,ACC,Fr,Scoring PG,24,24.7917,98,195,0.502564102564103,11,40,0.275,87,155,0.561,53.1,41,66,0.621,1.4583,2.5417,4.0,4.0833,1.4583,0.4583,2.45830004767897,3.5,10.3333,107.5,97.4474,54.78,33.8,7.4,11.0,31.6,3.4,2.1,22.4,25.3,4.12707,3.06275,7.18982
Brooks Barnhizer,Northwestern,B10,Sr,Wing G,17,36.9412,103,249,0.413654618473896,17,64,0.266,86,185,0.465,44.8,68,89,0.764,1.5294,7.2941,8.8235,4.2353,2.2941,1.1176,2.76469989294613,1.8,17.1176,101.6,95.0077,49.95,35.7,4.8,24.6,24.0,3.8,3.7,16.2,28.0,4.08424,4.14078,8.22501
Charles Bassey,Western Kentucky,CUSA,Jr,C,28,30.4286,194,329,0.589665653495441,18,59,0.305,176,270,0.652,61.7,88,116,0.759,3.2857,8.3214,11.6071,0.6786,0.3929,3.1071,2.21429984791617,3.1,17.6429,118.2,89.4757,64.31,35.3,13.2,30.8,5.6,0.7,11.5,16.6,25.4,6.25712,2.61082,8.86794
Tamar Bates,Missouri,SEC,Sr,Wing G,34,25.9794,156,307,0.50814332247557,52,131,0.397,104,176,0.591,59.3,87,92,0.946,0.6765,1.9412,2.6176,1.0,1.2941,0.1471,1.29410005034308,2.7,13.2647,124.3,107.513,64.3,30.0,3.2,8.8,7.5,2.9,0.6,13.9,20.4,5.60779,1.33143,6.93921
Jamison Battle,Ohio St.,B10,Sr,Wing F,35,31.3143,179,385,0.464935064935065,91,210,0.433,88,175,0.503,58.3,88,95,0.926,1.2,3.9714,5.1714,1.2857,0.3714,0.2571,1.54290001263889,2.6,15.3429,120.6,106.355,62.42,24.7,4.4,14.0,8.3,0.7,0.8,13.8,21.1,5.59847,0.0717345,5.67021
Bradley Beal,Florida,SEC,Fr,Wing G,37,34.2432,175,393,0.44529262086514,63,186,0.339,112,207,0.541,52.5,133,173,0.769,1.3514,5.3784,6.7297,2.2432,1.3784,0.8378,2.13509983147921,2.4,14.7568,112.3,95.4954,57.45,44.0,4.8,18.1,12.7,2.5,2.6,17.0,22.4,5.27745,2.28623,7.56367
Saddiq Bey,Villanova,BE,So,Wing F,31,33.9032,175,367,0.476839237057221,79,175,0.451,96,192,0.5,58.4,70,91,0.769,1.2903,3.4516,4.7419,2.3871,0.7742,0.3871,1.48389996511334,2.9,16.0968,119.0,100.005,60.82,24.8,4.5,11.3,14.9,1.4,1.1,11.8,22.0,5.78977,1.49134,7.28112
Anthony Black,Arkansas,SEC,Fr,Wing G,36,34.3611,149,329,0.452887537993921,28,93,0.301,121,236,0.513,49.5,134,190,0.705,1.25,3.8056,5.0556,3.9167,2.0556,0.6111,3.02780017944318,3.0,12.7778,102.0,95.6059,54.86,57.8,4.3,12.8,20.9,3.4,1.9,22.6,22.2,2.48195,3.44948,5.93143
Adem Bona,UCLA,P12,So,C,32,26.5455,148,253,0.58498023715415,0,2,0.0,148,251,0.59,58.5,101,145,0.697,2.0,3.9091,5.9091,1.2424,1.1212,1.7576,2.4848,5.5,12.3939,106.3,95.8413,61.67,57.3,8.7,18.3,11.5,2.7,8.7,22.3,25.6,1.53314,4.25349,5.78662
Devin Booker,Kentucky,SEC,Fr,Wing G,38,21.5,135,287,0.470383275261324,58,141,0.411,77,146,0.527,57.1,53,64,0.828,0.4474,1.5526,2.0,1.1053,0.4474,0.0526,0.973700030074319,2.8,10.0263,121.0,91.0701,60.02,22.3,2.6,7.8,10.9,1.3,0.3,13.8,20.5,5.91621,2.31563,8.23184
Chris Boucher,Oregon,P12,Sr,PF/C,30,23.5484,135,259,0.521235521235521,35,101,0.347,100,158,0.633,58.9,47,83,0.566,1.7419,4.3226,6.0645,0.4194,0.3871,2.5484,1.03229998726239,4.7,11.8065,115.5,91.5365,58.98,32.0,9.3,19.6,3.1,1.0,11.7,11.3,21.8,3.63862,3.28183,6.92045
Tony Bradley,North Carolina,ACC,Fr,C,37,14.6053,97,172,0.563953488372093,0,0,0.0,97,172,0.564,56.4,61,99,0.616,2.5789,2.5526,5.1316,0.6053,0.2632,0.5789,0.657899963968211,5.0,7.0789,123.3,96.9021,58.21,57.6,18.2,19.0,7.4,1.0,4.6,11.5,21.4,5.02316,1.79041,6.81358
Malaki Branham,Ohio St.,B10,Fr,Wing G,32,29.6562,160,322,0.496894409937888,37,90,0.411,123,232,0.53,55.4,80,96,0.833,0.7812,2.7812,3.5625,2.0312,0.7812,0.2812,1.68750006178998,2.4,13.6562,115.0,105.312,59.44,29.8,3.5,10.5,14.7,1.6,1.0,15.1,23.4,4.56652,0.417733,4.98425
Christian Braun,Kansas,B12,Jr,Wing G,40,34.35,207,418,0.495215311004785,51,132,0.386,156,286,0.545,55.6,99,135,0.733,1.4,5.125,6.525,2.775,0.975,0.825,2.02500003010135,2.1,14.1,114.1,95.8782,58.49,32.3,4.9,16.0,14.5,1.6,2.5,16.8,20.2,5.22932,2.81136,8.04068
Koby Brea,Kentucky,SEC,Sr,Wing G,36,28.0667,147,313,0.469648562300319,93,214,0.435,54,99,0.545,61.8,32,35,0.914,0.2778,2.9167,3.1944,1.3333,0.4722,0.3333,0.472200008099613,1.9,11.6389,128.9,111.227,63.56,11.2,1.1,10.9,8.0,0.9,1.3,6.2,14.9,5.29817,0.732482,6.03065
Mikal Bridges,Villanova,BE,Jr,Wing G,40,32.175,244,475,0.513684210526316,104,239,0.435,140,236,0.593,62.3,114,134,0.851,1.35,3.95,5.3,1.925,1.525,1.075,1.35000005294805,2.7,17.65,130.1,97.393,65.53,28.2,5.2,13.7,10.6,2.7,3.5,10.9,22.0,8.43353,3.58356,12.0171
Miles Bridges,Michigan St.,B10,So,Wing F,34,31.3824,209,456,0.458333333333333,71,194,0.366,138,262,0.527,53.6,93,110,0.845,1.2647,5.7059,6.9706,2.6471,0.6176,0.7647,1.97060002630544,2.0,17.1176,116.2,94.6045,57.26,24.1,5.2,18.1,16.6,1.2,2.5,14.7,25.0,5.72141,1.89206,7.61348
Dillon Brooks,Oregon,P12,Jr,Wing G,34,25.3143,198,409,0.484107579462103,57,141,0.404,141,268,0.526,55.4,90,121,0.744,1.0,2.2286,3.2286,2.7143,1.0857,0.4571,2.0571001216541,4.4,16.1143,113.3,97.4912,58.2,29.6,4.7,9.9,23.0,2.5,2.0,15.8,30.1,5.72386,2.07884,7.8027
Johni Broome,Auburn,SEC,Sr,PF/C,36,30.2306,263,516,0.50968992248062,25,90,0.278,238,426,0.559,53.4,118,201,0.587,3.6667,7.1389,10.8056,2.8889,0.9444,2.1111,1.58329996861187,2.8,18.5833,118.5,93.5968,54.7,39.0,14.1,26.0,19.5,1.8,7.5,9.9,30.6,8.92473,4.01214,12.9369
Bruce Brown,Miami FL,ACC,Fr,Wing G,33,31.9091,134,292,0.458904109589041,33,95,0.347,101,197,0.513,51.5,90,121,0.744,1.4545,4.1818,5.6364,3.2121,1.4848,0.5455,2.03029987910358,3.1,11.8485,111.5,96.8412,55.94,41.4,5.6,15.3,20.7,2.9,1.9,18.2,21.5,3.68625,3.93187,7.61812
Jaylen Brown,California,P12,Fr,Wing F,34,27.6176,163,378,0.431216931216931,30,102,0.294,133,276,0.482,47.1,142,217,0.654,1.0588,4.2941,5.3529,1.9706,0.7941,0.6471,3.08820009806516,4.6,14.6471,95.4,96.1781,51.76,57.4,4.5,16.5,15.1,1.7,2.2,21.0,30.9,0.614746,2.02023,2.63497
Kobe Brown,Missouri,SEC,Sr,Wing F,34,29.5294,194,351,0.552706552706553,51,112,0.455,143,239,0.598,62.5,99,125,0.792,1.7941,4.5588,6.3529,2.5,1.4706,0.4412,1.6470999754503,3.3,15.8235,125.6,103.15,65.55,35.6,7.3,18.3,16.7,2.8,1.9,13.6,23.5,7.34387,0.739698,8.08356
Jalen Brunson,Villanova,BE,Jr,Scoring PG,40,31.8,270,518,0.521235521235521,86,211,0.408,184,307,0.599,60.4,130,162,0.802,0.3,2.75,3.05,4.6,0.925,0.025,1.77500001080435,2.5,18.9,128.5,103.211,63.53,31.3,1.2,9.7,26.6,1.7,0.1,12.3,26.1,7.80283,1.66987,9.4727
Carter Bryant,Arizona,B12,Fr,Stretch 4,37,19.3135,81,176,0.460227272727273,39,105,0.371,42,71,0.592,57.1,41,59,0.695,0.8649,3.2432,4.1081,0.973,0.9459,1.0,1.00000001027749,4.8,6.5405,113.9,98.8041,59.31,33.5,5.3,17.8,8.3,2.8,5.8,18.5,16.0,3.21878,4.31438,7.53316
Thomas Bryant,Indiana,B10,So,PF/C,34,28.0588,148,285,0.519298245614035,23,60,0.383,125,225,0.556,56.0,108,148,0.73,2.2353,4.4118,6.6471,1.4706,0.7647,1.5294,2.29410003677018,4.4,12.5588,112.0,100.983,60.09,51.9,9.7,17.2,9.8,1.6,5.7,20.9,22.3,3.23254,2.08209,5.31463
Jamal Cain,Oakland,Horz,Sr,Wing F,30,35.0,218,437,0.498855835240275,34,114,0.298,184,323,0.57,53.8,127,151,0.841,3.0333,7.2,10.2333,0.6667,1.8333,0.5667,2.20000003299835,3.9,19.9,113.9,95.5393,58.68,34.6,10.1,23.5,4.6,3.1,1.9,13.9,26.5,3.34318,-0.102565,3.24062
Kentavious Caldwell-Pope,Georgia,SEC,So,Wing G,32,33.9375,186,430,0.432558139534884,84,225,0.373,102,205,0.498,53.0,135,169,0.799,1.1562,5.9062,7.0625,1.8125,2.0312,0.5312,2.0,2.6,18.4688,112.7,89.8474,57.91,39.3,4.3,19.7,16.8,3.8,1.9,13.8,27.2,8.44938,3.88088,12.3303
Toumani Camara,Dayton,A10,Jr,PF/C,34,29.9706,178,326,0.54601226993865,29,80,0.362,149,246,0.606,59.0,89,133,0.669,2.3235,6.3235,8.6471,1.7353,1.2353,0.7941,2.08820016964806,3.5,13.9412,112.3,88.7451,60.9,40.8,10.2,23.3,13.4,2.6,3.1,17.9,24.5,3.72592,2.84206,6.56798
Dylan Cardwell,Auburn,SEC,Sr,C,38,20.35,84,120,0.7,1,2,0.5,83,118,0.703,70.4,22,68,0.324,2.4737,2.5789,5.0526,1.6053,0.8421,1.3947,0.552600043964285,5.0,5.0263,133.7,97.3868,62.71,56.7,14.1,14.0,12.7,2.4,7.4,11.7,13.5,4.51128,5.64215,10.1534
Branden Carlson,Utah,P12,Sr,PF/C,36,29.6111,232,462,0.502164502164502,64,169,0.379,168,293,0.573,57.1,85,119,0.714,1.4444,5.0833,6.5278,1.6111,0.3611,1.4722,1.47220007256555,2.6,17.0278,114.5,101.857,59.11,25.8,5.4,17.8,10.8,0.7,5.0,11.3,24.7,5.81242,1.75857,7.57099
Devin Carter,Providence,BE,Jr,Wing G,33,35.2727,219,463,0.473002159827214,84,223,0.377,135,240,0.563,56.4,130,174,0.747,1.0,7.6667,8.6667,3.6364,1.7576,0.9697,2.69700004061372,2.2,19.7576,112.7,93.4541,59.75,37.6,3.4,23.7,23.3,2.9,2.8,16.1,27.8,7.03672,4.36135,11.3981
Jevon Carter,West Virginia,B12,Sr,Pure PG,37,35.4324,215,509,0.422396856581532,77,196,0.393,138,313,0.441,49.8,133,155,0.858,0.7838,3.8649,4.6486,6.6486,3.027,0.3514,2.64860006392398,3.4,17.2973,117.3,94.3123,54.92,30.5,2.3,12.9,35.2,4.8,1.2,16.8,25.1,6.50146,4.61965,11.1211
Wendell Carter Jr.,Duke,ACC,Fr,PF/C,37,26.8378,179,319,0.561128526645768,19,46,0.413,160,273,0.586,59.1,124,168,0.738,2.9459,6.1081,9.0541,2.0,0.8108,2.0541,2.02699994329468,4.2,13.5405,121.5,92.0353,62.81,52.7,12.8,23.1,13.0,1.7,7.6,18.2,23.4,5.86966,4.49107,10.3607
Alex Caruso,Texas A&M,SEC,Sr,Pure PG,37,28.8378,111,221,0.502262443438914,28,76,0.368,83,145,0.572,56.6,51,65,0.785,1.0811,2.5405,3.6216,5.0,2.0811,0.3784,2.35139989746392,3.4,8.1351,111.6,92.8983,59.75,29.4,4.1,9.5,31.1,4.2,1.6,26.8,17.5,2.46243,5.5631,8.02553
Stephon Castle,Connecticut,BE,Fr,Wing G,34,26.9412,137,290,0.472413793103448,20,75,0.267,117,215,0.544,50.7,83,110,0.755,1.6765,3.0,4.6765,2.9118,0.7941,0.5294,1.50000004636308,3.6,11.0882,116.9,98.0491,55.08,37.9,7.8,12.0,18.4,1.8,2.1,15.0,22.4,3.14694,2.40108,5.54802
Colin Castleton,Florida,SEC,Sr,C,26,31.1538,150,300,0.5,2,15,0.133,148,285,0.519,50.3,113,155,0.729,1.8077,5.9231,7.7308,2.7308,0.9231,3.0,2.53850015969739,2.7,15.9615,104.8,92.4711,55.54,51.7,6.6,20.2,19.9,1.7,9.2,16.5,28.2,4.17629,5.06674,9.24303
Julian Champagnie,St. John's,BE,Jr,Wing F,31,34.1935,221,534,0.413857677902622,65,193,0.337,156,341,0.457,47.5,89,114,0.781,1.3548,5.2903,6.6452,2.0323,1.9677,1.129,1.48389995925135,1.8,19.2258,105.4,96.5992,50.67,21.3,4.1,16.5,11.0,3.1,3.5,9.1,25.5,4.2299,1.15131,5.3812
Justin Champagnie,Pittsburgh,ACC,So,Stretch 4,20,34.35,134,282,0.475177304964539,23,74,0.311,111,208,0.534,51.6,69,97,0.711,3.4,7.65,11.05,1.55,1.15,1.25,1.5000000483871,2.0,18.0,115.0,97.4409,54.87,34.4,10.8,25.6,10.4,2.0,4.3,10.3,24.6,6.76095,0.767469,7.52842
Cam Christie,Minnesota,B10,Fr,Wing G,33,30.1818,126,311,0.405144694533762,70,179,0.391,56,132,0.424,51.8,53,68,0.779,0.2424,3.3636,3.6061,2.2424,0.6364,0.3333,1.1515000246871,2.2,11.3636,110.3,108.686,54.62,21.9,1.0,12.8,13.8,1.2,1.1,12.3,18.2,2.11118,-0.126906,1.98427
Max Christie,Michigan St.,B10,Fr,Wing G,35,30.8286,112,293,0.382252559726962,39,123,0.317,73,170,0.429,44.9,61,74,0.824,0.8571,2.6,3.4571,1.4571,0.5143,0.4857,1.48569997712872,1.4,9.2571,98.2,106.548,49.37,25.3,3.4,9.2,8.6,1.0,1.7,16.5,17.2,0.530751,0.266269,0.79702
Moussa Cisse,Memphis,Amer,Sr,C,35,18.2029,69,126,0.547619047619048,0,0,0.0,69,126,0.548,54.8,61,125,0.488,2.6857,3.8286,6.5143,0.4571,0.6857,1.5714,1.02859996203789,5.6,5.6857,107.1,94.9744,53.67,99.2,17.3,22.7,4.3,2.1,9.8,17.2,18.4,0.0993103,2.94752,3.04683
Jaylen Clark,UCLA,P12,Jr,Wing G,30,30.5,148,309,0.478964401294498,26,79,0.329,122,230,0.53,52.1,67,96,0.698,1.9333,4.1,6.0333,1.8667,2.6,0.2667,1.23329993330455,2.8,12.9667,114.6,85.0443,54.85,31.1,7.4,16.0,11.4,5.1,1.1,11.3,21.4,4.54753,6.08587,10.6334
Brandon Clarke,Gonzaga,WCC,Jr,C,37,28.0811,257,374,0.687165775401069,4,15,0.267,253,359,0.705,69.3,109,157,0.694,3.0811,5.4865,8.5676,1.8649,1.1622,3.0,1.54050005115726,3.0,16.9459,134.3,83.897,69.89,42.0,13.9,19.7,12.1,2.3,10.8,12.7,24.0,9.47458,5.87778,15.3524
Jordan Clarkson,Missouri,SEC,Jr,Combo G,35,35.0857,209,468,0.446581196581197,32,114,0.281,177,354,0.5,48.1,162,195,0.831,0.8,3.0286,3.8286,3.3714,1.0857,0.1714,2.65709986715446,2.5,17.4857,109.7,106.782,54.58,41.7,2.9,9.3,23.3,1.9,0.6,16.8,27.3,3.71877,-0.0981812,3.62059
Walter Clayton Jr.,Florida,SEC,Sr,Scoring PG,39,32.5846,235,524,0.448473282442748,117,303,0.386,118,221,0.534,56.0,126,144,0.875,0.359,3.3333,3.6923,4.1795,1.1795,0.5128,2.41029996172932,2.3,18.2821,122.2,101.109,60.18,27.5,1.2,10.3,23.2,2.1,1.6,16.9,24.8,7.3022,2.57896,9.88116
Nique Clifford,Colorado St.,MWC,Sr,Wing F,36,35.3889,238,480,0.495833333333333,66,175,0.377,172,305,0.564,56.5,139,179,0.777,1.4722,8.1389,9.6111,4.4444,1.1944,0.6111,2.58330021380175,2.7,18.9167,116.6,95.035,60.26,37.3,5.4,26.0,26.8,2.0,2.0,15.8,27.9,6.88951,3.40819,10.2977
Donovan Clingan,Connecticut,BE,So,C,35,22.5429,186,291,0.639175257731959,2,8,0.25,184,283,0.65,64.3,81,139,0.583,2.4857,4.8857,7.3714,1.5143,0.5143,2.4571,0.800000016905501,3.6,13.0,130.9,88.4618,63.72,47.8,13.8,23.4,13.4,1.4,11.4,8.7,24.6,8.36363,5.74599,14.1096
Noah Clowney,Alabama,SEC,Fr,PF/C,36,25.4167,123,253,0.486166007905138,34,120,0.283,89,133,0.669,55.3,72,111,0.649,2.0833,5.8333,7.9167,0.8333,0.5833,0.9444,1.2777999697916,3.9,9.7778,113.5,88.9557,57.57,43.9,8.7,21.4,6.0,1.3,3.4,15.5,17.8,3.3254,3.94257,7.26798
Amir Coffey,Minnesota,B10,Jr,Wing F,36,35.1667,198,454,0.436123348017621,41,135,0.304,157,319,0.492,48.1,163,221,0.738,0.6944,2.9444,3.6389,3.1944,0.9167,0.2222,2.30559987220752,1.7,16.6667,104.9,105.019,53.67,48.7,2.2,9.6,19.9,1.5,0.7,15.4,24.8,3.5413,0.952888,4.49418
Isaiah Collier,USC,P12,Fr,Scoring PG,27,29.7778,154,314,0.490445859872611,27,80,0.338,127,234,0.543,53.3,105,156,0.673,0.6296,2.2593,2.8889,4.2593,1.4815,0.2222,3.29629974275969,3.2,16.2963,102.9,107.117,56.69,49.7,2.5,8.7,31.1,2.9,0.8,21.1,30.2,2.95256,0.513136,3.4657
John Collins,Wake Forest,ACC,So,C,33,26.6061,234,376,0.622340425531915,0,1,0.0,234,375,0.624,62.2,164,220,0.745,3.7576,6.0606,9.8182,0.5152,0.6364,1.5758,1.84849993082477,4.5,19.1515,124.8,103.87,65.76,58.5,16.4,25.7,4.5,1.3,6.6,13.2,29.2,8.92185,0.267341,9.1892
Zach Collins,Gonzaga,WCC,Fr,C,39,17.2308,135,207,0.652173913043478,10,21,0.476,125,186,0.672,67.6,110,148,0.743,1.6923,4.2051,5.8974,0.4103,0.4615,1.7692,1.53850001610494,6.3,10.0,120.6,79.0742,70.32,71.5,12.2,23.2,4.4,1.5,9.8,20.2,24.8,4.21656,5.73825,9.95481
Pat Connaughton,Notre Dame,ACC,Sr,Stretch 4,38,35.5526,166,356,0.466292134831461,93,220,0.423,73,136,0.537,59.7,50,64,0.781,1.0789,6.3421,7.4211,1.5,0.7105,0.9474,1.15789997948819,2.2,12.5,120.4,99.958,61.46,18.0,4.2,20.4,7.6,1.3,2.7,12.2,16.7,5.83473,1.05884,6.89357
Sharife Cooper,Auburn,SEC,Fr,Pure PG,12,33.0833,72,184,0.391304347826087,13,57,0.228,59,127,0.465,42.7,85,103,0.825,0.6667,3.5833,4.25,8.0833,1.0,0.25,4.16670006483842,3.2,20.1667,107.5,105.524,51.95,56.0,2.2,11.3,51.9,1.6,0.7,19.9,34.4,4.14194,-1.04884,3.0931
Cedric Coward,Washington St.,WCC,Sr,Stretch 4,6,33.05,34,61,0.557377049180328,12,30,0.4,22,31,0.71,65.6,26,31,0.839,1.8333,5.1667,7.0,3.6667,0.8333,1.6667,2.16669995081478,3.2,17.6667,131.3,107.557,69.99,50.8,7.0,17.2,20.6,1.4,5.3,16.5,22.3,7.13793,1.70189,8.83983
Isaiah Crawford,Louisiana Tech,CUSA,Sr,Wing G,29,32.8438,162,341,0.475073313782991,39,91,0.429,123,250,0.492,53.2,112,155,0.723,1.875,4.3125,6.1875,2.375,2.125,1.7188,2.5311999435228,3.0,16.3438,108.7,92.778,57.28,45.5,6.3,14.1,16.2,3.5,5.7,19.1,25.5,4.39254,3.96223,8.35477
Cade Cunningham,Oklahoma St.,B12,Fr,Wing F,27,35.4074,176,401,0.438902743142145,62,155,0.4,114,246,0.463,51.6,132,156,0.846,0.7037,5.4815,6.1852,3.4444,1.5926,0.7778,4.07409993399045,2.8,20.2222,104.1,96.0766,57.46,38.9,2.3,16.2,20.2,2.5,2.3,22.0,28.6,4.82833,2.59974,7.42807
Stephen Curry,Davidson,SC,Jr,,33,33.8182,303,667,0.454272863568216,127,327,0.388,176,340,0.518,54.9,212,241,0.88,0.5758,3.9091,4.4848,5.4242,2.3333,0.2121,3.78789992304436,2.8,28.6364,118.0,89.1128,60.46,36.1,1.8,12.3,39.8,3.9,0.7,16.6,37.5,10.7909,4.48812,15.279
N'Faly Dante,Oregon,P12,Sr,C,22,31.4091,153,220,0.695454545454545,0,0,0.0,153,220,0.695,69.5,68,111,0.613,2.7727,6.4091,9.1818,1.5909,1.7273,1.8636,2.36360011255663,2.7,17.0,120.1,96.6838,68.57,50.5,10.3,24.5,11.2,3.2,6.6,18.2,24.2,7.17102,4.48474,11.6558
Anthony Davis,Kentucky,SEC,Fr,C,40,32.025,210,337,0.623145400593472,3,20,0.15,207,317,0.653,62.8,144,203,0.709,2.975,7.4,10.375,1.25,1.35,4.65,1.02499997909,2.4,14.175,133.8,79.63,65.41,60.2,11.6,23.9,7.5,2.5,13.7,10.0,19.1,9.09614,7.56117,16.6573
JD Davison,Alabama,SEC,Fr,Scoring PG,33,25.8182,99,214,0.462616822429907,25,83,0.301,74,131,0.565,52.1,59,81,0.728,1.0909,3.6667,4.7576,4.3333,0.9697,0.3636,2.87879984905052,1.9,8.5455,102.6,104.249,55.85,37.9,4.5,15.1,29.4,2.1,1.4,29.2,20.7,2.97196,1.19231,4.16427
DeMar DeRozan,USC,P10,Fr,,35,33.3714,192,367,0.523160762942779,6,36,0.167,186,331,0.562,53.1,95,147,0.646,2.4,3.3429,5.7429,1.4571,0.8857,0.3714,2.08569998229925,2.5,13.8571,108.2,99.6449,55.51,40.1,9.3,11.6,9.6,1.6,1.2,17.1,22.3,3.50114,1.44019,4.94133
RayJ Dennis,Baylor,B12,Sr,Pure PG,34,34.3429,172,363,0.473829201101928,39,117,0.333,133,246,0.541,52.8,76,104,0.731,0.4571,3.4,3.8571,6.7714,1.4286,0.0571,3.57139993983145,3.0,13.5714,109.0,106.003,55.65,28.7,1.8,12.4,37.4,2.2,0.2,24.5,25.0,3.32966,0.63922,3.96888
Donte DiVincenzo,Villanova,BE,So,Wing G,40,29.275,188,391,0.480818414322251,85,212,0.401,103,179,0.575,59.0,76,107,0.71,1.15,3.6,4.75,3.475,1.05,0.2,1.97500007956835,2.8,13.425,119.5,100.427,60.77,27.4,4.9,13.8,20.0,2.1,0.7,17.0,22.8,5.78844,2.31335,8.10179
Gradey Dick,Kansas,B12,Fr,Wing F,36,32.6944,174,394,0.441624365482233,83,206,0.403,91,188,0.484,54.7,76,89,0.854,1.1111,4.0278,5.1389,1.6667,1.4444,0.25,1.25,2.6,14.0833,115.3,97.4812,58.11,22.6,4.0,13.5,9.4,2.5,0.8,11.4,19.2,4.28941,2.25256,6.54197
Hunter Dickinson,Kansas,B12,Sr,PF/C,34,30.1529,242,460,0.526086956521739,16,58,0.276,226,402,0.562,54.3,92,123,0.748,2.7647,7.2353,10.0,2.0882,0.9706,1.2941,2.1764999953931,3.0,17.4118,111.4,93.7948,57.1,26.7,10.7,25.1,14.4,1.9,4.7,14.8,28.3,5.15788,3.69974,8.85761
Rob Dillingham,Kentucky,SEC,Fr,Scoring PG,32,23.25,172,362,0.475138121546961,64,144,0.444,108,218,0.495,56.4,78,98,0.796,0.25,2.6875,2.9375,3.9062,1.0312,0.0625,2.00000003072039,4.5,15.1875,116.1,108.34,59.48,27.1,1.2,11.8,30.1,2.4,0.3,15.6,29.9,5.66024,-0.0191755,5.64106
Luguentz Dort,Arizona St.,P12,Fr,Combo G,34,31.5588,174,430,0.404651162790698,54,176,0.307,120,254,0.472,46.7,145,207,0.7,1.2941,2.9706,4.2647,2.3235,1.5294,0.2059,2.91180001724898,3.8,16.0882,98.9,100.209,51.77,48.1,4.5,10.0,15.0,2.7,0.8,18.7,27.1,1.21369,1.11303,2.32672
Ayo Dosunmu,Illinois,B10,Jr,Combo G,28,35.1429,210,430,0.488372093023256,32,83,0.386,178,347,0.513,52.6,112,143,0.783,1.1071,5.2143,6.3214,5.25,1.1071,0.2143,3.32139993350494,2.4,20.1429,110.8,95.7054,56.64,33.3,3.9,15.8,29.2,1.8,0.6,18.0,29.4,5.853,2.42786,8.28086
Andre Drummond,Connecticut,BE,Fr,C,34,28.4412,157,292,0.537671232876712,0,2,0.0,157,290,0.541,53.8,26,88,0.295,3.3529,4.2059,7.5588,0.4412,0.8235,2.7059,1.52940001138384,3.1,10.0,100.7,95.5401,50.93,30.1,14.2,15.5,3.4,1.8,9.9,16.0,20.8,1.78075,2.5491,4.32984
Kris Dunn,Providence,BE,Jr,Pure PG,33,32.9697,184,411,0.447688564476886,42,113,0.372,142,298,0.477,49.9,132,190,0.695,1.0909,4.2424,5.3333,6.2424,2.4848,0.6061,3.5151997984853,3.4,16.4242,103.6,93.8582,54.06,46.2,3.5,14.8,41.8,4.3,1.9,20.9,29.3,4.52388,5.03372,9.55759
Ryan Dunn,Virginia,ACC,So,PF/C,34,27.4412,114,208,0.548076923076923,7,35,0.2,107,173,0.618,56.5,41,77,0.532,2.2353,4.6765,6.9118,0.7647,1.2647,2.2647,0.823499982182807,3.0,8.1176,111.6,88.4688,56.42,37.0,9.6,20.8,6.0,3.0,10.4,11.6,17.0,1.14849,5.2444,6.39289
Jalen Duren,Memphis,Amer,Fr,C,29,25.2759,141,236,0.597457627118644,0,1,0.0,141,235,0.6,59.7,65,104,0.625,2.9655,5.1724,8.1379,1.2759,0.8276,2.1034,2.24139999118829,4.3,11.9655,109.5,91.1219,60.79,44.1,14.0,21.5,10.5,1.8,9.9,21.6,23.0,3.51697,3.11173,6.6287
Tari Eason,LSU,SEC,So,Wing F,33,24.4242,190,365,0.520547945205479,28,78,0.359,162,287,0.564,55.9,151,188,0.803,2.2727,4.3333,6.6061,1.0,1.9697,1.1515,2.1817998705669,4.5,16.9394,115.7,82.1464,61.52,51.5,10.5,19.8,10.1,4.6,6.5,16.5,30.8,8.45117,5.07946,13.5306
Zach Edey,Purdue,B10,Sr,C,39,31.9744,336,539,0.623376623376623,1,2,0.5,335,537,0.624,62.4,310,436,0.711,4.641,7.5128,12.1538,2.0256,0.2821,2.1538,2.30769995831079,2.4,25.2051,128.8,95.9233,65.88,80.9,18.1,25.5,14.6,0.5,6.9,12.7,33.4,12.427,3.11531,15.5423
Anthony Edwards,Georgia,SEC,Fr,Wing G,31,33.0312,195,488,0.399590163934426,69,237,0.291,126,251,0.502,47.0,127,165,0.77,0.75,4.4688,5.2188,2.8438,1.3438,0.5625,2.71880001548028,2.7,19.0625,103.0,102.774,51.73,33.8,2.4,14.5,17.9,2.3,1.6,15.4,28.8,4.38554,0.542972,4.92851
Justin Edwards,Kentucky,SEC,Fr,Wing F,32,21.4688,106,218,0.486238532110092,31,85,0.365,75,133,0.564,55.7,38,49,0.776,1.1875,2.1875,3.375,0.9375,0.875,0.2188,0.843800008651313,4.1,8.7812,117.2,109.046,58.23,22.5,6.4,10.4,6.9,2.2,1.1,11.9,18.0,1.87036,-0.301,1.56936
Keon Ellis,Alabama,SEC,Sr,Wing G,33,30.9394,122,278,0.438848920863309,67,183,0.366,55,95,0.579,55.9,89,101,0.881,1.8788,4.2121,6.0909,1.7879,1.9394,0.5758,1.57579997121801,3.4,12.1212,122.1,101.076,61.35,36.3,6.4,14.5,10.2,3.4,1.9,16.4,16.8,5.25669,3.1192,8.37589
Joel Embiid,Kansas,B12,Fr,C,28,23.1071,107,171,0.625730994152047,1,5,0.2,106,166,0.639,62.9,98,143,0.685,2.3214,5.7857,8.1071,1.3571,0.8929,2.5714,2.35710000867391,5.8,11.1786,112.0,90.0859,65.5,83.6,12.7,27.3,11.5,2.3,11.7,24.1,24.4,4.24577,6.35075,10.5965
Tyson Etienne,Wichita St.,Amer,So,Combo G,27,34.2593,133,370,0.359459459459459,73,224,0.326,60,146,0.411,45.8,63,82,0.768,0.4444,2.4444,2.8889,2.037,1.1481,0.037,2.00000005891016,2.6,14.8889,99.3,100.999,49.15,22.2,1.4,8.2,13.6,2.0,0.1,14.7,23.7,0.779382,0.0831644,0.862546
Drew Eubanks,Oregon St.,P12,Jr,C,32,31.3438,164,263,0.623574144486692,0,0,0.0,164,263,0.624,62.4,94,134,0.701,1.8438,4.9688,6.8125,1.0938,0.4688,1.7188,1.75000008799598,3.5,13.1875,117.0,101.599,64.6,51.0,7.3,18.7,7.3,0.9,6.4,17.2,19.1,2.20008,1.5495,3.74958
Tosan Evbuomwan,Princeton,Ivy,Sr,Wing F,30,31.4375,181,355,0.509859154929577,9,30,0.3,172,325,0.529,52.3,93,143,0.65,1.6562,4.625,6.2812,4.8438,0.75,0.5625,2.93749996702453,2.8,15.0625,107.7,99.661,54.86,40.3,5.8,16.1,31.5,1.3,1.9,18.6,28.3,3.4714,1.16594,4.63734
Jeremiah Fears,Oklahoma,SEC,Fr,Scoring PG,34,30.2029,180,415,0.433734939759036,38,134,0.284,142,281,0.505,48.0,183,215,0.851,0.7353,3.4118,4.1471,4.1176,1.6471,0.1176,3.4117999258081,2.5,17.0882,105.4,106.006,56.18,51.8,3.1,13.0,28.6,3.1,0.5,20.2,31.9,3.56047,1.21085,4.77132
Kyle Filipowski,Duke,ACC,So,PF/C,36,30.4167,220,435,0.505747126436782,39,112,0.348,181,323,0.56,55.1,112,167,0.671,2.1667,6.0278,8.1944,2.7778,1.1667,1.4722,2.11109989619374,4.0,16.4167,114.5,93.5155,57.45,38.4,8.6,22.6,18.4,2.3,5.2,14.9,27.7,5.97752,4.11506,10.0926
Dorian Finney-Smith,Florida,SEC,Sr,Stretch 4,36,31.75,169,387,0.436692506459948,71,193,0.368,98,194,0.505,52.8,121,165,0.733,2.4722,5.8611,8.3333,2.0833,0.9167,0.8056,1.88889993434502,2.7,14.7222,113.7,95.9446,56.94,42.6,7.9,19.4,13.2,1.6,2.6,15.0,22.4,5.96419,2.79482,8.75901
Cooper Flagg,Duke,ACC,Fr,Stretch 4,37,30.6757,239,497,0.480885311871227,52,135,0.385,187,362,0.517,53.3,179,213,0.84,1.3243,6.1622,7.4865,4.2162,1.4054,1.3514,2.1081,2.5,19.1622,123.0,88.3745,59.26,42.9,5.5,21.2,26.8,2.8,4.9,13.5,30.8,9.16141,5.78951,14.9509
Rasheer Fleming,Saint Joseph's,A10,Jr,Stretch 4,35,31.2457,188,354,0.531073446327684,62,159,0.39,126,195,0.646,61.9,75,101,0.743,2.0571,6.4857,8.5429,1.2571,1.4,1.5429,1.54289998994924,3.3,14.6571,121.4,93.8,63.81,28.5,7.6,22.8,8.5,2.6,4.9,14.2,20.4,4.47599,2.8567,7.33268
De'Aaron Fox,Kentucky,SEC,Fr,Scoring PG,36,29.5556,214,448,0.477678571428571,17,69,0.246,197,379,0.52,49.7,156,211,0.739,0.5833,3.3889,3.9722,4.5833,1.4722,0.1944,2.41669982446881,3.4,16.6944,110.7,96.0513,54.81,47.1,2.1,12.2,28.6,2.7,0.7,15.8,27.6,3.84927,3.27528,7.12455
Enrique Freeman,Akron,MAC,Sr,PF/C,33,32.4286,222,379,0.585751978891821,19,52,0.365,203,327,0.621,61.1,164,225,0.729,3.5429,9.2286,12.7714,1.5714,0.8,1.6857,2.54290002941472,3.5,18.6286,118.4,92.2048,64.52,59.4,11.8,32.8,10.9,1.4,5.9,17.3,28.1,5.59725,2.28509,7.88235
Johnny Furphy,Kansas,B12,Fr,Stretch 4,32,24.0909,94,201,0.467661691542289,44,122,0.361,50,79,0.633,57.7,62,81,0.765,1.303,3.6061,4.9091,1.0,0.8788,0.3333,0.84850001657969,3.5,9.0303,117.5,100.348,61.38,40.3,6.6,16.3,7.1,2.0,1.6,12.1,17.0,3.27655,2.17242,5.44897
Daniel Gafford,Arkansas,SEC,So,C,32,28.6875,213,323,0.659442724458204,0,0,0.0,213,323,0.659,65.9,114,193,0.591,2.8438,5.8125,8.6562,0.7188,0.9062,1.9688,2.37499993391764,3.8,16.875,112.3,95.1262,65.11,59.8,11.2,22.7,6.0,1.8,8.4,18.2,25.2,5.11419,2.16258,7.27677
Myron Gardner,Little Rock,OVC,Sr,Wing F,28,30.8333,120,285,0.421052631578947,34,98,0.347,86,187,0.46,48.1,101,135,0.748,2.1667,6.9667,9.1333,3.6333,1.2667,0.5333,2.66669984169566,4.2,13.2,104.1,105.183,53.71,47.4,7.5,25.6,22.2,2.3,1.9,19.7,24.4,1.74875,-0.594133,1.15462
Darius Garland,Vanderbilt,SEC,Fr,Combo G,5,27.8,29,54,0.537037037037037,11,23,0.478,18,31,0.581,63.9,12,16,0.75,0.4,3.4,3.8,2.6,0.8,0.4,3.00000012692308,2.0,16.2,110.1,105.122,65.75,29.6,1.6,13.7,25.7,1.7,1.5,23.2,26.9,3.46736,1.13378,4.60114
Luka Garza,Iowa,B10,Sr,PF/C,31,31.6452,281,508,0.553149606299213,44,100,0.44,237,408,0.581,59.6,141,199,0.709,3.0,5.7419,8.7419,1.7419,0.6774,1.6129,1.51610007499904,2.9,24.0968,124.0,99.7365,61.99,39.2,10.4,18.2,12.1,1.2,5.2,8.9,30.4,11.0337,1.41989,12.4536
Keyonte George,Baylor,B12,Fr,Combo G,33,28.6667,155,412,0.37621359223301,77,228,0.338,78,184,0.424,47.0,119,150,0.793,1.0,3.1515,4.1515,2.7576,1.1212,0.1818,2.87879983361088,3.0,15.3333,102.7,103.505,52.35,36.4,4.2,13.6,20.0,2.3,0.7,19.8,29.8,4.2202,0.430486,4.65069
Kyshawn George,Miami FL,ACC,Fr,Wing F,31,23.0,81,190,0.426315789473684,53,130,0.408,28,60,0.467,56.6,21,27,0.778,0.4516,2.5806,3.0323,2.1613,0.871,0.3548,1.54840007924186,3.1,7.6129,107.2,105.793,58.18,14.2,2.2,12.1,16.3,2.2,1.8,21.9,17.6,0.954272,1.8873,2.84157
Paul George,Fresno St.,WAC,So,Wing F,28,33.1786,150,351,0.427350427350427,58,163,0.356,92,188,0.489,51.0,110,122,0.902,1.9286,5.2857,7.2143,3.0714,2.1429,0.8571,3.17860013307607,3.5,16.7143,105.6,94.6435,57.22,34.8,6.8,18.6,22.6,3.9,3.0,20.8,27.3,4.41774,2.32799,6.74572
Shai Gilgeous-Alexander,Kentucky,SEC,Fr,Scoring PG,37,33.7297,183,377,0.485411140583554,23,57,0.404,160,320,0.5,51.6,143,174,0.822,0.8919,3.2432,4.1351,5.1081,1.6486,0.4865,2.67569997701604,2.0,14.3784,114.1,100.791,57.87,46.2,3.2,10.0,28.8,2.8,1.7,19.8,22.8,5.02271,3.08079,8.1035
Anthony Gill,Virginia,ACC,Sr,PF/C,37,28.027,189,326,0.579754601226994,2,2,1.0,187,324,0.577,58.3,129,173,0.746,2.1622,3.973,6.1351,0.7568,0.6486,0.5676,1.1351000147152,3.3,13.7568,122.6,96.8155,62.35,53.1,10.6,18.2,5.8,1.5,2.6,10.9,24.0,5.25713,2.01103,7.26817
Collin Gillespie,Villanova,BE,Sr,Combo G,38,34.2632,188,433,0.434180138568129,113,272,0.415,75,161,0.466,56.5,105,116,0.905,0.4211,3.3947,3.8158,3.1842,1.0263,0.0,1.6578999518453,2.2,15.6316,122.6,100.572,60.85,26.8,1.5,11.6,20.2,1.9,0.0,13.7,22.4,6.16835,1.95652,8.12487
Vladislav Goldin,Michigan,B10,Sr,C,37,27.5514,222,366,0.60655737704918,11,33,0.333,211,333,0.634,62.2,160,219,0.731,2.3514,4.6757,7.027,1.0811,0.5135,1.3784,2.32430008113658,2.9,16.6216,117.4,98.7466,65.42,59.8,10.3,17.4,8.5,1.1,5.2,18.3,26.1,5.83488,3.06419,8.89907
Jordan Goodwin,Saint Louis,A10,Sr,Wing G,21,33.1429,114,265,0.430188679245283,22,70,0.314,92,195,0.472,47.2,54,84,0.643,2.619,7.4762,10.0952,3.8571,2.0476,0.1905,2.76189995000783,2.1,14.4762,102.6,90.0412,49.85,31.7,9.1,27.0,21.8,3.6,0.7,18.6,26.1,3.75248,2.9542,6.70668
Aaron Gordon,Arizona,P12,Fr,Wing F,38,31.2368,189,382,0.494764397905759,16,45,0.356,173,337,0.513,51.6,76,180,0.422,2.6842,5.2895,7.9737,1.9737,0.8947,1.0263,1.44739993745167,3.0,12.3684,105.5,87.7492,50.27,47.1,10.4,19.3,13.0,1.8,3.4,12.4,23.2,3.32065,3.85299,7.17364
Eric Gordon,Indiana,B10,Fr,,32,34.6875,184,425,0.432941176470588,70,208,0.337,114,217,0.525,51.5,231,277,0.834,0.7188,2.5312,3.25,2.4375,1.3125,0.625,3.59380006900686,2.5,20.9062,110.7,98.503,60.1,65.2,2.6,8.0,15.2,2.3,2.0,20.7,29.7,5.76279,0.868358,6.63115
Jerami Grant,Syracuse,ACC,So,C,32,31.4062,133,268,0.496268656716418,0,5,0.0,133,263,0.506,49.6,120,178,0.674,2.4375,4.3438,6.7812,1.375,0.8125,0.5625,1.15620005425984,3.0,12.0625,115.6,97.8648,54.74,66.4,9.1,17.2,9.4,1.7,2.5,11.3,21.4,3.38554,1.83139,5.21693
AJ Green,Northern Iowa,MVC,Jr,Combo G,30,36.4194,173,421,0.410926365795724,92,237,0.388,81,184,0.44,52.0,140,153,0.915,0.2258,3.4516,3.6774,2.4839,0.8387,0.0323,2.19349997227548,1.8,18.8065,110.4,106.446,58.54,36.3,0.8,11.7,14.2,1.4,0.1,13.4,26.2,4.60968,-0.981512,3.62817
Draymond Green,Michigan St.,B10,Sr,Stretch 4,37,33.2162,212,472,0.449152542372881,52,134,0.388,160,338,0.473,50.4,125,173,0.723,2.1351,8.4865,10.6216,3.8108,1.4595,0.973,3.02699988098683,3.4,16.2432,107.3,83.1827,54.22,36.7,8.2,28.5,24.2,2.7,3.4,19.7,28.2,5.98404,5.04892,11.033
Javonte Green,Radford,BSth,Sr,Wing G,31,26.2353,169,317,0.533123028391167,1,9,0.111,168,308,0.545,53.5,146,208,0.702,2.8529,6.1765,9.0294,1.2647,1.9118,0.8529,2.02940003235936,3.9,15.4412,112.8,91.1858,58.32,65.6,12.3,27.2,11.0,4.4,3.5,15.6,29.8,5.66444,1.85008,7.51452
Josh Green,Arizona,P12,Fr,Wing G,30,30.8333,121,287,0.421602787456446,30,83,0.361,91,204,0.446,47.4,85,109,0.78,1.3,3.2667,4.5667,2.6,1.5333,0.4333,1.63330000186824,3.2,11.9,107.6,92.1888,52.69,38.0,4.8,11.9,16.0,2.8,1.6,14.7,20.5,2.13566,3.56665,5.70231
Quentin Grimes,Houston,Amer,Jr,Wing G,30,32.8,173,426,0.406103286384977,100,248,0.403,73,178,0.41,52.3,89,113,0.788,1.6,4.1,5.7,1.9667,1.4,0.3,1.83330003309019,2.7,17.8333,118.2,90.3659,55.77,26.5,5.4,14.1,12.6,2.6,1.2,13.5,25.3,7.79519,2.17092,9.96611
Mouhamed Gueye,Washington St.,P12,So,PF/C,33,32.1212,186,381,0.488188976377953,11,40,0.275,175,341,0.513,50.3,89,132,0.674,3.3636,5.0,8.3636,1.9091,0.8182,0.8182,2.33330003655964,3.5,14.303,106.4,99.1435,53.19,34.6,12.2,19.3,14.1,1.6,2.7,16.9,26.5,2.88505,1.42067,4.30572
Rui Hachimura,Gonzaga,WCC,Jr,Wing F,37,30.2162,275,465,0.591397849462366,15,36,0.417,260,429,0.606,60.8,164,222,0.739,1.3784,5.0811,6.4595,1.5405,0.9459,0.7297,1.83779996268568,2.6,19.7027,121.7,91.0383,63.9,47.7,5.8,17.0,9.3,1.8,2.4,12.9,26.4,5.90314,2.48868,8.39182
Tyrese Haliburton,Iowa St.,B12,So,Scoring PG,22,36.6818,123,244,0.504098360655738,52,124,0.419,71,120,0.592,61.1,37,45,0.822,1.4545,4.4091,5.8636,6.4545,2.4545,0.6818,2.7726999835047,1.4,15.2273,120.1,99.913,63.12,18.4,4.6,13.7,35.3,3.8,2.0,20.1,21.5,7.40489,3.33347,10.7384
PJ Hall,Clemson,ACC,Sr,PF/C,36,28.9167,240,492,0.48780487804878,52,165,0.315,188,327,0.575,54.1,127,163,0.779,1.5833,4.8056,6.3889,1.4167,0.7778,1.4167,1.86109996301972,4.3,18.3056,111.8,100.938,57.87,33.1,6.6,18.0,10.8,1.6,5.6,12.6,30.2,5.08422,2.28551,7.36973
Tim Hardaway Jr.,Michigan,B10,Jr,Wing G,37,34.9459,193,450,0.428888888888889,68,190,0.358,125,260,0.481,50.4,73,105,0.695,0.2162,4.2973,4.5135,2.4324,0.6757,0.4595,1.86490000129264,2.2,14.2432,104.9,99.6,52.71,23.3,0.8,14.5,12.9,1.2,1.4,15.0,22.3,3.15549,1.15365,4.30914
James Harden,Arizona St.,P10,So,,35,35.8286,221,452,0.488938053097345,58,163,0.356,163,289,0.564,55.3,204,270,0.756,1.3714,4.2,5.5714,4.2286,1.6857,0.3143,3.37140008602388,3.2,20.1143,112.8,95.6385,60.66,59.7,5.5,14.6,29.2,3.1,1.1,19.0,32.6,6.88906,2.92344,9.8125
Elijah Harkless,Oklahoma,B12,Sr,Wing G,26,28.9615,96,227,0.422907488986784,32,99,0.323,64,128,0.5,49.3,37,58,0.638,0.7692,3.3462,4.1154,1.7308,1.3462,0.1538,2.2307998576196,2.8,10.0385,92.5,96.439,51.27,25.6,3.6,14.3,12.1,2.8,0.6,21.3,21.9,0.375031,1.85942,2.23445
Dylan Harper,Rutgers,B10,Fr,Combo G,29,32.6,194,401,0.483790523690773,50,150,0.333,144,251,0.574,54.6,126,168,0.75,0.7586,3.8276,4.5862,4.0345,1.4483,0.5862,2.4137999260143,2.4,19.4483,115.2,108.722,58.65,41.9,2.6,13.5,27.0,2.6,1.9,14.8,28.8,7.04278,1.51722,8.56
Ron Harper Jr.,Rutgers,B10,Sr,Wing G,32,34.2812,171,387,0.441860465116279,68,171,0.398,103,216,0.477,53.0,97,122,0.795,1.2812,4.5938,5.875,1.9062,1.0625,0.625,1.62499994991672,2.4,15.8438,111.9,100.622,56.97,31.5,4.4,15.7,11.6,1.9,2.2,12.7,22.8,4.57277,1.23105,5.80381
Kevon Harris,Stephen F. Austin,Slnd,Sr,Wing G,28,29.2581,151,325,0.464615384615385,56,132,0.424,95,193,0.492,55.1,141,179,0.788,1.4194,4.2903,5.7097,2.129,1.5161,0.2581,3.48390016749067,3.4,17.4516,109.2,90.8386,60.85,55.1,5.3,18.0,14.2,2.8,0.9,23.0,26.8,3.80545,0.96309,4.76854
Tobias Harris,Tennessee,SEC,Fr,PF/C,34,29.2059,185,402,0.460199004975124,23,76,0.303,162,326,0.497,48.9,128,170,0.753,1.9706,5.2941,7.2647,1.2941,0.7059,0.8529,1.82349997012735,2.8,15.3235,109.5,97.8243,53.96,42.3,7.5,20.6,10.4,1.4,3.4,14.3,25.9,5.33543,1.37966,6.7151
Josh Hart,Villanova,BE,Sr,Wing G,36,33.1667,236,463,0.509719222462203,74,183,0.404,162,280,0.579,59.0,127,170,0.747,1.4167,4.9722,6.3889,2.9444,1.5556,0.2778,1.97219999109951,2.7,18.6944,122.3,93.5948,61.89,36.7,5.9,17.5,18.8,2.9,1.0,13.4,27.1,7.54825,3.27945,10.8277
Sam Hauser,Virginia,ACC,Sr,Stretch 4,25,34.24,147,292,0.503424657534247,63,151,0.417,84,141,0.596,61.1,43,48,0.896,0.84,5.96,6.8,1.8,0.56,0.4,1.03999998844444,1.8,16.0,123.6,99.4885,63.53,16.4,3.4,21.6,11.6,1.1,1.4,9.0,22.2,7.43766,1.62484,9.06251
Jordan Hawkins,Connecticut,BE,So,Wing G,37,29.3514,182,445,0.408988764044944,109,281,0.388,73,164,0.445,53.1,125,141,0.887,0.973,2.8108,3.7838,1.2703,0.7027,0.5135,1.351399986236,3.0,16.1622,121.2,97.2929,58.4,31.7,3.9,10.8,8.2,1.4,1.8,11.9,22.7,6.14368,1.22205,7.36573
Jaxson Hayes,Texas,B12,Fr,C,32,23.3438,123,169,0.727810650887574,0,0,0.0,123,169,0.728,72.8,74,100,0.74,1.75,3.25,5.0,0.2812,0.5938,2.2188,0.906200016196875,5.7,10.0,133.8,94.8033,73.9,59.2,8.8,16.2,2.6,1.5,10.6,13.9,16.9,3.95481,5.02707,8.98188
Taylor Hendricks,UCF,Amer,Fr,Stretch 4,34,34.6471,184,385,0.477922077922078,61,155,0.394,123,230,0.535,55.7,86,110,0.782,2.3529,4.6176,6.9706,1.3529,0.9118,1.6765,1.41179999950119,2.3,15.1471,119.9,96.0289,58.89,28.6,8.1,16.2,8.6,1.6,5.9,12.1,20.4,4.91313,2.20267,7.1158
Chucky Hepburn,Louisville,ACC,Sr,Pure PG,34,34.8206,166,384,0.432291666666667,63,192,0.328,103,192,0.536,51.4,162,192,0.844,0.5294,2.9412,3.4706,5.8235,2.4118,0.0882,3.02940002159049,3.1,16.3824,115.2,98.393,58.61,50.0,1.8,9.4,31.3,4.0,0.3,19.7,25.5,4.02378,4.18229,8.20607
Tyler Herro,Kentucky,SEC,Fr,Wing G,37,32.6216,186,403,0.461538461538462,60,169,0.355,126,234,0.538,53.6,87,93,0.935,0.4054,4.0811,4.4865,2.4865,1.1081,0.3243,1.62160001215629,1.6,14.027,118.2,96.8156,58.03,23.1,1.6,14.0,15.2,2.0,1.1,14.8,20.0,4.61709,3.45696,8.07405
Buddy Hield,Oklahoma,B12,Sr,Wing G,37,35.3784,301,601,0.500831946755408,147,322,0.457,154,279,0.552,62.3,176,200,0.88,1.2432,4.4865,5.7297,2.027,1.1351,0.4865,3.05410009095101,2.3,25.0,121.5,100.663,66.45,33.3,4.0,13.0,12.7,1.8,1.4,17.1,28.4,10.113,1.73643,11.8494
Aaron Holiday,UCLA,P12,Jr,Scoring PG,33,37.697,212,460,0.460869565217391,88,205,0.429,124,255,0.486,55.7,159,192,0.828,0.5152,3.1515,3.6667,5.8182,1.2727,0.2424,3.78789989746329,2.8,20.3333,112.9,106.928,60.87,41.7,1.6,8.7,29.9,1.9,0.7,20.6,27.2,4.85916,0.108889,4.96804
Jrue Holiday,UCLA,P10,Fr,,35,27.1429,112,249,0.449799196787149,27,88,0.307,85,161,0.528,50.4,45,62,0.726,1.2571,2.5143,3.7714,3.6857,1.5714,0.5143,2.14290003009432,3.2,8.4571,107.2,95.4139,53.15,24.9,6.0,11.8,23.8,3.5,2.1,23.4,20.5,3.30703,3.43319,6.74022
DaRon Holmes II,Dayton,A10,Jr,PF/C,33,32.3939,217,399,0.543859649122807,32,83,0.386,185,316,0.585,58.4,206,289,0.713,1.6667,6.8485,8.5152,2.6061,0.9394,2.0606,2.24239985330484,2.5,20.3636,119.1,95.3316,62.65,72.4,6.8,23.7,19.0,1.8,7.2,13.7,31.2,7.82611,3.62503,11.4511
Chet Holmgren,Gonzaga,WCC,Fr,PF/C,32,26.9062,170,280,0.607142857142857,41,105,0.39,129,175,0.737,68.0,71,99,0.717,1.7812,8.125,9.9062,1.9062,0.8125,3.4688,1.9062,3.9,14.125,124.3,78.4812,69.11,35.4,8.0,28.7,11.4,1.6,11.9,17.9,21.4,7.05891,7.0373,14.0962
Caleb Houstan,Michigan,B10,Fr,Wing F,34,32.0,109,284,0.383802816901408,60,169,0.355,49,115,0.426,48.9,65,83,0.783,0.7941,3.1765,3.9706,1.3529,0.7353,0.2353,1.5293999587088,2.1,10.0882,103.4,105.363,53.03,29.2,3.1,11.7,7.4,1.4,0.8,16.7,17.0,1.47876,0.663666,2.14243
Jett Howard,Michigan,B10,Fr,Wing F,29,31.6897,137,331,0.413897280966767,78,212,0.368,59,119,0.496,53.2,60,75,0.8,0.2759,2.5517,2.8276,2.0345,0.4138,0.6552,1.27590008181564,2.8,14.2069,111.5,105.02,56.19,22.7,1.0,8.8,12.9,0.8,2.1,11.0,21.8,3.79192,0.539019,4.33094
Kevin Huerter,Maryland,B10,So,Wing G,31,34.3438,157,314,0.5,70,169,0.414,87,145,0.6,61.1,74,97,0.763,0.9688,4.0625,5.0312,3.375,0.625,0.6562,2.5,2.8,14.75,116.3,102.028,63.6,30.9,3.9,13.1,20.0,1.1,2.1,20.4,21.5,5.53646,1.55952,7.09599
Jay Huff,Virginia,ACC,Sr,PF/C,25,27.04,127,217,0.585253456221198,29,75,0.387,98,142,0.69,65.2,41,49,0.837,1.72,5.36,7.08,0.96,0.52,2.64,1.32000008580001,3.8,12.96,123.9,90.9887,67.42,22.6,8.9,24.6,8.1,1.3,11.9,13.9,23.2,6.18394,4.64305,10.827
De'Andre Hunter,Virginia,ACC,So,Wing F,38,32.4737,205,394,0.520304568527919,46,105,0.438,159,289,0.55,57.9,123,157,0.783,1.3684,3.7105,5.0789,1.9737,0.5789,0.5789,1.36839994368047,2.5,15.2368,122.9,94.2741,61.78,39.8,5.6,13.4,13.0,1.2,2.4,11.8,23.5,6.77468,2.63667,9.41135
CJ Huntley,Appalachian St.,SB,Sr,Stretch 4,29,33.5806,171,354,0.483050847457627,42,118,0.356,129,236,0.547,54.2,74,109,0.679,2.2903,5.7742,8.0645,1.0968,0.5806,0.6774,1.48389998952422,1.8,15.7097,111.1,100.184,56.44,30.8,7.7,18.4,7.5,1.1,2.1,11.8,23.1,2.84145,0.31603,3.15748
Oso Ighodaro,Marquette,BE,Sr,C,36,32.5,196,340,0.576470588235294,0,2,0.0,196,338,0.58,57.6,91,146,0.623,2.5833,4.3056,6.8889,2.9167,1.0556,1.2778,1.77780003490259,2.7,13.4167,117.2,100.311,59.0,42.9,9.4,15.3,16.1,1.9,4.7,14.4,21.9,3.91607,2.9699,6.88597
Brandon Ingram,Duke,ACC,Fr,Stretch 4,36,34.6111,214,484,0.442148760330579,80,195,0.41,134,289,0.464,52.5,116,170,0.682,1.8611,4.9167,6.7778,1.9722,1.1111,1.3611,1.99999995943616,2.4,17.3333,112.1,103.403,55.25,35.1,6.1,15.4,11.3,1.9,3.6,13.7,24.6,5.41374,1.32811,6.74185
Harrison Ingram,North Carolina,ACC,Jr,Wing F,37,32.7838,163,379,0.430079155672823,65,169,0.385,98,210,0.467,51.6,60,98,0.612,2.6216,6.2162,8.8378,2.1892,1.3784,0.4054,1.37840001217465,2.3,12.1892,113.9,96.3595,52.99,25.9,8.7,20.1,11.7,2.4,1.3,12.4,19.0,4.29669,3.21716,7.51385
Kyrie Irving,Duke,ACC,Fr,Scoring PG,11,27.5455,55,104,0.528846153846154,18,39,0.462,37,65,0.569,61.5,64,71,0.901,0.5455,2.8182,3.3636,4.2727,1.4545,0.5455,2.45450005070481,3.0,17.4545,130.5,91.7011,69.7,68.3,2.3,10.6,29.8,3.0,1.8,18.6,27.2,9.48637,4.37825,13.8646
Jonathan Isaac,Florida St.,ACC,Fr,Stretch 4,32,26.1875,130,256,0.5078125,31,89,0.348,99,167,0.593,56.8,92,118,0.78,1.75,6.0938,7.8438,1.1562,1.1562,1.5312,1.4999999416191,3.3,11.9688,118.8,92.6767,61.37,46.1,7.7,25.0,7.5,2.4,6.2,15.7,20.0,5.33623,3.7778,9.11403
Jaden Ivey,Purdue,B10,So,Wing G,36,31.4444,203,440,0.461363636363636,64,179,0.358,139,261,0.533,53.4,154,207,0.744,0.6667,4.2222,4.8889,3.0556,0.9167,0.5556,2.61110001552167,2.2,17.3333,111.6,101.517,57.96,47.0,2.7,15.0,19.2,1.7,2.0,17.9,27.7,5.51668,0.96382,6.4805
Quenton Jackson,Texas A&M,SEC,Sr,Combo G,39,26.35,184,378,0.486772486772487,44,126,0.349,140,252,0.556,54.5,166,200,0.83,0.5,3.0,3.5,1.975,1.75,0.55,2.37499996392405,3.8,14.775,111.1,93.7661,61.1,52.9,2.2,13.2,16.6,3.8,2.0,19.9,26.6,4.76437,3.5405,8.30487
Andre Jackson Jr.,Connecticut,BE,Jr,Wing G,36,29.0833,92,213,0.431924882629108,25,89,0.281,67,124,0.54,49.1,31,48,0.646,1.8611,4.3333,6.1944,4.6944,1.0833,0.5,1.97220010361361,3.9,6.6667,111.3,93.2049,50.89,22.5,7.6,16.7,26.6,2.2,1.8,24.1,16.5,2.51275,4.50552,7.01826
Jaren Jackson Jr.,Michigan St.,B10,Fr,PF/C,35,21.8571,119,232,0.512931034482759,38,96,0.396,81,136,0.596,59.5,106,133,0.797,1.4857,4.3143,5.8,1.1143,0.6,3.0,1.77139996777365,5.9,10.9143,116.8,85.8569,64.71,57.3,8.7,19.7,9.3,1.6,14.2,20.8,22.8,3.86728,6.69798,10.5653
Trayce Jackson-Davis,Indiana,B10,Jr,C,32,34.5625,262,450,0.582222222222222,0,0,0.0,262,450,0.582,58.2,146,210,0.695,2.8438,7.9688,10.8125,4.0312,0.8438,2.875,2.5625000480723,2.0,20.9375,118.5,93.4323,60.94,46.7,10.1,24.7,24.8,1.4,9.0,14.3,30.1,9.76672,4.95439,14.7211
Bronny James,USC,P12,Fr,Combo G,25,19.44,41,112,0.366071428571429,16,60,0.267,25,52,0.481,43.8,23,34,0.676,0.28,2.56,2.84,2.12,0.76,0.2,1.08000010066416,3.5,4.84,96.4,105.53,47.21,30.4,1.7,15.1,19.3,2.2,1.1,19.4,16.5,-1.65302,1.31921,-0.333807
Sion James,Duke,ACC,Jr,Wing G,39,25.541,112,217,0.516129032258065,31,75,0.413,81,142,0.57,58.8,81,100,0.81,0.7436,3.4359,4.1795,2.9487,0.8205,0.2564,1.2051000806457,3.2,8.6154,127.8,95.5391,63.52,46.1,3.7,14.2,18.9,1.9,1.1,16.6,17.1,3.92618,3.98371,7.90989
Jaime Jaquez Jr.,UCLA,P12,Sr,Wing F,37,33.2432,261,543,0.480662983425414,33,104,0.317,228,439,0.519,51.1,104,135,0.77,2.5676,5.6486,8.2162,2.3514,1.5405,0.5946,1.8108000290726,2.2,17.8108,113.1,88.0102,54.27,24.9,9.0,20.2,14.6,2.8,2.2,11.9,27.2,6.06545,3.48227,9.54772
Daniss Jenkins,St. John's,BE,Sr,Pure PG,33,30.697,190,426,0.446009389671362,56,158,0.354,134,268,0.5,51.2,57,67,0.851,0.9091,2.5758,3.4848,5.4242,1.5758,0.5455,2.42420002885067,3.1,14.9394,114.0,104.161,53.84,15.7,3.2,9.6,32.3,3.0,1.9,17.8,25.6,5.98901,2.25241,8.24143
Ty Jerome,Virginia,ACC,Jr,Scoring PG,37,33.9459,178,409,0.43520782396088,79,198,0.399,99,211,0.469,53.2,67,91,0.736,0.4595,3.7568,4.2162,5.4595,1.5405,0.027,1.64860002950962,2.0,13.5676,119.1,91.6552,55.5,22.2,1.8,13.0,32.6,3.0,0.1,13.3,24.1,6.33137,3.96469,10.2961
Isaiah Joe,Arkansas,SEC,So,Wing G,26,36.0385,132,360,0.366666666666667,94,275,0.342,38,85,0.447,49.7,81,91,0.89,0.5385,3.5769,4.1154,1.7308,1.3846,0.2692,1.7308,2.0,16.8846,104.6,98.1214,54.44,25.3,1.7,11.5,10.0,2.2,0.8,11.7,22.9,3.65953,0.682599,4.34213
Keldon Johnson,Kentucky,SEC,Fr,Wing F,37,30.7027,172,373,0.46112600536193,45,118,0.381,127,255,0.498,52.1,109,155,0.703,1.3243,4.5405,5.8649,1.6486,0.7568,0.1622,1.62160005104607,2.9,13.4595,112.9,97.1789,55.75,41.6,5.5,16.5,10.6,1.5,0.6,14.5,21.7,3.54806,2.15859,5.70664
Keshad Johnson,Arizona,P12,Sr,Wing F,36,27.6389,151,285,0.529824561403509,36,93,0.387,115,192,0.599,59.3,76,107,0.71,2.0,3.8611,5.8611,1.8333,1.0,0.7222,1.55560005029714,3.0,11.5,119.6,97.1797,61.64,37.5,8.0,14.8,10.8,2.0,2.7,16.7,18.3,4.05876,3.04237,7.10113
Tre Johnson,Texas,SEC,Fr,Combo G,33,34.6848,224,525,0.426666666666667,89,224,0.397,135,301,0.449,51.1,121,139,0.871,0.3333,2.7879,3.1212,2.7273,0.9394,0.303,1.818200036364,2.4,19.9394,113.0,108.341,55.67,26.5,1.1,9.0,16.5,1.6,1.0,11.3,27.3,5.96797,0.601105,6.56907
Colby Jones,Xavier,BE,Jr,Wing G,36,34.0,207,407,0.508599508599509,45,119,0.378,162,288,0.563,56.4,81,124,0.653,1.25,4.4722,5.7222,4.3889,1.3056,0.5556,2.33330021591254,2.5,15.0,112.6,102.373,57.95,30.5,4.4,14.4,22.3,2.1,1.6,17.3,22.1,4.40811,1.99379,6.4019
Curtis Jones,Iowa St.,B12,Sr,Combo G,34,30.5029,197,458,0.430131004366812,88,235,0.374,109,223,0.489,52.6,109,129,0.845,0.4412,3.7941,4.2353,2.3235,1.1471,0.1765,1.41180007353027,2.1,17.3824,117.3,99.267,56.91,28.2,1.8,14.5,15.2,2.2,0.7,10.5,25.4,5.56376,1.9516,7.51537
Herbert Jones,Alabama,SEC,Sr,Wing F,33,27.2727,129,289,0.44636678200692,20,57,0.351,109,232,0.47,48.1,93,130,0.715,2.4848,4.0909,6.5758,3.2727,1.7273,1.1212,2.81820005600233,4.2,11.2424,103.3,89.826,52.89,45.0,9.4,15.2,21.7,3.4,4.0,22.9,24.3,3.01408,4.69424,7.70832
Kam Jones,Marquette,BE,Sr,Scoring PG,34,33.8029,266,551,0.482758620689655,64,206,0.311,202,345,0.586,54.1,57,88,0.648,0.6471,3.8235,4.4706,5.8824,1.3824,0.2647,1.85290001768325,2.6,19.2059,118.1,101.735,55.08,16.0,2.1,13.6,38.1,2.4,0.9,11.1,29.2,6.79393,2.52141,9.31534
Spencer Jones,Stanford,P12,Sr,Wing G,25,29.04,99,226,0.438053097345133,54,132,0.409,45,94,0.479,55.8,40,62,0.645,1.16,2.92,4.08,2.0,1.44,0.8,1.32000005676,3.3,11.68,110.5,104.273,57.15,27.4,4.9,11.2,12.7,2.8,2.8,13.0,19.8,3.41718,2.25824,5.67542
Tyus Jones,Duke,ACC,Fr,Scoring PG,39,33.8974,135,324,0.416666666666667,47,124,0.379,88,200,0.44,48.9,144,162,0.889,0.4872,3.0256,3.5128,5.5641,1.5128,0.0769,1.94870002785358,1.4,11.8205,121.8,98.3377,57.49,50.0,1.8,9.9,27.5,2.7,0.2,17.4,19.9,5.61301,2.78366,8.39666
Derrick Jones Jr.,Radford,BSth,Fr,Wing F,9,4.6667,4,15,0.266666666666667,1,8,0.125,3,7,0.429,30.0,0,0,0.0,0.2222,0.7778,1.0,0.1111,0.3333,0.0,0.333299983335001,5.7,1.0,62.1,95.2429,30.0,0.0,5.4,21.9,5.2,4.4,0.0,20.5,21.5,-8.2582,0.844659,-7.41354
DeAndre Jordan,Texas A&M,B12,Fr,,34,20.0857,107,177,0.604519774011299,0,0,0.0,107,177,0.605,60.5,52,115,0.452,1.8857,4.1143,6.0,0.4286,0.2,1.2571,1.62859994779817,3.8,7.9429,99.3,89.5765,57.42,65.0,11.0,22.0,4.4,0.5,6.5,21.8,22.1,1.26768,2.83209,4.09977
Johnny Juzang,UCLA,P12,Jr,Wing G,30,31.7667,179,414,0.432367149758454,45,125,0.36,134,289,0.464,48.7,66,79,0.835,0.7667,3.9667,4.7333,1.8,0.7333,0.1333,1.56670002083972,2.5,15.6333,105.7,98.1726,51.94,19.1,2.7,15.0,11.5,1.4,0.5,11.8,25.2,3.21758,0.697095,3.91467
Ryan Kalkbrenner,Creighton,BE,Sr,C,35,34.4457,271,415,0.653012048192771,21,61,0.344,250,354,0.706,67.8,109,160,0.681,2.4,6.2571,8.6571,1.5429,0.5429,2.6571,1.45710006168381,1.6,19.2,129.2,98.4497,68.43,38.6,8.8,18.4,10.0,0.9,7.3,11.2,22.3,7.1654,3.96591,11.1313
Miles Kelly,Auburn,SEC,Sr,Wing G,38,28.1895,141,347,0.406340057636888,88,233,0.378,53,114,0.465,53.3,60,66,0.909,0.3421,3.3421,3.6842,1.0789,1.0263,0.3947,0.868399997031551,3.1,11.3158,117.5,101.538,56.83,19.0,1.4,13.1,6.4,2.1,1.5,10.5,17.0,3.3072,2.81417,6.12137
Luke Kennard,Duke,ACC,So,Wing G,37,35.5135,237,485,0.488659793814433,88,201,0.438,149,284,0.525,57.9,160,187,0.856,1.1622,3.9189,5.0811,2.4595,0.8378,0.3514,1.59459991381186,2.5,19.5135,127.3,103.155,62.91,38.6,3.9,12.1,13.6,1.4,0.9,11.2,23.0,7.95111,1.39325,9.34435
Walker Kessler,Auburn,SEC,So,C,34,25.5588,163,268,0.608208955223881,10,50,0.2,153,218,0.702,62.7,53,89,0.596,2.6176,5.4118,8.0294,0.8824,1.0882,4.5,1.11759999100246,4.1,11.4412,122.6,82.2972,62.69,33.2,10.9,22.1,7.0,2.4,18.8,12.9,19.0,5.85745,7.35645,13.2139
Corey Kispert,Gonzaga,WCC,Sr,Wing G,32,31.8125,209,395,0.529113924050633,91,207,0.44,118,188,0.628,64.4,86,98,0.878,0.9375,4.0312,4.9688,1.8125,0.9062,0.4375,1.31250000090517,2.1,18.5938,131.2,95.9101,67.38,24.8,3.8,13.9,9.0,1.5,1.4,10.7,20.7,8.73371,1.69451,10.4282
Bobi Klintman,Wake Forest,ACC,Fr,Stretch 4,33,20.5455,61,150,0.406666666666667,28,76,0.368,33,74,0.446,50.0,26,35,0.743,1.0606,3.4848,4.5455,0.7879,0.4545,0.6061,0.969700018948472,3.8,5.3333,102.6,103.122,52.81,23.3,6.2,19.4,6.7,1.3,3.2,17.9,15.1,-0.612952,1.12509,0.512135
Dalton Knecht,Tennessee,SEC,Sr,Wing G,36,30.6389,264,577,0.457538994800693,93,234,0.397,171,343,0.499,53.8,157,204,0.77,0.7778,4.1111,4.8889,1.8056,0.6944,0.6389,1.69439990602349,2.3,21.6111,114.5,98.728,57.72,35.4,2.8,14.3,13.4,1.3,2.4,10.6,29.8,7.76294,2.13839,9.90133
Kon Knueppel,Duke,ACC,Fr,Wing G,39,30.4872,181,378,0.478835978835979,84,207,0.406,97,171,0.567,59.0,117,128,0.914,1.0256,2.9744,4.0,2.7436,1.0256,0.1538,1.35900002048209,2.8,14.4359,130.7,97.536,64.15,33.9,4.3,10.3,15.7,2.0,0.6,12.9,20.9,6.49004,2.98141,9.47145
Tyler Kolek,Marquette,BE,Sr,Pure PG,31,32.9677,174,351,0.495726495726496,47,121,0.388,127,230,0.552,56.3,80,94,0.851,0.7097,4.2258,4.9355,7.7097,1.5806,0.1613,2.87100001164085,1.2,15.3226,118.4,100.512,60.03,26.8,2.6,14.8,42.1,2.8,0.6,18.9,26.6,6.39828,2.77479,9.17306
Christian Koloko,Arizona,P12,So,C,37,25.4324,183,288,0.635416666666667,0,3,0.0,183,285,0.642,63.5,100,136,0.735,2.5676,4.7297,7.2973,1.3784,0.7568,2.7568,1.5945999977025,4.4,12.5946,123.6,87.7147,66.08,47.2,12.2,18.0,9.8,1.6,10.3,16.7,20.6,4.77635,4.61811,9.39446
John Konchar,Fort Wayne,Sum,Sr,Wing G,30,34.2727,211,395,0.534177215189873,45,129,0.349,166,266,0.624,59.1,126,171,0.737,2.2121,6.3333,8.5455,5.4242,1.9697,0.9394,2.75760004220843,2.6,19.4545,119.9,103.475,62.26,43.3,7.3,20.5,30.0,3.3,3.0,16.6,28.3,6.40275,1.77073,8.17348
Luke Kornet,Vanderbilt,SEC,Sr,PF/C,35,31.4571,145,357,0.406162464985994,53,162,0.327,92,195,0.472,48.0,120,140,0.857,1.5143,4.6857,6.2,1.2,0.5429,2.0286,1.28569990883423,2.9,13.2286,109.9,98.2551,54.66,39.2,5.9,16.6,8.5,1.0,6.7,11.2,21.9,3.77269,3.24475,7.01744
Kyle Kuzma,Utah,P12,Jr,PF/C,27,30.8276,167,333,0.501501501501502,25,78,0.321,142,255,0.557,53.9,81,121,0.669,2.7931,6.5517,9.3448,2.4483,0.6207,0.4828,2.13790021349225,2.1,16.4138,112.8,98.7643,56.34,36.3,11.2,22.7,15.0,1.1,1.6,14.7,26.7,5.06591,0.375361,5.44127
Jake LaRavia,Wake Forest,ACC,Jr,Wing F,33,34.1515,166,298,0.557046979865772,28,73,0.384,138,225,0.613,60.4,122,157,0.777,2.0606,4.5152,6.5758,3.697,1.6667,0.9394,2.66669986637071,3.3,14.6061,118.6,95.1589,64.68,52.7,7.5,14.1,20.0,2.7,2.9,20.2,21.6,4.48753,3.45902,7.94656
Zach LaVine,UCLA,P12,Fr,Wing G,37,24.4324,127,288,0.440972222222222,48,128,0.375,79,160,0.494,52.4,47,68,0.691,0.4865,2.0541,2.5405,1.7838,0.8919,0.1622,1.13510000617312,3.2,9.4324,107.3,103.564,54.48,23.6,2.4,9.5,12.6,2.1,0.8,13.9,19.0,1.46349,0.535932,1.99942
Jock Landale,Saint Mary's,WCC,Sr,C,36,33.3056,301,470,0.640425531914894,3,10,0.3,298,460,0.648,64.4,156,209,0.746,2.9444,7.2222,10.1667,2.0,0.3889,1.0,2.33330011491736,3.6,21.1389,125.7,97.4358,66.84,44.5,12.5,26.6,13.5,0.7,3.2,14.6,30.1,7.07686,1.24569,8.32255
Chaz Lanier,Tennessee,SEC,Sr,Wing G,38,31.3711,243,564,0.430851063829787,123,311,0.395,120,253,0.474,54.0,75,99,0.758,0.5,3.3947,3.8947,1.0526,0.8947,0.1316,1.10529992679987,2.0,18.0,115.5,100.764,55.97,17.6,2.0,12.1,7.8,1.8,0.5,8.8,24.9,5.77594,1.7502,7.52614
Pelle Larsson,Arizona,P12,Sr,Combo G,36,30.0,163,314,0.519108280254777,46,108,0.426,117,206,0.568,59.2,87,116,0.75,1.0556,3.0,4.0556,3.7222,0.9444,0.2222,1.88890008534051,3.5,12.75,121.0,100.331,62.18,36.9,3.9,10.6,20.1,1.7,0.8,17.9,19.1,3.7464,2.53164,6.27804
A.J. Lawson,McNeese St.,Slnd,Sr,Scoring PG,17,29.1304,69,156,0.442307692307692,11,34,0.324,58,122,0.475,47.8,37,66,0.561,1.3478,3.7826,5.1304,5.4783,0.8696,0.1304,3.34779995039074,3.4,11.7826,91.4,110.127,49.64,42.3,5.3,14.9,33.9,1.4,0.4,27.7,26.0,-2.09587,-3.27637,-5.37224
Caris LeVert,Michigan,B10,Sr,Combo G,14,31.0714,75,150,0.5,27,60,0.45,48,90,0.533,59.0,52,66,0.788,0.6429,4.7857,5.4286,4.9286,0.9286,0.2143,1.5714000973684,1.7,16.3571,126.8,102.205,63.14,44.0,2.5,19.0,32.9,1.8,0.8,11.9,26.0,7.75975,2.60305,10.3628
Kawhi Leonard,San Diego St.,MWC,So,PF/C,34,33.0,198,452,0.438053097345133,23,81,0.284,175,371,0.472,46.3,110,145,0.759,3.1765,7.5294,10.7059,2.5588,1.4706,0.5882,2.20589996860894,3.1,15.5588,108.7,85.3916,50.78,32.1,11.4,25.9,16.4,2.8,1.9,15.1,27.7,5.00299,3.27279,8.27578
E.J. Liddell,Ohio St.,B10,Jr,PF/C,32,33.2188,203,414,0.490338164251208,46,123,0.374,157,291,0.54,54.6,169,221,0.765,2.25,5.6562,7.9062,2.375,0.5625,2.5,2.46880005849445,3.0,19.4062,116.2,98.7707,59.83,53.4,8.9,19.1,16.1,1.0,8.2,15.1,30.5,7.87725,2.50539,10.3826
Damian Lillard,Weber St.,BSky,Jr,Scoring PG,30,35.3,215,473,0.454545454545455,86,217,0.396,129,256,0.504,54.5,215,243,0.885,0.5333,4.2667,4.8,4.1,1.5,0.2333,2.30000000729268,2.3,24.3667,122.3,101.836,62.11,51.4,1.9,14.1,28.0,2.5,0.7,12.0,32.3,9.05933,0.706884,9.76622
Dereck Lively II,Duke,ACC,Fr,C,34,20.6176,77,118,0.652542372881356,2,13,0.154,75,105,0.714,66.1,21,35,0.6,2.1176,3.2941,5.4118,1.0882,0.5,2.4412,0.676500037968425,5.2,5.2059,130.6,90.1043,65.74,29.7,12.3,17.8,9.8,1.5,12.8,15.7,12.8,2.35433,6.63296,8.98729
Isaiah Livers,Michigan,B10,Sr,Wing F,23,31.6087,102,223,0.457399103139013,50,116,0.431,52,107,0.486,57.0,47,54,0.87,1.087,4.913,6.0,2.0,0.5652,0.7391,1.13039994171658,2.0,13.087,121.9,95.9651,60.53,24.2,4.5,16.6,11.6,1.1,2.3,11.3,18.9,6.11848,3.02055,9.13903
Chris Livingston,Kentucky,SEC,Fr,Wing F,34,22.3824,79,184,0.429347826086957,18,59,0.305,61,125,0.488,47.8,39,54,0.722,1.1176,3.0588,4.1765,0.7059,0.4412,0.3529,0.911800005716995,3.0,6.3235,106.3,102.662,51.28,29.3,5.7,16.2,5.5,1.2,1.7,16.2,15.1,0.356023,1.26831,1.62433
Kevon Looney,UCLA,P12,Fr,PF/C,36,30.9444,151,321,0.470404984423676,22,53,0.415,129,268,0.481,50.5,92,147,0.626,3.3889,5.8056,9.1944,1.4167,1.2778,0.8889,1.25,3.7,11.5556,113.0,96.2307,53.22,45.8,12.2,21.0,9.1,2.5,3.3,11.9,20.0,4.43098,1.88494,6.31592
Brook Lopez,Stanford,P10,So,,27,30.7407,184,393,0.468193384223919,0,6,0.0,184,387,0.475,46.8,153,194,0.789,2.8519,5.3333,8.1852,1.3704,0.5926,2.0741,2.14809998878768,3.2,19.2963,110.6,90.0045,53.69,49.4,11.1,19.3,11.3,1.2,6.8,13.5,32.0,7.39237,3.72693,11.1193
Caleb Love,Arizona,B12,Sr,Combo G,37,34.0703,214,538,0.397769516728625,98,288,0.34,116,250,0.464,48.9,112,126,0.889,0.3514,4.0541,4.4054,3.4324,1.1622,0.2703,1.94589996711291,1.4,17.2432,112.6,105.832,53.36,23.4,1.2,12.6,18.2,1.9,0.9,13.5,24.0,5.03613,1.16539,6.20152
Kevin Love,UCLA,P10,Fr,,38,29.641,220,396,0.555555555555556,29,82,0.354,191,314,0.608,59.2,193,251,0.769,3.641,7.0,10.641,1.9231,0.6923,1.4359,2.0,2.6,17.4615,127.0,85.731,64.24,63.4,15.3,28.6,13.8,1.5,5.0,14.8,27.2,10.7224,3.90194,14.6243
Khaman Maluach,Duke,ACC,Fr,C,39,21.2359,136,191,0.712041884816754,4,16,0.25,132,175,0.754,72.3,59,77,0.766,2.7436,3.8462,6.5897,0.5128,0.2051,1.3077,0.769200053844004,3.9,8.5897,143.1,93.0731,73.6,40.3,16.5,19.2,4.3,0.6,6.8,13.0,16.8,5.81418,2.86539,8.67957
Sandro Mamukelashvili,Seton Hall,BE,Sr,Wing F,27,35.5926,168,387,0.434108527131783,42,125,0.336,126,262,0.481,48.8,95,133,0.714,1.8519,5.7037,7.5556,3.2222,1.0741,0.5556,3.29630003364432,2.0,17.5185,100.6,100.51,52.54,34.4,6.1,18.5,20.6,1.8,1.7,19.0,28.6,4.40149,1.01545,5.41694
Terance Mann,Florida St.,ACC,Sr,Wing F,37,31.7297,147,291,0.505154639175258,30,77,0.39,117,214,0.547,55.7,98,124,0.79,2.4865,4.0,6.4865,2.5405,0.6757,0.3243,1.7568001008841,2.8,11.4054,119.6,98.8553,60.3,42.6,9.1,14.3,15.6,1.2,1.2,17.3,18.4,4.44084,2.17255,6.61338
Tre Mann,Florida,SEC,So,Wing G,24,31.9167,133,290,0.458620689655172,45,112,0.402,88,178,0.494,53.6,74,89,0.831,0.6667,4.9583,5.625,3.4583,1.375,0.1667,2.83330002432756,3.0,16.0417,109.9,98.18,57.93,30.7,2.6,17.1,22.3,2.4,0.6,19.6,25.9,4.6056,1.69765,6.30326
Lauri Markkanen,Arizona,P12,Fr,Stretch 4,37,30.8108,185,376,0.492021276595745,69,163,0.423,116,213,0.545,58.4,137,164,0.835,2.3784,4.8108,7.1892,0.8649,0.4054,0.5135,1.08109999956251,2.6,15.5676,130.1,99.0583,63.45,43.6,10.0,17.5,5.6,0.8,1.8,9.8,21.5,7.63745,0.913317,8.55077
Naji Marshall,Xavier,BE,Jr,Wing G,31,35.6129,190,427,0.444964871194379,44,154,0.286,146,273,0.535,49.6,98,138,0.71,1.129,5.1613,6.2903,4.0,1.2581,0.4194,3.3547999996142,3.0,16.8387,100.6,95.4895,52.99,32.3,3.5,15.9,24.1,2.0,1.3,20.4,26.6,3.04562,2.80714,5.85276
Alijah Martin,Florida,SEC,Sr,Combo G,38,30.4,189,418,0.452153110047847,79,226,0.35,110,192,0.573,54.7,89,117,0.761,1.2105,3.2632,4.4737,2.1579,1.4737,0.1842,1.44739991163207,1.9,14.3684,121.3,99.908,57.65,28.0,4.5,10.8,12.3,2.7,0.6,13.1,20.6,5.37185,3.0954,8.46725
Caleb Martin,Nevada,MWC,Sr,Wing G,34,34.1471,201,492,0.408536585365854,107,317,0.338,94,175,0.537,51.7,145,198,0.732,0.8824,4.2647,5.1471,2.7941,1.4412,0.7647,1.85289999307011,2.9,19.2353,111.5,93.8568,55.8,40.2,2.9,13.5,16.2,2.4,2.6,11.5,26.6,5.5565,2.18492,7.74142
Cody Martin,Nevada,MWC,Sr,Scoring PG,34,34.4412,151,298,0.506711409395973,34,95,0.358,117,203,0.576,56.4,74,97,0.763,0.9118,3.5294,4.4412,4.8529,1.3529,0.7059,1.8824000248499,2.9,12.0588,119.0,95.2508,59.58,32.6,3.0,11.1,25.6,2.2,2.3,16.7,18.4,3.06446,3.02056,6.08501
Tyrese Martin,Connecticut,BE,Sr,Wing F,29,32.069,144,321,0.448598130841121,43,100,0.43,101,221,0.457,51.6,62,90,0.689,2.3448,5.1724,7.5172,1.931,0.7931,0.4828,1.82760000258571,2.6,13.5517,111.5,96.3846,54.02,28.0,8.1,17.9,12.1,1.5,1.6,15.7,21.9,4.47601,0.925915,5.40192
Bennedict Mathurin,Arizona,P12,So,Wing G,37,32.4595,218,483,0.451345755693582,83,223,0.372,135,260,0.519,53.7,136,178,0.764,1.3784,4.2432,5.6216,2.5405,0.973,0.2703,1.78380006216794,2.3,17.7027,116.9,95.7497,57.7,36.9,5.1,12.6,13.8,1.6,0.8,12.9,23.5,5.74445,0.999729,6.74418
Tyrese Maxey,Kentucky,SEC,Fr,Combo G,31,34.4516,150,351,0.427350427350427,33,113,0.292,117,238,0.492,47.4,100,120,0.833,0.3871,3.9032,4.2903,3.129,0.871,0.3871,2.16129997945763,2.8,13.9677,104.7,98.2544,53.06,34.2,1.4,12.1,18.3,1.5,1.3,16.6,22.1,1.94249,1.48844,3.43093
Miles McBride,West Virginia,B12,So,Scoring PG,29,34.1724,156,363,0.429752066115702,46,111,0.414,110,252,0.437,49.3,100,123,0.813,1.1724,2.7241,3.8966,4.8621,1.8966,0.3103,1.82759995282318,2.0,15.7931,117.9,101.25,54.34,33.9,3.7,9.2,28.6,3.2,1.0,13.2,23.0,6.25678,2.58881,8.84559
Jared McCain,Duke,ACC,Fr,Wing G,36,31.5833,175,379,0.461741424802111,87,210,0.414,88,169,0.521,57.7,77,87,0.885,0.7778,4.2222,5.0,1.8333,1.0833,0.0833,1.27779996427346,2.0,14.2778,122.0,99.9159,61.14,23.0,3.0,15.3,10.7,2.0,0.3,12.2,19.7,5.54015,2.04632,7.58647
Mac McClung,Texas Tech,B12,Jr,Combo G,29,30.2759,148,353,0.419263456090652,47,138,0.341,101,215,0.47,48.6,107,135,0.793,0.4138,2.2759,2.6897,2.1034,0.8276,0.3103,1.86210001201592,2.6,15.5172,107.7,97.549,53.94,38.2,1.6,9.1,15.1,1.6,1.3,14.2,25.9,3.66464,1.12406,4.7887
T.J. McConnell,Arizona,P12,Sr,Pure PG,38,30.4737,156,313,0.498402555910543,25,78,0.321,131,235,0.557,53.8,58,70,0.829,0.6579,3.1842,3.8421,6.2632,2.1842,0.0789,2.0525999717076,2.3,10.3947,118.3,87.3145,57.04,22.4,2.8,12.5,39.0,4.3,0.3,19.3,20.7,5.50399,5.73561,11.2396
Kevin McCullar Jr.,Kansas,B12,Sr,Wing G,25,34.2308,151,336,0.449404761904762,38,112,0.339,113,224,0.504,50.6,115,142,0.81,0.7692,5.2308,6.0,4.1154,1.5,0.3846,2.53850016954484,2.3,18.3462,107.5,100.09,56.39,42.3,2.8,15.7,21.8,2.4,1.1,15.1,27.1,3.88537,2.30025,6.18562
Jaden McDaniels,Washington,P12,Fr,Stretch 4,31,31.0323,136,336,0.404761904761905,43,127,0.339,93,209,0.445,46.9,87,114,0.763,1.0968,4.6774,5.7742,2.0645,0.7742,1.2581,3.22579989915567,4.3,12.9677,91.9,94.5189,51.52,33.9,4.4,15.7,14.4,1.4,4.4,23.4,25.2,-0.250818,1.70852,1.4577
Doug McDermott,Creighton,BE,Sr,Stretch 4,35,33.7429,330,627,0.526315789473684,96,214,0.449,234,413,0.567,60.3,178,206,0.864,1.6286,5.3429,6.9714,1.5714,0.2286,0.1429,1.77139992640472,2.3,26.6857,124.4,104.837,64.43,32.9,6.4,17.8,11.5,0.4,0.5,9.8,32.8,11.104,-0.93424,10.1698
Bryce McGowens,Nebraska,B10,Fr,Wing G,31,33.2903,160,397,0.403022670025189,40,146,0.274,120,251,0.478,45.3,162,195,0.831,0.7097,4.4839,5.1935,1.3871,0.7097,0.3226,2.0968001206654,2.4,16.8387,100.1,108.844,53.31,49.1,2.4,14.6,8.6,1.2,1.0,13.4,26.2,2.15716,-1.30791,0.849251
Jordan McLaughlin,USC,P12,Sr,Pure PG,36,35.2778,159,354,0.449152542372881,54,136,0.397,105,218,0.482,52.5,88,118,0.746,0.7222,2.9444,3.6667,7.8056,2.0,0.2222,2.55559987358856,1.2,12.7778,116.7,101.885,56.09,33.3,2.5,9.9,38.5,3.3,0.7,18.9,22.4,4.94513,2.17658,7.12171
Liam McNeeley,Connecticut,BE,Fr,Wing F,27,32.1185,118,310,0.380645161290323,46,145,0.317,72,165,0.436,45.5,110,127,0.866,0.9259,5.037,5.963,2.2593,0.5556,0.2222,1.85189998520398,2.5,14.5185,109.5,105.625,52.93,41.0,3.7,18.7,13.1,1.1,0.8,14.8,24.2,2.06145,0.0423089,2.10376
De'Anthony Melton,USC,P12,Fr,Combo G,36,27.0,101,231,0.437229437229437,21,74,0.284,80,157,0.51,48.3,77,109,0.706,1.3889,3.3333,4.7222,3.4722,1.9167,1.0278,1.77780000582462,3.3,8.3333,108.0,99.2402,53.05,47.2,6.0,13.6,22.5,4.1,3.9,19.7,19.1,2.19192,4.11049,6.30241
Sam Merrill,Utah St.,MWC,Sr,Scoring PG,32,34.9375,195,423,0.460992907801418,89,217,0.41,106,206,0.515,56.6,150,168,0.893,0.1875,3.9062,4.0938,3.875,0.875,0.125,1.5625,2.6,19.6562,125.9,96.7855,62.55,39.7,0.6,12.0,24.0,1.5,0.4,10.9,24.1,7.30432,1.84581,9.15013
Khris Middleton,Texas A&M,B12,Jr,Wing F,19,29.0526,96,234,0.41025641025641,19,74,0.257,77,160,0.481,45.1,39,52,0.75,1.3684,3.7368,5.1053,2.1579,0.9474,0.2632,2.1579,2.7,13.1579,96.0,96.8178,48.32,22.2,5.7,15.8,19.0,2.1,1.1,16.5,28.6,3.89037,1.53836,5.42874
Brandon Miller,Alabama,SEC,Fr,Stretch 4,37,32.6486,222,516,0.430232558139535,106,276,0.384,116,240,0.483,53.3,146,170,0.859,2.0541,6.1892,8.2432,2.0541,0.8919,0.8649,2.18919988117508,2.9,18.8108,117.0,90.9723,58.32,32.9,6.7,17.7,12.7,1.5,2.4,14.7,25.0,7.33257,3.62961,10.9622
Emanuel Miller,TCU,B12,Sr,Wing G,34,32.6471,189,389,0.48586118251928,31,81,0.383,158,308,0.513,52.6,128,157,0.815,2.1765,3.9118,6.0882,2.5294,1.0882,0.4118,1.49999993476714,1.9,15.7941,121.1,102.482,57.92,40.4,7.6,14.3,14.7,1.9,1.4,11.9,21.8,5.27299,1.13098,6.40397
Jordan Miller,Miami FL,ACC,Sr,Wing G,37,34.8919,218,400,0.545,32,91,0.352,186,309,0.602,58.5,98,125,0.784,2.0541,4.1622,6.2162,2.6757,1.2162,0.4054,1.32430007286496,2.0,15.2973,127.2,105.048,61.61,31.3,7.2,14.0,14.1,2.0,1.3,11.1,20.0,5.79769,1.10803,6.90572
Riley Minix,Morehead St.,OVC,Sr,Stretch 4,31,33.8,242,444,0.545045045045045,52,152,0.342,190,292,0.651,60.4,120,145,0.828,3.0286,6.6286,9.6571,2.1714,1.3143,1.0,2.31429999400908,2.7,20.9429,122.7,97.3126,63.95,32.7,9.7,21.1,14.4,2.1,3.1,15.3,28.1,6.88976,1.18719,8.07695
Josh Minott,Memphis,Amer,Fr,PF/C,33,14.6667,83,159,0.522012578616352,2,14,0.143,81,145,0.559,52.8,49,65,0.754,1.5758,2.1818,3.7576,0.9394,0.8182,0.6667,0.9394,4.8,6.5758,114.5,92.9083,57.14,40.9,12.8,15.7,12.8,3.1,5.4,16.5,21.7,3.7021,3.08695,6.78906
Yves Missi,Baylor,B12,Fr,C,33,22.9706,136,222,0.612612612612613,0,0,0.0,136,222,0.613,61.3,83,134,0.619,2.6176,2.9706,5.5882,0.3824,0.5882,1.5,1.14709993847237,4.2,10.7353,120.3,102.411,62.14,60.4,14.4,16.3,3.5,1.4,7.1,13.9,21.9,4.12361,1.70931,5.83293
Ajay Mitchell,UC Santa Barbara,BW,Jr,Scoring PG,27,31.5172,182,371,0.490566037735849,30,80,0.375,152,291,0.522,53.1,153,178,0.86,0.2414,3.7931,4.0345,3.9655,1.1724,0.3793,2.55170004578389,3.3,20.0,113.4,105.503,60.04,48.0,0.9,13.0,28.7,2.1,1.3,15.6,31.1,4.58339,0.158345,4.74174
Davion Mitchell,Baylor,B12,Jr,Pure PG,30,32.4667,158,309,0.511326860841424,63,141,0.447,95,168,0.565,61.3,43,66,0.652,0.4667,2.2,2.6667,5.5,1.9,0.3667,2.43330001688445,2.9,14.0667,122.1,95.1321,62.0,21.4,1.7,8.1,28.3,3.4,1.3,20.1,21.6,6.31114,3.21319,9.52434
Evan Mobley,USC,P12,Fr,C,33,33.9394,197,341,0.577712609970675,12,40,0.3,185,301,0.615,59.5,134,193,0.694,2.7273,5.9394,8.6667,2.3939,0.7879,2.8485,2.24240000253287,2.1,16.3636,119.4,90.38,62.4,56.6,9.7,18.8,14.1,1.4,8.7,16.6,23.4,7.31914,5.31963,12.6388
Jonathan Mogbo,San Francisco,WCC,Jr,C,33,28.9412,198,317,0.624605678233438,0,2,0.0,198,315,0.629,62.5,71,102,0.696,3.3529,6.8235,10.1765,3.6176,1.5882,0.8235,1.76470007454902,3.6,14.2353,128.0,91.0163,63.89,32.2,14.3,29.6,24.3,3.2,3.4,14.7,24.5,6.49686,3.99284,10.4897
Malik Monk,Kentucky,SEC,Fr,Combo G,38,32.0526,251,558,0.449820788530466,104,262,0.397,147,296,0.497,54.3,148,180,0.822,0.3158,2.1842,2.5,2.2895,0.9474,0.5,2.0,2.4,19.8421,115.7,99.9136,58.59,32.3,1.1,7.2,13.3,1.6,1.5,13.3,25.1,6.03376,1.8408,7.87455
Moses Moody,Arkansas,SEC,Fr,Wing G,32,33.8125,165,386,0.427461139896373,58,162,0.358,107,224,0.478,50.3,151,186,0.812,2.0,3.75,5.75,1.5625,1.0,0.6562,1.6250000026,2.7,16.8438,116.0,97.3739,56.81,48.2,6.3,11.8,8.0,1.6,2.0,11.8,21.6,4.5333,1.61642,6.14972
Wendell Moore Jr.,Duke,ACC,Jr,Combo G,39,33.9487,188,376,0.5,52,126,0.413,136,250,0.544,56.9,95,118,0.805,1.2051,4.0513,5.2564,4.4103,1.359,0.2051,1.94870005031148,1.9,13.4103,121.1,100.399,60.53,31.4,4.3,12.4,21.7,2.3,0.6,16.6,20.3,5.38204,1.94645,7.32849
Ja Morant,Murray St.,OVC,So,Pure PG,31,36.6061,250,508,0.492125984251969,56,152,0.368,194,356,0.545,54.7,211,259,0.815,1.2121,4.4848,5.697,9.9394,1.7576,0.8182,5.15150036294874,1.6,24.4848,115.6,97.0275,60.77,51.0,4.1,12.6,51.4,2.4,2.2,22.0,36.0,8.27698,1.67621,9.95319
Monté Morris,Iowa St.,B12,So,Scoring PG,34,33.9118,155,306,0.506535947712418,32,81,0.395,123,225,0.547,55.9,64,85,0.753,0.7059,2.7353,3.4412,5.1765,1.8824,0.4412,1.11759999911395,1.6,11.9412,126.2,98.9761,58.61,27.8,2.5,8.6,27.4,3.2,1.3,10.7,17.7,5.5927,3.62598,9.21868
Trey Murphy III,Virginia,ACC,Jr,Wing F,25,29.56,96,191,0.50261780104712,52,120,0.433,44,71,0.62,63.9,38,41,0.927,0.6,2.8,3.4,1.2,0.8,0.44,0.759999960733335,2.7,11.28,127.9,100.979,66.99,21.5,2.8,11.7,8.2,1.8,1.8,9.8,17.3,5.25197,1.95325,7.20522
Dejounte Murray,Washington,P12,Fr,Combo G,34,33.5,202,486,0.415637860082305,34,118,0.288,168,368,0.457,45.1,110,166,0.663,1.4118,4.5588,5.9706,4.4706,1.8235,0.2941,3.23529996671345,3.2,16.1176,97.8,100.785,48.51,34.2,4.1,13.7,25.7,2.8,0.8,19.0,26.0,1.61655,1.24165,2.85821
Jamal Murray,Kentucky,SEC,Fr,Wing G,36,35.1944,244,538,0.453531598513011,113,277,0.408,131,261,0.502,55.9,119,152,0.783,1.4722,3.6944,5.1667,2.1944,0.9722,0.3056,2.33330004503278,2.4,20.0,118.0,101.145,59.0,28.3,4.9,11.1,12.1,1.6,0.9,15.3,25.4,8.01444,0.898452,8.91289
Keegan Murray,Iowa,B10,So,Stretch 4,35,31.8857,307,554,0.554151624548736,66,166,0.398,241,388,0.621,61.4,142,190,0.747,2.8571,5.8,8.6571,1.4857,1.2857,1.9429,1.11430000767792,2.3,23.4857,131.2,95.8768,63.8,34.3,9.8,20.2,10.1,2.3,6.4,7.1,28.1,12.5959,2.39397,14.9899
Kris Murray,Iowa,B10,Jr,Stretch 4,29,34.7931,217,456,0.475877192982456,66,197,0.335,151,259,0.583,54.8,86,118,0.729,2.7586,5.1724,7.931,2.0,1.0345,1.1724,1.48280000921708,2.4,20.2069,118.5,104.545,57.22,25.9,8.5,17.8,11.7,1.7,3.4,9.5,25.6,7.89322,0.0859165,7.97913
Collin Murray-Boyles,South Carolina,SEC,So,Wing F,32,30.6156,198,338,0.585798816568047,9,34,0.265,189,304,0.622,59.9,133,188,0.707,2.2188,6.0312,8.25,2.4062,1.4688,1.3438,2.43750006014736,3.3,16.8125,115.8,99.1215,62.95,55.6,8.8,23.8,21.1,2.9,4.7,17.6,27.0,6.56326,4.5541,11.1174
Pete Nance,North Carolina,ACC,Sr,Stretch 4,30,30.2,98,232,0.422413793103448,32,100,0.32,66,132,0.5,49.1,71,87,0.816,1.1667,4.8333,6.0,1.6667,0.3667,1.1333,1.6667,3.1,9.9667,106.2,100.511,54.7,37.5,4.3,17.7,10.3,0.7,3.7,17.9,17.7,1.30638,2.26074,3.56712
Larry Nance Jr.,Wyoming,MWC,Sr,Wing F,29,34.9032,176,347,0.507204610951009,14,41,0.341,162,306,0.529,52.7,113,144,0.785,1.4194,5.8065,7.2258,2.4516,1.1935,1.1935,2.25809995957139,2.6,16.0645,106.3,91.6832,57.66,41.5,6.2,20.5,19.7,2.3,4.3,15.9,27.9,3.6465,2.75512,6.40162
Andrew Nembhard,Gonzaga,WCC,Sr,Scoring PG,32,32.1562,140,310,0.451612903225806,51,133,0.383,89,177,0.503,53.4,48,55,0.873,0.4375,2.9375,3.375,5.75,1.5938,0.125,1.93749999705163,2.5,11.8438,117.3,92.1611,56.38,17.7,1.6,8.7,26.3,2.7,0.4,16.6,19.6,3.69506,2.97762,6.67269
Ryan Nembhard,Gonzaga,WCC,Sr,Pure PG,35,35.0829,132,296,0.445945945945946,38,94,0.404,94,202,0.465,51.0,67,87,0.77,0.2857,2.6857,2.9714,9.8286,1.7143,0.0571,2.45709993044617,1.8,10.5429,119.5,100.563,54.7,29.4,1.0,8.3,41.5,2.8,0.2,19.9,20.1,4.72271,2.37306,7.09577
Aaron Nesmith,Vanderbilt,SEC,So,Wing G,14,35.7143,105,205,0.51219512195122,60,115,0.522,45,90,0.5,65.9,52,63,0.825,0.7857,4.0714,4.8571,0.9286,1.4286,0.8571,1.71429999792128,3.1,23.0,125.1,105.59,68.53,30.7,2.5,13.9,6.9,2.3,2.6,11.6,23.7,8.6345,0.281324,8.91583
Asa Newell,Georgia,SEC,Fr,PF/C,33,29.0152,191,352,0.542613636363636,26,89,0.292,165,263,0.627,58.0,101,135,0.748,3.3333,3.5455,6.8788,0.8788,1.0,0.9697,1.12119999734117,3.3,15.4242,127.8,102.72,61.16,38.4,14.0,13.5,6.7,2.0,3.8,9.8,23.0,7.18412,1.39153,8.57565
Georges Niang,Iowa St.,B12,Sr,Wing F,35,33.2,283,518,0.546332046332046,56,143,0.392,227,375,0.605,60.0,96,119,0.807,1.3143,4.9143,6.2286,3.3429,0.8857,0.6286,2.62859985842408,3.8,20.5143,116.9,103.73,62.49,23.0,4.8,15.6,19.2,1.5,1.8,15.8,28.0,6.65022,1.29779,7.94802
Zeke Nnaji,Arizona,P12,Fr,PF/C,32,30.5625,179,314,0.570063694267516,5,17,0.294,174,297,0.586,57.8,152,200,0.76,3.0938,5.5312,8.625,0.8438,0.7188,0.875,2.18749995949314,3.1,16.0938,116.1,91.3303,62.96,63.7,11.5,20.4,5.8,1.3,3.3,16.9,24.1,4.90537,1.93062,6.836
Royce O'Neale,Baylor,B12,Sr,Wing G,33,32.1212,108,237,0.455696202531646,49,112,0.438,59,125,0.472,55.9,68,88,0.773,2.0,3.8485,5.8485,3.4242,1.1515,0.3333,1.66669997600462,2.8,10.0909,123.1,96.5234,59.72,37.1,7.3,13.7,21.8,2.3,1.2,19.2,17.2,5.92689,3.21435,9.14124
Josh Okogie,Georgia Tech,ACC,So,Wing G,24,36.375,133,320,0.415625,38,100,0.38,95,220,0.432,47.5,133,162,0.821,2.25,4.0,6.25,2.4583,1.75,0.9583,2.5416997781402,3.2,18.2083,107.9,100.756,55.04,50.6,7.3,13.1,15.6,2.9,2.8,15.7,26.8,5.16429,1.93945,7.10375
Onyeka Okongwu,USC,P12,Fr,C,28,30.6429,176,285,0.617543859649123,1,4,0.25,175,281,0.623,61.9,103,143,0.72,3.2857,5.3571,8.6429,1.0714,1.2143,2.7143,1.99999992533134,3.5,16.2857,119.1,87.5848,64.6,50.2,12.4,18.4,8.4,2.3,9.8,15.9,23.4,6.17368,4.70972,10.8834
Isaac Okoro,Auburn,SEC,Fr,Wing G,28,31.4286,125,244,0.512295081967213,20,70,0.286,105,174,0.603,55.3,90,134,0.672,1.8929,2.5357,4.4286,2.0357,0.9286,0.8929,1.96429995556033,3.5,12.8571,112.8,100.236,58.51,54.9,6.4,8.8,13.1,1.7,3.1,17.6,20.0,3.2619,2.03186,5.29376
Lachlan Olbrich,UC Riverside,BW,Fr,PF/C,33,27.8235,150,318,0.471698113207547,17,62,0.274,133,256,0.52,49.8,55,99,0.556,2.4706,3.5294,6.0,1.4412,0.6765,0.5,1.85290000192335,4.5,11.4118,101.9,102.486,50.96,31.1,10.0,15.8,10.9,1.5,1.9,16.6,23.6,0.18485,-0.2831,-0.0982503
Kelly Olynyk,Gonzaga,WCC,Jr,PF/C,31,26.4516,210,333,0.630630630630631,9,29,0.31,201,304,0.661,64.4,131,168,0.78,2.4194,4.8387,7.2581,1.6774,0.6774,1.129,2.41939997034526,3.5,18.0645,123.5,89.4414,67.83,50.5,11.8,20.1,15.1,1.6,5.1,18.4,30.4,10.4448,3.17511,13.6199
Gary Payton II,Oregon St.,P12,Sr,Scoring PG,31,34.3871,199,412,0.483009708737864,22,69,0.319,177,343,0.516,51.0,75,116,0.647,2.3871,5.5161,7.9032,5.0,2.4839,0.4516,2.25810002948672,3.0,15.9677,110.7,96.9177,52.99,28.2,7.7,18.2,32.6,4.2,1.5,14.4,26.5,6.51499,4.09352,10.6085
Micah Peavy,Georgetown,BE,Sr,Wing F,32,36.9969,219,455,0.481318681318681,52,130,0.4,167,325,0.514,53.8,60,91,0.659,1.6562,4.125,5.7812,3.5625,2.3125,0.5,2.59380007444807,3.2,17.1875,108.3,99.8747,55.2,20.0,5.0,13.2,19.9,3.7,1.6,16.8,24.5,2.59465,2.70579,5.30044
Taelon Peter,Liberty,CUSA,Sr,Wing G,32,22.6714,146,254,0.574803149606299,71,155,0.458,75,99,0.758,71.5,64,83,0.771,0.3143,3.7143,4.0286,1.0286,0.9143,0.1143,0.600000036165664,3.7,13.6857,132.3,96.2908,72.76,32.7,1.4,18.3,9.9,2.3,0.4,8.1,20.8,6.99581,2.15048,9.14629
Drew Peterson,USC,P12,Sr,Wing F,33,35.8182,164,371,0.442048517520216,48,134,0.358,116,237,0.489,50.7,82,109,0.752,0.8788,5.3636,6.2424,4.3333,1.0606,0.7273,2.72729985934703,1.9,13.8788,104.6,98.7013,54.17,29.4,3.0,15.6,23.9,1.7,2.2,19.6,22.7,3.40401,1.4202,4.82421
Julian Phillips,Tennessee,SEC,Fr,Wing F,32,24.0312,79,192,0.411458333333333,11,46,0.239,68,146,0.466,44.0,97,118,0.822,1.7812,2.9062,4.6875,1.4375,0.625,0.5312,1.2812000510234,2.9,8.3125,110.4,89.9902,53.62,61.5,8.4,13.9,11.4,1.6,2.9,16.7,19.5,1.30828,3.15424,4.46252
Jalen Pickett,Penn St.,B10,Sr,Scoring PG,37,36.5135,260,512,0.5078125,45,118,0.381,215,394,0.546,55.2,90,118,0.763,1.1622,6.2432,7.4054,6.5676,0.9459,0.5135,2.27029998919122,2.3,17.7027,118.7,102.155,57.65,23.0,4.0,19.6,39.3,1.6,1.6,13.2,29.3,7.44341,2.56274,10.0061
Scotty Pippen Jr.,Vanderbilt,SEC,Jr,Pure PG,36,33.0556,224,538,0.41635687732342,64,197,0.325,160,341,0.469,47.6,224,299,0.749,0.8333,2.7222,3.5556,4.2778,1.9444,0.1667,3.36109989884565,3.0,20.4444,104.9,97.611,54.12,55.6,2.9,9.7,32.6,3.4,0.6,17.1,34.4,5.25308,2.07875,7.33183
Daeqwon Plowden,Bowling Green,MAC,Sr,Stretch 4,29,30.5806,154,376,0.409574468085106,39,113,0.345,115,263,0.437,46.1,113,143,0.79,2.4194,4.3871,6.8065,1.0645,0.9032,1.1935,1.77419999205652,2.8,15.7419,105.5,109.875,51.81,38.0,7.8,15.6,6.5,1.7,4.4,12.9,24.9,2.28732,-2.33603,-0.0487129
Mason Plumlee,Duke,ACC,Sr,C,36,34.6667,221,369,0.598915989159892,0,0,0.0,221,369,0.599,59.9,173,254,0.681,2.75,7.2222,9.9722,1.9444,1.0,1.4444,2.8611000240951,2.9,17.0833,113.1,90.9172,62.8,68.8,9.8,23.3,11.5,1.7,4.0,19.2,25.1,5.39624,3.0227,8.41895
Brandin Podziemski,Santa Clara,WCC,So,Wing G,31,36.0,217,446,0.486547085201794,80,179,0.447,137,267,0.513,57.6,111,144,0.771,1.7812,6.9688,8.75,3.6562,1.7812,0.4688,2.28119998156921,2.1,19.875,120.5,98.9522,60.75,32.3,5.5,21.0,20.8,2.8,1.3,14.0,25.5,7.47697,2.53625,10.0132
Jakob Poeltl,Utah,P12,So,C,35,30.6,222,347,0.639769452449568,0,0,0.0,222,347,0.64,64.0,161,231,0.697,2.8286,6.2286,9.0571,1.9143,0.6,1.5143,2.00000004179073,3.0,17.2857,124.0,98.0085,66.23,66.6,11.9,22.0,13.9,1.2,4.8,14.9,26.0,7.19775,2.51715,9.7149
Jordan Poole,Michigan,B10,So,Combo G,37,33.027,161,369,0.436314363143631,75,203,0.369,86,166,0.518,53.8,75,90,0.833,0.2162,2.7568,2.973,2.1622,1.0811,0.2162,1.51349999365467,2.4,12.7568,108.4,92.5991,57.32,24.4,0.8,9.4,13.0,2.0,0.7,14.1,20.0,2.46915,3.61489,6.08404
Craig Porter Jr.,Wichita St.,Amer,Sr,Combo G,31,33.6774,160,335,0.477611940298507,37,102,0.363,123,233,0.528,53.3,63,92,0.685,1.2903,4.9355,6.2258,4.9355,1.5161,1.4839,2.54839984705987,2.3,13.5484,109.0,96.0401,55.45,27.5,4.6,16.1,30.3,2.7,5.0,18.9,23.8,4.67329,3.44892,8.12221
Kevin Porter Jr.,USC,P12,Fr,Wing G,21,22.0952,74,157,0.471337579617834,28,68,0.412,46,89,0.517,56.1,24,46,0.522,0.9524,3.0476,4.0,1.4286,0.8095,0.5238,1.85710006298489,3.8,9.5238,98.4,100.088,55.91,29.3,4.8,15.0,12.0,2.1,2.6,20.8,22.8,1.39333,0.965492,2.35883
Michael Porter Jr.,Missouri,SEC,Fr,Stretch 4,3,17.6667,10,30,0.333333333333333,3,10,0.3,7,20,0.35,38.3,7,9,0.778,1.3333,5.3333,6.6667,0.3333,1.0,0.3333,1.000000030003,4.5,10.0,92.7,88.6588,43.76,30.0,9.5,32.5,4.6,3.4,2.0,10.1,33.3,4.73285,3.41504,8.1479
Bobby Portis,Arkansas,SEC,So,PF/C,36,29.8889,250,466,0.536480686695279,14,30,0.467,236,436,0.541,55.2,115,156,0.737,3.6944,5.2222,8.9167,1.1667,1.0833,1.3889,1.55560004148267,2.9,17.4722,118.9,95.8038,58.23,33.5,13.6,20.2,8.8,2.1,4.8,11.5,25.7,7.31961,1.08034,8.39995
Quinten Post,Boston College,ACC,Sr,PF/C,35,31.9429,222,433,0.51270207852194,50,116,0.431,172,317,0.543,57.0,101,123,0.821,2.0571,6.0857,8.1429,2.8571,0.8571,1.7429,2.45709990934074,3.6,17.0,114.7,101.066,60.54,28.4,7.5,21.8,18.7,1.6,6.0,16.9,27.0,6.10104,2.76193,8.86297
Drake Powell,North Carolina,ACC,Fr,Wing G,37,25.5919,102,211,0.483412322274882,36,95,0.379,66,116,0.569,56.9,35,54,0.648,0.7027,2.6757,3.3784,1.0811,0.7027,0.6757,0.729700038207502,2.7,7.4324,115.8,106.424,58.1,25.6,3.3,11.4,7.0,1.6,2.8,12.1,13.3,2.32928,2.51728,4.84656
Dwight Powell,Stanford,P12,Sr,Wing F,36,32.4167,175,379,0.461741424802111,10,39,0.256,165,340,0.485,47.5,145,211,0.687,1.9444,4.9167,6.8611,3.1111,1.3056,0.8333,2.88890007722615,3.9,14.0278,101.3,98.4977,52.69,55.7,7.3,17.3,20.4,2.4,2.8,19.6,26.8,2.29425,2.45625,4.7505
Norman Powell,UCLA,P12,Sr,Wing G,36,34.5278,213,467,0.45610278372591,38,119,0.319,175,348,0.503,49.7,127,169,0.751,0.5833,4.1111,4.6944,2.0833,1.8333,0.4444,2.22219979838601,2.9,16.4167,104.9,98.9771,53.99,36.2,1.9,13.3,12.8,3.2,1.5,15.8,24.0,2.76967,2.69594,5.46561
Taurean Prince,Baylor,B12,Sr,Wing F,33,30.8182,183,425,0.430588235294118,53,147,0.361,130,278,0.468,49.3,110,143,0.769,2.303,3.6364,5.9394,2.303,1.2121,0.7273,2.6666999222558,3.3,16.0303,107.2,102.839,53.66,33.6,8.9,14.7,15.4,2.3,2.7,18.9,27.2,4.85413,0.859417,5.71355
Payton Pritchard,Oregon,P12,Sr,Scoring PG,31,36.5161,216,462,0.467532467532468,88,212,0.415,128,250,0.512,56.3,115,140,0.821,0.6774,3.6452,4.3226,5.5484,1.5161,0.0323,2.74190000663682,2.2,20.4839,120.6,100.303,60.08,30.3,2.3,11.6,31.6,2.5,0.1,16.0,28.4,8.70031,1.34035,10.0407
Tyrese Proctor,Duke,ACC,Jr,Combo G,38,29.9105,165,365,0.452054794520548,89,220,0.405,76,145,0.524,57.4,51,75,0.68,0.4737,2.5526,3.0263,2.2368,0.7895,0.1053,1.05260004493315,2.6,12.3684,121.3,99.2421,58.66,20.5,2.0,9.0,12.9,1.6,0.4,11.3,18.7,4.03157,2.04706,6.07863
Olivier-Maxence Prosper,Marquette,BE,Jr,Wing F,36,29.0278,150,293,0.511945392491468,39,115,0.339,111,178,0.624,57.8,111,151,0.735,1.6944,2.9722,4.6667,0.6667,0.9167,0.1389,1.38890002846756,3.2,12.5,115.5,103.088,61.69,51.5,7.1,12.3,4.0,1.8,0.5,14.0,19.8,2.46098,-0.0600642,2.40091
Derik Queen,Maryland,B10,Fr,PF/C,36,30.3694,210,399,0.526315789473684,7,35,0.2,203,364,0.558,53.5,167,218,0.766,2.3333,6.6389,8.9722,1.8611,1.0833,1.0833,2.36110002268488,2.8,16.5,113.4,91.3412,59.1,54.6,9.0,24.5,11.6,2.0,3.8,16.5,26.9,4.17479,3.67599,7.85078
Neemias Queta,Utah St.,MWC,Jr,C,28,30.0345,163,292,0.558219178082192,0,2,0.0,163,290,0.562,55.8,99,140,0.707,2.8621,7.2759,10.1379,2.6552,1.069,3.3448,2.37930011765134,3.2,14.931,113.2,79.8662,59.27,47.9,10.7,26.8,18.4,2.0,13.4,18.2,24.9,4.85226,6.99548,11.8477
Immanuel Quickley,Kentucky,SEC,So,Wing G,30,32.8667,138,331,0.416918429003021,62,145,0.428,76,186,0.409,51.1,144,156,0.923,0.5333,3.6667,4.2,1.9,0.9,0.1333,1.60000004042105,2.8,16.0667,117.9,98.4589,59.49,47.1,2.1,11.9,11.7,1.6,0.5,12.8,22.2,4.86228,1.4848,6.34708
Julius Randle,Kentucky,SEC,Fr,C,40,30.825,196,392,0.5,3,18,0.167,193,374,0.516,50.4,204,289,0.706,3.5,6.925,10.425,1.425,0.5,0.775,2.52500015947369,3.0,14.975,111.2,96.732,56.59,73.7,13.4,24.7,10.0,1.0,2.6,18.7,26.2,4.90839,1.37976,6.28816
Maxime Raynaud,Stanford,ACC,Sr,PF/C,35,33.5114,263,563,0.467140319715808,67,193,0.347,196,370,0.53,52.7,114,148,0.77,2.7143,7.8857,10.6,1.6571,0.8571,1.4286,2.40000015062459,2.4,20.2,110.1,100.468,55.82,26.3,9.4,28.7,11.9,1.5,4.6,14.2,30.3,5.68671,0.56891,6.25562
Duop Reath,LSU,SEC,Sr,PF/C,33,24.2121,167,307,0.543973941368078,19,45,0.422,148,262,0.565,57.5,61,97,0.629,1.9394,3.3636,5.303,0.6667,0.4545,0.9697,1.66669999900003,4.1,12.5455,109.5,107.272,58.63,31.6,9.8,16.1,5.7,1.1,4.7,15.9,25.1,2.40267,-0.461323,1.94135
Austin Reaves,Oklahoma,B12,Sr,Combo G,25,34.48,139,314,0.442675159235669,32,105,0.305,107,209,0.512,49.4,147,170,0.865,0.84,4.64,5.48,4.64,0.92,0.32,3.00000009051724,1.9,18.28,110.9,101.794,57.88,54.1,2.8,15.1,27.0,1.5,1.0,17.7,28.4,5.47379,0.890438,6.36423
Paul Reed,DePaul,BE,Jr,PF/C,28,31.6897,180,349,0.515759312320917,15,51,0.294,165,298,0.554,53.7,59,78,0.756,3.2759,7.4138,10.6897,1.6207,1.8621,2.5517,2.27589986899989,3.7,15.1379,108.4,88.7649,56.21,22.3,11.2,25.7,11.1,3.3,9.4,16.5,23.6,4.57064,4.02036,8.59099
Antonio Reeves,Kentucky,SEC,Sr,Wing G,33,31.4848,235,459,0.5119825708061,84,188,0.447,151,271,0.557,60.3,113,131,0.863,0.7273,3.4242,4.1515,1.6364,0.6667,0.2424,1.21210004124429,2.3,20.2121,126.5,111.455,63.98,28.5,2.7,11.1,9.2,1.1,0.8,8.9,23.6,7.25952,-1.05175,6.20777
Naz Reid,LSU,SEC,Fr,PF/C,34,27.2059,171,365,0.468493150684932,28,84,0.333,143,281,0.509,50.7,93,128,0.727,2.4706,4.7059,7.1765,0.8824,0.7353,0.6765,2.50000007082956,4.7,13.6176,103.8,100.796,54.37,35.1,10.2,19.4,6.4,1.5,2.8,20.1,25.9,1.79877,0.060109,1.85888
Will Richard,Florida,SEC,Sr,Wing G,40,31.635,185,380,0.486842105263158,80,223,0.359,105,157,0.669,59.2,81,96,0.844,1.125,3.45,4.575,1.85,1.65,0.325,1.5499999312973,2.8,13.275,124.5,99.0271,62.38,25.3,4.0,11.0,9.9,3.0,1.1,15.9,17.4,4.43896,3.87684,8.3158
Nick Richards,Kentucky,SEC,Jr,C,31,29.6452,163,254,0.641732283464567,0,0,0.0,163,254,0.642,64.2,109,145,0.752,2.6129,5.1613,7.7742,0.2258,0.0968,2.129,1.580600031612,4.3,14.0323,123.4,94.5497,67.36,57.1,11.3,18.6,1.7,0.2,8.0,15.3,20.3,4.20905,2.06623,6.27527
Jase Richardson,Michigan St.,B10,Fr,Combo G,36,25.3528,144,292,0.493150684931507,47,114,0.412,97,178,0.545,57.4,102,122,0.836,0.6389,2.6667,3.3056,1.8889,0.8333,0.3056,0.833299974570873,2.4,12.1389,128.3,98.898,62.44,41.8,3.0,11.4,14.4,1.9,1.4,9.9,19.4,5.77182,4.27143,10.0433
Will Riley,Illinois,B10,Fr,Wing F,35,25.6971,155,359,0.431754874651811,47,144,0.326,108,215,0.502,49.7,84,116,0.724,1.2,2.9429,4.1429,2.2286,0.2571,0.2857,1.20000003661492,1.9,12.6,115.3,106.583,53.25,32.3,5.2,11.5,16.0,0.6,1.0,11.3,23.0,4.4225,0.788521,5.21102
Duncan Robinson,Michigan,B10,Sr,Wing F,40,25.8293,117,266,0.43984962406015,74,194,0.381,43,72,0.597,57.9,57,64,0.891,0.4634,1.9756,2.439,1.0732,0.6585,0.3902,0.609799988104014,3.8,9.2439,121.6,98.178,61.57,24.1,2.2,9.5,7.4,1.6,1.7,9.3,15.8,2.52836,3.05791,5.58627
Orlando Robinson,Fresno St.,MWC,Jr,PF/C,34,33.3429,237,493,0.480730223123732,37,100,0.37,200,393,0.509,51.8,147,209,0.703,2.6286,5.8,8.4286,2.8571,1.0286,1.2,2.45709990934074,2.9,19.2571,109.9,89.9963,55.55,42.4,10.1,22.1,23.2,2.0,4.7,14.1,33.8,7.30282,2.70401,10.0068
Jeremiah Robinson-Earl,Villanova,BE,So,Stretch 4,25,34.48,155,312,0.496794871794872,23,82,0.28,132,230,0.574,53.4,60,84,0.714,2.48,6.0,8.48,2.2,0.96,0.64,1.59999998836364,2.6,15.72,114.1,98.2071,55.84,26.9,8.6,21.2,13.5,1.7,2.3,11.8,24.1,5.14144,1.60937,6.75081
Ryan Rollins,Toledo,MAC,So,Combo G,33,32.6765,227,490,0.463265306122449,47,151,0.311,180,339,0.531,51.1,128,158,0.81,0.7059,5.2941,6.0,3.6176,1.7353,0.2647,2.23530008434031,3.0,18.8529,111.4,96.0819,55.66,32.2,2.4,16.1,20.0,2.9,0.9,13.6,28.2,3.55616,1.76022,5.31638
Jackson Rowe,Cal St. Fullerton,BW,Sr,Stretch 4,19,30.95,95,203,0.467980295566502,33,81,0.407,62,122,0.508,54.9,77,114,0.675,1.6,5.75,7.35,1.85,1.05,1.25,2.59999985945947,3.6,15.55,103.8,97.588,58.33,56.2,5.9,22.3,14.8,2.0,4.2,18.4,26.6,3.10989,0.962182,4.07207
Terry Rozier,Louisville,ACC,So,Combo G,36,35.0,214,521,0.410748560460653,48,157,0.306,166,364,0.456,45.7,139,176,0.79,1.1944,4.3611,5.5556,3.0,2.0,0.1667,2.19440007387814,2.0,17.0833,105.9,89.6,50.86,33.8,3.8,13.9,19.7,3.5,0.5,14.1,26.8,4.41439,4.08275,8.49714
D'Angelo Russell,Ohio St.,B10,Fr,Scoring PG,35,33.9429,231,515,0.448543689320388,95,231,0.411,136,284,0.479,54.1,118,156,0.756,1.0,4.6571,5.6571,5.0,1.5714,0.3143,2.91429997337262,2.5,19.2857,113.6,93.834,57.29,30.3,3.6,15.4,30.1,2.8,1.1,17.3,29.9,8.22413,2.70618,10.9303
Domantas Sabonis,Gonzaga,WCC,So,PF/C,35,32.0571,229,378,0.605820105820106,5,14,0.357,224,364,0.615,61.2,149,194,0.768,3.0286,8.8,11.8286,1.8,0.6,0.8857,2.62859994429121,4.0,17.4857,120.0,90.7655,65.09,51.3,11.6,28.2,11.4,1.1,2.7,18.5,26.0,5.28702,2.35599,7.643
Hunter Sallis,Wake Forest,ACC,Sr,Wing G,32,35.925,211,462,0.456709956709957,43,155,0.277,168,307,0.547,50.3,119,148,0.804,0.5312,4.5938,5.125,2.8125,1.2188,0.5312,2.437500008125,2.6,18.25,105.5,101.068,54.86,32.0,1.8,14.4,18.1,2.0,1.9,14.9,26.8,2.91785,1.8164,4.73425
Kobe Sanders,Nevada,MWC,Sr,Scoring PG,33,31.6818,173,376,0.460106382978723,41,120,0.342,132,256,0.516,51.5,136,171,0.795,0.6667,3.2121,3.8788,4.4545,1.1212,0.2727,1.84849993327847,2.8,15.8485,115.7,105.316,57.19,45.5,2.7,12.6,29.9,2.2,1.2,13.2,27.2,5.10947,0.973396,6.08286
Marcus Sasser,Houston,Amer,Sr,Scoring PG,36,30.8056,191,435,0.439080459770115,96,250,0.384,95,185,0.514,54.9,128,151,0.848,0.3611,2.4722,2.8333,3.0833,1.6111,0.1667,1.61109990092778,2.0,16.8333,123.5,91.0272,59.8,34.7,1.4,8.9,19.6,3.2,0.7,12.9,24.9,7.37543,3.61772,10.9931
Baylor Scheierman,Creighton,BE,Sr,Wing F,35,36.8,219,489,0.447852760736196,110,289,0.381,109,200,0.545,56.0,99,113,0.876,0.7429,8.2571,9.0,3.9429,0.9143,0.1429,2.22860005995725,1.8,18.4857,116.5,98.4799,59.61,23.1,2.6,23.2,19.9,1.5,0.3,14.4,24.9,6.19742,2.50398,8.7014
Mark Sears,Alabama,SEC,Sr,Scoring PG,37,32.2649,200,496,0.403225806451613,90,261,0.345,110,235,0.468,49.4,200,237,0.844,0.4324,2.4865,2.9189,5.1351,0.8649,0.0811,2.67570000133496,1.9,18.6486,116.2,110.892,56.69,47.8,1.5,7.3,26.4,1.4,0.2,16.3,26.7,5.6543,0.332861,5.98716
Brice Sensabaugh,Ohio St.,B10,Fr,Stretch 4,33,24.5455,197,409,0.481662591687042,60,148,0.405,137,261,0.525,55.5,83,100,0.83,1.2727,4.0909,5.3636,1.1515,0.5455,0.3939,2.03029993886355,4.0,16.2727,112.0,102.692,58.82,24.4,6.2,18.9,10.9,1.3,1.7,15.7,32.1,7.34192,0.305908,7.64783
Collin Sexton,Alabama,SEC,Fr,Scoring PG,33,29.9394,196,438,0.447488584474886,44,131,0.336,152,307,0.495,49.8,196,252,0.778,1.0303,2.7273,3.7576,3.6061,0.8485,0.0909,2.78789991290103,3.3,19.1515,109.6,104.341,56.66,57.5,4.0,9.7,27.8,1.6,0.3,16.2,32.5,5.39457,0.628118,6.02269
Landry Shamet,Wichita St.,Amer,So,Scoring PG,32,31.7188,154,315,0.488888888888889,84,190,0.442,70,125,0.56,62.2,85,103,0.825,0.4375,2.7812,3.2188,5.1875,0.7188,0.1875,2.09380007171512,2.4,14.9062,127.5,104.926,65.54,32.7,1.6,9.7,28.8,1.3,0.7,17.9,21.0,7.2629,0.400131,7.66304
Terrence Shannon Jr.,Illinois,B10,Sr,Wing G,32,33.75,219,461,0.475054229934924,77,213,0.362,142,248,0.573,55.9,221,276,0.801,0.8125,3.1875,4.0,2.3125,1.0312,0.875,2.0,2.6,23.0,124.8,104.806,62.15,59.9,2.7,10.0,13.2,1.7,2.3,12.1,27.9,8.79635,1.84306,10.6394
Day'Ron Sharpe,North Carolina,ACC,Fr,C,29,19.1724,112,216,0.518518518518518,0,2,0.0,112,214,0.523,51.9,51,101,0.505,3.3793,4.2069,7.5862,1.4483,0.7931,0.8966,1.96549999908395,4.2,9.4828,101.9,92.305,52.09,46.8,18.3,23.8,15.4,2.3,5.1,20.6,27.5,3.81601,2.62179,6.4378
Jamal Shead,Houston,B12,Sr,Pure PG,37,31.0541,177,433,0.408775981524249,43,139,0.309,134,294,0.456,45.8,81,104,0.779,0.9189,2.7838,3.7027,6.2973,2.1622,0.4595,2.02699999529727,2.5,12.9189,113.1,88.2439,49.54,24.0,3.3,10.5,40.4,4.3,2.0,15.4,26.4,5.85138,5.71422,11.5656
Ben Sheppard,Belmont,MVC,Sr,Wing G,31,34.25,211,447,0.472035794183445,79,190,0.416,132,257,0.514,56.0,86,124,0.694,0.625,4.5938,5.2188,2.9062,1.375,0.1562,2.1875000517482,2.4,18.8438,110.1,103.717,58.02,27.7,2.3,15.4,16.7,2.3,0.5,14.2,26.8,4.0069,-0.348715,3.65818
Reed Sheppard,Kentucky,SEC,Fr,Scoring PG,33,28.9394,141,263,0.536121673003802,75,144,0.521,66,119,0.555,67.9,54,65,0.831,0.3636,3.7576,4.1212,4.4545,2.4848,0.697,1.99999991020317,2.6,12.4545,127.6,101.822,69.93,24.7,1.5,13.3,24.0,4.6,2.5,20.0,18.7,6.47009,4.38352,10.8536
Max Shulga,VCU,A10,Sr,Combo G,34,32.7971,151,348,0.433908045977011,72,186,0.387,79,162,0.488,53.7,140,179,0.782,1.7429,4.1143,5.8571,3.9714,1.7714,0.1143,1.68570004993558,2.4,15.0286,125.6,94.3263,59.35,51.4,5.8,14.1,23.2,3.3,0.4,13.9,22.5,5.82154,3.14461,8.96615
Pascal Siakam,New Mexico St.,WAC,So,C,32,35.3438,258,481,0.536382536382536,3,15,0.2,255,466,0.547,54.0,133,194,0.686,4.0,7.8438,11.8438,1.5938,1.0,2.2188,2.09380014452975,3.1,20.375,115.4,86.8008,56.88,40.3,13.4,23.5,11.2,1.7,6.4,12.6,28.0,5.22864,3.06881,8.29745
KJ Simpson,Colorado,P12,Jr,Scoring PG,37,35.0811,243,512,0.474609375,79,182,0.434,164,330,0.497,55.2,163,186,0.876,0.7568,5.0811,5.8378,4.8919,1.6216,0.0541,2.21620008328589,2.8,19.6757,122.6,101.245,60.63,36.3,2.8,16.4,27.1,2.7,0.2,13.9,26.4,6.54275,2.64158,9.18433
Jericho Sims,Texas,B12,Sr,C,26,24.5385,94,137,0.686131386861314,0,1,0.0,94,136,0.691,68.6,52,100,0.52,2.1538,5.0769,7.2308,0.6538,0.7308,1.0769,1.61539991525204,4.1,9.2308,112.1,92.7025,65.04,73.0,10.3,22.0,5.4,1.7,4.6,20.7,18.3,2.96455,2.90328,5.86784
Javon Small,West Virginia,B12,Sr,Scoring PG,32,36.1219,183,438,0.417808219178082,83,235,0.353,100,203,0.493,51.3,146,166,0.88,0.4688,3.625,4.0938,5.625,1.5312,0.3438,2.71880006307809,1.7,18.5938,113.0,99.2729,57.56,37.9,1.5,11.6,35.1,2.6,1.1,16.1,28.7,6.50746,3.15254,9.66
Marcus Smart,Oklahoma St.,B12,So,Scoring PG,31,32.7097,163,386,0.422279792746114,49,164,0.299,114,222,0.514,48.6,182,250,0.728,1.4194,4.4839,5.9032,4.7742,2.871,0.5806,2.64520003708887,3.6,17.9677,110.4,91.3572,55.18,64.8,5.1,14.9,30.1,5.0,1.9,15.4,29.9,5.92469,5.00823,10.9329
Dru Smith,Missouri,SEC,Sr,Scoring PG,26,34.0769,125,282,0.443262411347518,47,118,0.398,78,164,0.476,52.7,74,88,0.841,0.4231,3.0385,3.4615,3.8077,2.0769,0.3462,2.38459997194117,3.7,14.2692,109.2,100.238,57.29,31.2,1.4,9.9,22.6,3.5,1.0,18.4,21.6,3.44628,3.17472,6.621
Jalen Smith,SMU,Amer,Jr,Combo G,32,21.2727,63,149,0.422818791946309,41,106,0.387,22,43,0.512,56.0,25,36,0.694,0.5758,1.5152,2.0909,1.697,0.7879,0.2121,1.12119995060378,2.1,5.9394,113.3,104.859,57.8,24.2,3.0,7.4,13.5,2.2,1.1,20.9,14.3,0.884476,1.08299,1.96747
Tolu Smith,Mississippi St.,SEC,Sr,C,23,28.2174,126,223,0.565022421524664,0,0,0.0,126,223,0.565,56.5,92,158,0.582,3.2609,4.8261,8.087,1.2609,0.6522,0.3913,2.56520005539319,3.6,14.9565,106.3,100.927,57.71,70.9,13.2,19.3,9.7,1.3,1.6,19.1,27.6,2.83478,0.47524,3.31002
Nick Smith Jr.,Arkansas,SEC,Fr,Combo G,17,25.8235,76,202,0.376237623762376,24,71,0.338,52,131,0.397,43.6,37,50,0.74,0.2353,1.4118,1.6471,1.7059,0.8235,0.1176,1.58820002110773,2.4,12.5294,95.6,102.216,47.18,24.8,1.1,6.3,13.4,1.8,0.5,13.3,26.3,0.79875,-0.969926,-0.171175
Jeremy Sochan,Baylor,B12,Fr,Stretch 4,30,25.1333,100,211,0.4739336492891,24,81,0.296,76,130,0.585,53.1,53,90,0.589,1.9667,4.4,6.3667,1.7667,1.2667,0.7,1.5666999560478,3.7,9.2333,108.8,89.039,54.58,42.7,8.9,20.6,12.3,2.9,3.2,18.1,20.0,3.30899,3.77162,7.08061
Thomas Sorber,Georgetown,BE,Fr,PF/C,24,31.35,133,250,0.532,6,37,0.162,127,213,0.596,54.4,76,105,0.724,2.6667,5.7917,8.4583,2.4167,1.4583,2.0417,2.25000010241239,2.8,14.5,111.8,95.5895,58.02,42.0,9.5,21.9,15.6,2.7,7.6,17.4,24.2,3.29379,4.01086,7.30465
Cam Spencer,Connecticut,BE,Sr,Combo G,40,32.8,196,405,0.483950617283951,99,225,0.44,97,180,0.539,60.6,82,90,0.911,1.05,3.8,4.85,3.625,1.475,0.25,1.0,2.6,14.325,137.1,96.6098,63.99,22.2,4.0,12.5,18.9,2.7,0.8,10.0,18.5,7.16121,4.01713,11.1783
Pat Spencer,Northwestern,B10,Sr,Scoring PG,31,29.2903,122,280,0.435714285714286,12,51,0.235,110,229,0.48,45.7,66,81,0.815,0.6774,3.4516,4.129,3.9355,0.7742,0.2258,2.25810008846324,2.8,10.3871,96.4,104.813,50.55,28.9,2.7,12.9,29.2,1.6,0.9,19.4,23.8,0.783663,0.453017,1.23668
Isaiah Stevens,Colorado St.,MWC,Sr,Pure PG,34,34.75,198,423,0.468085106382979,59,140,0.421,139,283,0.491,53.8,90,107,0.841,0.4722,2.7222,3.1944,6.8056,1.1944,0.1667,2.36109990077836,1.7,16.0,114.9,104.197,57.51,25.3,1.7,8.9,38.8,2.1,0.5,15.6,26.0,5.38982,1.23452,6.62435
Isaiah Stewart,Washington,P12,Fr,C,32,32.3125,192,337,0.56973293768546,5,20,0.25,187,317,0.59,57.7,154,199,0.774,2.75,6.0312,8.7812,0.8438,0.5312,2.0938,2.2188000309759,3.2,16.9688,115.7,92.5887,62.92,59.1,10.6,19.4,6.3,0.9,7.0,16.1,24.2,4.53948,2.10484,6.64432
Julian Strawther,Gonzaga,WCC,Jr,Wing F,36,31.1892,187,400,0.4675,79,195,0.405,108,205,0.527,56.6,103,130,0.792,0.7568,5.4865,6.2432,1.3243,0.8378,0.4324,1.5134999152392,2.6,15.2973,117.4,103.494,60.21,32.5,3.0,19.6,6.7,1.4,1.5,12.9,20.6,4.51768,0.476643,4.99432
Max Strus,DePaul,BE,Sr,Wing G,35,37.4286,232,541,0.428835489833641,113,311,0.363,119,230,0.517,53.3,128,152,0.842,1.1143,4.8,5.9143,2.2,0.9429,0.4857,1.99999996363636,3.1,20.1429,115.8,107.885,57.49,28.1,3.5,14.7,11.3,1.4,1.6,12.7,23.4,4.91356,-1.02694,3.88662
Jalen Suggs,Gonzaga,WCC,Fr,Combo G,30,28.9333,154,307,0.501628664495114,35,104,0.337,119,203,0.586,55.9,86,114,0.754,0.6,4.7333,5.3333,4.5333,1.9,0.3333,2.93330006428957,3.6,14.3,110.4,90.185,59.39,37.1,2.7,18.0,23.7,3.5,1.1,21.5,25.3,4.30422,4.1787,8.48292
Jae'Sean Tate,Ohio St.,B10,Sr,Wing G,34,29.5882,171,307,0.55700325732899,11,35,0.314,160,272,0.588,57.5,65,110,0.591,1.2941,4.9412,6.2353,2.8824,1.0588,0.5588,2.20589992669883,4.3,12.2941,108.6,96.5874,58.18,35.8,5.4,18.9,18.7,2.1,2.2,19.3,22.7,2.60389,3.35985,5.96374
Jayson Tatum,Duke,ACC,Fr,Wing F,29,33.3103,165,365,0.452054794520548,40,117,0.342,125,248,0.504,50.7,118,139,0.849,1.3448,6.0,7.3448,2.1379,1.3448,1.1379,2.62069974754911,3.6,16.8276,108.9,96.6201,56.61,38.1,4.9,19.7,12.4,2.3,3.2,17.7,25.4,4.0267,2.62949,6.65619
Jahmyl Telfort,Butler,BE,Sr,Wing G,33,35.197,179,380,0.471052631578947,43,119,0.361,136,261,0.521,52.8,128,166,0.771,1.0303,3.6364,4.6667,3.4242,1.0303,0.3333,2.21209998666099,2.2,16.0303,111.9,111.231,57.64,43.7,3.6,11.2,20.2,1.7,0.9,15.4,24.1,3.67331,0.557109,4.23042
Garrett Temple,LSU,SEC,Sr,,35,30.2857,76,210,0.361904761904762,29,94,0.309,47,116,0.405,43.1,66,82,0.805,1.3143,3.2286,4.5429,3.8286,1.7143,0.6857,1.9143,3.7,7.0571,104.4,95.5957,49.61,39.0,4.8,11.7,21.3,3.3,2.3,23.4,15.9,0.740255,3.12129,3.86154
Dalen Terry,Arizona,P12,So,Wing G,37,27.8108,115,229,0.502183406113537,28,77,0.364,87,152,0.572,56.3,39,53,0.736,1.1622,3.6757,4.8378,3.9189,1.2432,0.3243,1.37839996222968,3.3,8.027,121.1,93.5895,58.42,23.1,5.0,12.8,22.1,2.5,1.1,18.0,15.1,3.13934,3.54646,6.68581
Adou Thiero,Arkansas,SEC,Jr,Wing G,27,27.5222,138,253,0.545454545454545,11,43,0.256,127,210,0.605,56.7,120,175,0.686,1.7778,4.037,5.8148,1.8889,1.6296,0.7407,1.70369991416289,3.7,15.0741,116.1,97.9252,60.54,69.2,7.7,15.9,14.0,3.4,2.9,13.6,25.9,5.16987,3.93683,9.10669
Klay Thompson,Washington St.,P10,Jr,Combo G,34,34.6765,240,551,0.43557168784029,98,246,0.398,142,305,0.466,52.5,155,185,0.838,0.7353,4.5,5.2353,3.7353,1.6471,0.9412,3.3823999711102,3.4,21.5588,107.6,94.8348,57.37,33.6,2.6,14.0,25.0,2.8,3.1,17.8,31.9,6.69188,2.5696,9.26148
Matisse Thybulle,Washington,P12,Sr,Combo G,36,31.0,112,270,0.414814814814815,46,151,0.305,66,119,0.555,50.0,57,67,0.851,0.75,2.3333,3.0833,2.1389,3.4444,2.1944,1.83329995268596,3.6,9.0833,103.2,87.4217,54.17,24.8,3.0,9.0,13.5,6.6,8.1,20.5,17.2,2.15805,8.37619,10.5342
Xavier Tillman,Michigan St.,B10,Jr,PF/C,31,32.0968,165,300,0.55,13,50,0.26,152,250,0.608,57.2,82,123,0.667,2.6774,7.6452,10.3226,3.0323,1.1935,2.0968,1.96770001254025,3.3,13.7097,116.6,85.6347,59.29,41.0,9.9,23.9,18.3,2.1,6.9,16.4,21.6,5.71985,5.74823,11.4681
Nae'Qwan Tomlin,Memphis,Amer,Sr,Stretch 4,21,26.6667,113,188,0.601063829787234,21,53,0.396,92,135,0.681,65.7,48,62,0.774,2.2857,3.6667,5.9524,0.6667,0.7619,1.1429,1.04760002565025,4.7,14.0476,132.7,104.841,67.83,33.0,9.6,14.7,5.1,1.6,4.8,11.2,19.4,4.84351,0.791955,5.63547
John Tonje,Wisconsin,B10,Sr,Wing G,37,31.1,204,439,0.464692482915718,85,219,0.388,119,220,0.541,56.2,231,254,0.909,0.7838,4.4865,5.2703,1.8108,0.7297,0.2162,1.83780007658109,2.2,19.5676,123.8,103.707,64.68,57.9,3.0,15.6,11.9,1.4,0.8,12.9,26.8,8.17968,1.79433,9.97401
Jacob Toppin,Kentucky,SEC,Jr,Wing F,33,31.5152,158,341,0.463343108504399,18,59,0.305,140,282,0.496,49.0,75,113,0.664,1.9091,4.8788,6.7879,2.2424,0.4848,0.4848,1.48480002847765,2.9,12.3939,111.0,102.53,51.81,33.1,6.9,18.3,13.5,0.9,1.7,13.6,20.8,2.61165,1.31571,3.92736
Obi Toppin,Dayton,A10,So,Wing F,31,31.6452,245,387,0.633074935400517,32,82,0.39,213,305,0.698,67.4,99,141,0.702,1.1935,6.3548,7.5484,2.1613,0.9677,1.2258,2.19350009888156,2.1,20.0323,122.5,89.5851,68.4,36.4,5.2,22.0,14.5,1.8,4.1,15.4,26.2,8.60655,3.34248,11.949
Karl-Anthony Towns,Kentucky,SEC,Fr,C,39,21.1282,145,256,0.56640625,2,8,0.25,143,248,0.577,57.0,109,134,0.813,2.359,4.3333,6.6923,1.1282,0.4615,2.2564,1.35899990520006,5.6,10.2821,122.7,77.2779,62.72,52.3,14.1,22.2,11.5,1.4,11.4,16.6,24.2,6.31975,6.80643,13.1262
Gary Trent Jr.,Duke,ACC,Fr,Wing G,37,33.7568,177,427,0.414519906323185,97,241,0.402,80,186,0.43,52.8,85,97,0.876,0.8378,3.4054,4.2432,1.4054,1.1622,0.1351,1.02699992597475,2.0,14.4865,122.3,101.732,56.65,22.7,2.9,10.3,6.8,2.0,0.4,9.9,17.3,3.94714,1.89506,5.8422
Oscar Tshiebwe,Kentucky,SEC,Sr,C,32,33.5312,195,348,0.560344827586207,0,2,0.0,195,346,0.564,56.0,137,188,0.729,5.75,7.9062,13.6562,1.5625,1.625,1.0,2.03119993295285,3.5,16.4688,122.6,93.8242,60.26,54.0,19.5,27.9,9.4,2.9,3.3,14.8,24.5,7.50711,1.96885,9.47596
Myles Turner,Texas,B12,Fr,PF/C,34,22.2059,117,257,0.455252918287938,17,62,0.274,100,195,0.513,48.8,94,112,0.839,1.2941,5.2353,6.5294,0.5882,0.2941,2.6176,1.38240009145181,4.3,10.1471,109.4,85.3599,55.61,43.6,7.2,24.9,6.2,0.8,12.3,16.6,23.8,3.08008,5.45255,8.53262
Hunter Tyson,Clemson,ACC,Sr,Stretch 4,34,34.7353,172,359,0.479108635097493,83,205,0.405,89,154,0.578,59.5,93,111,0.838,1.2941,8.2353,9.5294,1.4706,0.9412,0.1176,1.02939998125856,2.0,15.2941,124.0,95.8897,63.15,30.9,4.7,26.1,8.3,1.6,0.4,9.1,19.2,5.84607,1.82331,7.66937
Jaylon Tyson,California,P12,Jr,Wing G,31,34.3548,222,477,0.465408805031447,50,139,0.36,172,338,0.509,51.8,113,142,0.796,1.6452,5.129,6.7742,3.4516,1.1935,0.4839,3.09680002385135,2.5,19.5806,107.4,106.975,55.74,29.8,5.2,16.9,23.5,2.0,1.5,17.3,30.0,5.25285,0.807608,6.06046
Fred VanVleet,Wichita St.,MVC,Sr,Pure PG,31,29.0323,119,305,0.390163934426229,43,113,0.381,76,192,0.396,46.1,98,120,0.817,0.3548,2.871,3.2258,5.5484,1.7742,0.0968,1.74189999314624,2.4,12.2258,112.7,87.9979,52.35,39.3,1.3,11.9,39.6,3.7,0.4,14.6,24.7,4.89637,4.79847,9.69484
Jarred Vanderbilt,Kentucky,SEC,Fr,C,14,17.0,29,68,0.426470588235294,0,1,0.0,29,67,0.433,42.6,24,38,0.632,3.2857,4.5714,7.8571,1.0,0.4286,0.7857,1.07140004922869,6.2,5.8571,107.3,92.8541,47.65,55.9,23.2,27.9,10.7,1.4,5.3,15.7,22.9,2.99048,2.05168,5.04217
Devin Vassell,Florida St.,ACC,So,Wing G,30,28.7333,144,294,0.489795918367347,44,106,0.415,100,188,0.532,56.5,48,65,0.738,1.2667,3.8,5.0667,1.6333,1.4,0.9667,0.766700054944881,2.7,12.6667,124.8,92.4381,58.48,22.1,5.2,15.4,11.2,2.8,4.1,8.1,18.9,6.37971,3.68417,10.0639
Gabe Vincent,UC Santa Barbara,BW,Sr,Scoring PG,30,29.125,135,300,0.45,53,142,0.373,82,158,0.519,53.8,66,82,0.805,0.0938,1.8125,1.9062,3.25,1.0938,0.1875,1.18749999794471,4.0,12.4062,116.7,104.834,57.38,27.3,0.4,7.1,20.9,2.2,0.7,11.9,20.8,2.20027,0.615029,2.81529
Dean Wade,Kansas St.,B12,Sr,PF/C,25,30.44,122,248,0.491935483870968,23,55,0.418,99,193,0.513,53.8,56,71,0.789,2.04,4.08,6.12,2.8,0.84,0.48,1.44000008475429,2.7,12.92,116.3,92.4809,57.33,28.6,8.0,16.8,21.3,1.7,2.2,12.9,22.6,5.40061,3.48926,8.88986
Franz Wagner,Michigan,B10,So,Wing F,28,31.6786,124,260,0.476923076923077,35,102,0.343,89,158,0.563,54.4,66,79,0.835,0.7143,5.8214,6.5357,3.0,1.25,1.0357,1.28569996118,2.8,12.4643,119.5,91.2358,58.65,30.4,2.9,19.6,17.4,2.3,3.2,12.5,19.4,5.20933,5.39981,10.6091
Moritz Wagner,Michigan,B10,Jr,Stretch 4,38,27.641,212,403,0.52605459057072,62,158,0.392,150,245,0.612,60.3,74,106,0.698,1.4615,5.6667,7.1282,0.8462,0.9744,0.5128,1.43589998730903,4.5,14.6154,114.8,91.4329,61.76,26.3,6.5,25.0,6.7,2.2,2.0,13.1,24.6,5.0044,3.30857,8.31297
Jabari Walker,Colorado,P12,So,PF/C,33,28.1212,160,347,0.461095100864553,36,104,0.346,124,243,0.51,51.3,127,162,0.784,2.0606,7.3333,9.3939,1.2424,0.7273,0.6667,2.30299989834472,3.6,14.6364,106.7,92.6794,56.96,46.7,8.9,29.3,10.0,1.5,2.6,17.8,27.0,3.27878,1.38731,4.66609
Jarace Walker,Houston,Amer,Fr,Stretch 4,36,27.7222,157,339,0.463126843657817,35,101,0.347,122,238,0.513,51.5,53,80,0.662,2.2778,4.5278,6.8056,1.8056,0.9722,1.2778,1.47219999481436,3.0,11.1667,112.3,86.3499,53.32,23.6,9.5,18.1,12.4,2.2,6.2,14.9,22.0,3.95521,3.7368,7.69201
Cason Wallace,Kentucky,SEC,Fr,Scoring PG,32,32.0625,139,312,0.445512820512821,44,127,0.346,95,185,0.514,51.6,53,70,0.757,0.9375,2.7812,3.7188,4.25,1.9688,0.4688,2.09380006537681,3.0,11.7188,112.1,99.2496,54.31,22.4,3.3,10.3,24.4,3.7,1.6,19.3,20.3,3.14153,3.86426,7.00579
Keaton Wallace,UTSA,CUSA,Sr,Wing G,22,33.5769,128,314,0.407643312101911,49,157,0.312,79,157,0.503,48.6,57,71,0.803,0.5769,4.9231,5.5,3.3846,1.0,0.3077,2.23079996423444,2.6,16.7692,101.7,105.095,52.05,22.6,1.4,16.9,18.3,1.5,0.7,15.2,24.8,2.62282,-0.789034,1.83378
Jordan Walsh,Arkansas,SEC,Fr,Wing F,36,24.3889,94,217,0.433179723502304,20,72,0.278,74,145,0.51,47.9,47,66,0.712,1.1944,2.7222,3.9167,0.9167,1.1111,0.4722,1.02779995377983,4.8,7.0833,103.5,97.0276,51.34,30.4,5.8,12.9,6.7,2.6,2.0,15.1,15.8,0.0433316,2.6933,2.73663
Ja'Kobe Walter,Baylor,B12,Fr,Wing G,34,32.3143,141,374,0.377005347593583,74,214,0.346,67,160,0.419,47.6,145,183,0.792,1.3429,3.1143,4.4571,1.4286,1.0571,0.2286,1.34290007854264,2.6,14.5143,115.5,106.355,54.35,48.9,5.5,12.3,8.2,2.0,0.8,11.2,22.1,4.03325,0.379528,4.41278
Kel'el Ware,Indiana,B10,So,PF/C,30,32.1,188,320,0.5875,17,40,0.425,171,280,0.611,61.4,85,134,0.634,2.1,7.7667,9.8667,1.5,0.6,1.8667,1.56669997993057,2.5,15.9333,117.2,101.177,62.3,41.9,8.0,26.1,9.9,1.1,6.5,12.7,22.1,5.61688,2.45968,8.07655
Lindy Waters III,Oklahoma St.,B12,Sr,Wing G,31,31.6452,111,291,0.381443298969072,39,123,0.317,72,168,0.429,44.8,66,80,0.825,0.5161,3.6452,4.1613,2.3871,1.1935,0.0645,1.61290003270462,2.9,10.5484,100.2,97.8452,49.7,27.5,1.9,12.8,15.8,2.2,0.3,15.6,19.1,1.05192,2.00087,3.05279
Trendon Watford,LSU,SEC,So,Wing F,28,34.5714,170,354,0.480225988700565,18,57,0.316,152,297,0.512,50.6,99,152,0.651,1.6786,5.7143,7.3929,2.9286,1.1071,0.6071,2.64289992776651,2.9,16.3214,105.6,102.542,53.61,42.9,5.3,16.8,15.6,1.8,2.0,16.9,24.9,3.47379,0.656099,4.12989
Jamir Watkins,Florida St.,ACC,Sr,Wing G,32,30.9406,177,415,0.426506024096386,53,165,0.321,124,250,0.496,49.0,183,245,0.747,1.0312,4.6562,5.6875,2.375,1.1875,0.5312,2.68750000070724,4.1,18.4375,105.7,102.066,55.52,59.0,3.9,16.9,16.3,2.2,2.0,16.3,30.3,3.53445,1.01767,4.55212
Peyton Watson,UCLA,P12,Fr,Stretch 4,32,12.6562,38,118,0.322033898305085,7,31,0.226,31,87,0.356,35.2,22,32,0.688,0.9062,1.9688,2.875,0.75,0.5938,0.5625,0.9375,5.0,3.2812,83.6,90.7276,39.41,27.1,8.1,18.7,10.1,2.8,5.3,21.0,21.2,-3.17916,2.91697,-0.262187
Jaylen Wells,Washington St.,P12,Jr,Wing F,34,29.2353,139,319,0.435736677115987,70,168,0.417,69,151,0.457,54.5,77,95,0.811,1.2353,3.3529,4.5882,1.2353,0.5294,0.1471,0.676500051927252,2.5,12.5,125.4,103.091,58.36,29.8,5.0,13.1,7.9,1.1,0.5,7.4,18.9,5.17738,1.13625,6.31363
Blake Wesley,Notre Dame,ACC,Fr,Combo G,34,29.3429,172,429,0.400932400932401,52,172,0.302,120,257,0.467,46.2,94,141,0.667,0.6857,3.0,3.6857,2.4,1.2571,0.0571,2.1999999615,2.6,14.4,94.4,100.407,49.4,32.9,2.9,11.4,17.4,2.6,0.2,15.2,30.7,0.266214,0.43256,0.698774
Russell Westbrook,UCLA,P10,So,,38,33.7949,177,383,0.462140992167102,24,75,0.32,153,308,0.497,49.3,105,148,0.709,1.5641,2.359,3.9231,4.2821,1.6154,0.1795,2.46149981141972,2.9,12.7436,109.0,92.6743,53.28,38.6,5.9,8.4,24.0,2.9,0.6,19.9,22.5,3.13181,3.46444,6.59626
Coby White,North Carolina,ACC,Fr,Combo G,35,28.5714,188,444,0.423423423423423,82,233,0.352,106,211,0.502,51.6,104,130,0.8,0.3429,3.2,3.5429,4.0857,1.0857,0.3143,2.68569990909362,2.7,16.0571,108.7,98.1201,55.56,29.3,1.3,11.4,24.4,2.0,1.3,19.0,26.1,4.71953,2.32841,7.04794
Derrick White,Colorado,P12,Sr,Scoring PG,33,32.8235,204,400,0.51,57,142,0.401,147,258,0.57,58.1,140,174,0.805,1.0294,3.0588,4.0882,4.3529,1.2353,1.4412,2.38240002460721,2.7,18.0882,121.1,103.201,62.67,43.5,3.5,10.7,28.3,2.2,4.8,16.6,25.9,8.73764,2.93893,11.6766
Cam Whitmore,Villanova,BE,Fr,Wing G,26,27.2692,122,255,0.47843137254902,37,108,0.343,85,147,0.578,55.1,45,64,0.703,0.8077,4.5,5.3077,0.7308,1.4231,0.3462,1.61540000524762,2.5,12.5385,103.6,98.775,57.11,25.1,3.7,20.3,6.4,3.2,1.6,15.1,24.3,3.1295,2.14846,5.27797
Aaron Wiggins,Maryland,B10,Jr,Wing G,30,33.0968,159,359,0.442896935933148,53,153,0.346,106,206,0.515,51.7,56,73,0.767,1.129,4.7097,5.8387,2.5484,1.129,0.5484,1.96770006901621,2.5,14.4516,103.8,99.3101,54.23,20.3,4.5,15.9,17.2,2.1,2.0,14.5,24.9,4.09808,1.70056,5.79864
Andrew Wiggins,Kansas,B12,Fr,Wing F,35,32.8,189,422,0.447867298578199,43,126,0.341,146,296,0.493,49.9,176,227,0.775,2.1714,3.6857,5.8571,1.5429,1.1714,0.9714,2.28570013169775,3.3,17.0571,112.3,101.712,56.34,53.8,8.4,12.3,9.2,2.1,3.1,15.9,25.1,5.14855,1.8287,6.97725
Amari Williams,Kentucky,SEC,Sr,C,36,22.7583,138,246,0.560975609756098,1,4,0.25,137,242,0.566,56.3,114,183,0.623,2.0556,6.4444,8.5,3.1944,0.5556,1.2222,2.27780003278794,3.9,10.8611,111.0,100.522,58.72,74.4,10.3,29.7,24.7,1.4,6.1,20.5,26.9,4.4681,4.22551,8.69361
Cody Williams,Colorado,P12,Fr,Wing F,24,28.125,107,194,0.551546391752577,17,41,0.415,90,153,0.588,59.5,55,77,0.714,0.7083,2.2917,3.0,1.5833,0.625,0.6667,2.0,2.8,11.9167,109.4,105.2,62.02,39.7,3.3,9.2,10.4,1.3,2.4,20.5,20.1,1.98158,0.966343,2.94792
Jalen Williams,Santa Clara,WCC,Jr,Combo G,33,34.8182,219,427,0.51288056206089,42,106,0.396,177,321,0.551,56.2,114,141,0.809,0.5758,3.8485,4.4242,4.1515,1.1818,0.5455,2.09089983429386,3.0,18.0,116.1,101.648,60.12,33.0,2.0,11.7,22.7,1.9,1.5,13.6,24.9,4.62161,0.865106,5.48671
Jaylin Williams,Auburn,SEC,Sr,Wing F,34,24.1176,152,265,0.573584905660377,34,86,0.395,118,179,0.659,63.8,84,101,0.832,1.0588,3.3824,4.4412,1.9118,0.7059,0.6765,1.14709995724506,2.9,12.4118,129.9,97.7261,67.42,38.1,5.1,14.7,14.8,1.7,2.9,13.3,20.1,6.86947,3.0689,9.93837
Kenrich Williams,TCU,B12,Sr,Wing F,32,36.0312,155,326,0.475460122699386,45,115,0.391,110,211,0.521,54.4,66,96,0.688,2.7812,6.5,9.2812,3.875,1.75,0.4688,2.03119993337874,2.8,13.1562,117.8,102.258,56.65,29.4,9.7,21.5,18.1,2.8,1.4,16.5,19.5,5.23198,2.70151,7.93349
Mark Williams,Duke,ACC,So,C,39,23.641,191,266,0.718045112781955,0,1,0.0,191,265,0.721,71.8,56,77,0.727,2.5897,4.8718,7.4615,0.8718,0.5128,2.7949,0.923099989580977,3.5,11.2308,138.6,92.129,72.38,28.9,13.2,21.4,6.9,1.3,11.3,12.3,18.6,7.79825,4.30074,12.099
Patrick Williams,Florida St.,ACC,Fr,Wing F,29,22.4483,95,208,0.456730769230769,16,50,0.32,79,158,0.5,49.5,62,74,0.838,1.2759,2.6897,3.9655,1.0,1.0,1.0345,1.72410000083446,2.9,9.2414,104.2,92.9091,55.11,35.6,6.8,13.9,8.4,2.6,5.6,20.2,21.9,1.76422,2.72163,4.48586
Ziaire Williams,Stanford,P12,Fr,Wing F,20,27.9,76,203,0.374384236453202,23,79,0.291,53,124,0.427,43.1,39,49,0.796,0.5,4.05,4.55,2.2,0.85,0.55,2.90000003690909,3.4,10.7,85.0,97.9783,47.29,24.1,2.4,16.4,16.4,1.7,2.2,23.2,25.8,-1.55022,1.25243,-0.297786
Vince Williams Jr.,VCU,A10,Sr,Wing G,30,32.4333,137,287,0.477351916376307,65,168,0.387,72,119,0.605,59.1,83,102,0.814,0.9,5.0667,5.9667,3.0333,1.6,1.0667,2.86670000895932,3.6,14.0667,108.2,87.8073,62.9,35.5,3.5,17.7,19.6,2.9,3.8,23.0,22.5,4.4125,4.27095,8.68345
Zion Williamson,Duke,ACC,Fr,Wing F,33,29.9697,296,435,0.680459770114943,24,71,0.338,272,364,0.747,70.8,130,203,0.64,3.5152,5.3636,8.8788,2.0606,2.1212,1.7879,2.36359997312704,2.8,22.6061,129.2,86.7976,70.19,46.7,12.8,18.0,15.0,3.9,5.8,15.2,28.2,12.8008,5.87096,18.6717
Jalen Wilson,Kansas,B12,Jr,Stretch 4,36,35.3611,247,575,0.429565217391304,70,208,0.337,177,367,0.482,49.0,159,199,0.799,1.5556,6.6944,8.25,2.1944,0.9444,0.4722,2.33330004503278,2.4,20.0833,106.2,96.3748,53.99,34.6,5.2,20.8,12.5,1.5,1.4,13.4,28.2,4.61125,1.31132,5.92257
James Wiseman,Memphis,Amer,Fr,C,3,23.0,20,26,0.769230769230769,0,1,0.0,20,25,0.8,76.9,19,27,0.704,4.3333,6.3333,10.6667,0.3333,0.3333,3.0,1.000000030003,2.9,19.6667,140.6,80.0012,75.98,103.8,21.8,26.5,4.4,0.8,13.6,8.8,26.8,11.9313,5.31168,17.243
Danny Wolf,Michigan,B10,Jr,PF/C,37,30.4973,186,374,0.497326203208556,38,113,0.336,148,261,0.567,54.8,79,133,0.594,2.2973,7.4324,9.7297,3.5676,0.6757,1.3514,3.24320005010797,2.7,13.2162,103.5,94.9499,55.93,35.6,9.1,25.0,22.8,1.3,4.6,23.9,25.2,3.82408,4.46782,8.2919
Jahmir Young,Maryland,B10,Sr,Scoring PG,32,35.3438,199,493,0.403651115618661,56,173,0.324,143,320,0.447,46.0,198,220,0.9,1.0312,3.8438,4.875,4.2188,1.3438,0.3125,2.71880002009133,1.4,20.375,110.9,99.6652,54.56,44.6,3.2,12.9,30.0,2.3,0.9,15.0,30.7,7.01054,2.684,9.69454
Trae Young,Oklahoma,B12,Fr,Pure PG,32,35.4062,261,617,0.423014586709887,118,327,0.361,143,290,0.493,51.9,236,274,0.861,0.4375,3.4688,3.9062,8.6562,1.6875,0.25,5.21879981928997,2.0,27.375,112.1,106.864,58.62,44.4,1.3,9.9,48.3,2.5,0.7,20.0,38.4,9.37282,0.768477,10.1413
Chris Youngblood,Alabama,SEC,Sr,Wing G,28,25.3107,96,215,0.446511627906977,59,152,0.388,37,63,0.587,58.4,37,46,0.804,0.8929,1.4286,2.3214,0.8929,0.6786,0.25,1.07140006069867,3.5,10.2857,119.3,111.185,60.8,21.4,3.9,5.4,5.6,1.4,0.9,14.2,15.7,3.57179,1.36627,4.93806
Tristan da Silva,Colorado,P12,Sr,Wing F,34,34.0,197,400,0.4925,64,162,0.395,133,238,0.559,57.3,86,103,0.835,0.9412,4.1176,5.0588,2.4118,1.1471,0.5588,1.79410011983232,2.4,16.0,118.0,102.792,60.59,25.8,3.6,13.7,13.4,2.0,1.7,14.5,21.2,4.6026,1.63801,6.24061
Donovan Mitchell,Louisville,ACC,So,Combo G,34,32.2941,181,444,0.407657657657658,80,226,0.354,101,218,0.463,49.8,87,108,0.806,1.0882,3.7647,4.8529,2.7353,2.0588,0.5,1.6470999308047,3.2,15.5588,114.4,93.2413,53.4,24.3,3.7,12.9,16.0,3.7,1.7,12.7,23.3,5.28447,4.78443,10.0689
Kyle Anderson,UCLA,P12,So,Wing F,36,33.2222,181,377,0.480106100795756,28,58,0.483,153,319,0.48,51.7,137,186,0.737,1.25,7.5,8.75,6.4722,1.7778,0.75,3.05559996550942,2.0,14.6389,110.6,94.3457,56.62,49.3,4.5,25.5,34.3,3.1,2.7,20.2,26.0,6.03776,3.96129,9.99905
Gary Harris,Michigan St.,B10,So,Combo G,35,32.3143,195,455,0.428571428571429,81,230,0.352,114,225,0.507,51.8,115,142,0.81,1.0571,2.9429,4.0,2.6857,1.8,0.4286,1.71430007436081,2.6,16.7429,114.4,98.3044,56.08,31.2,4.0,10.2,16.8,3.4,1.6,12.7,25.3,6.39277,2.94881,9.34158
Isaiah Jackson,Kentucky,SEC,Fr,C,25,20.64,74,137,0.54014598540146,0,2,0.0,74,135,0.548,54.0,63,90,0.7,2.12,4.48,6.6,0.72,0.76,2.6,1.51999990542223,5.8,8.44,108.0,89.5823,58.69,65.7,11.3,23.4,7.5,2.1,12.8,19.8,21.3,1.91299,5.53014,7.44313
Cameron Johnson,North Carolina,ACC,Sr,Wing F,36,29.9444,211,418,0.504784688995215,96,210,0.457,115,208,0.553,62.0,90,110,0.818,1.8333,3.9444,5.7778,2.3889,1.1944,0.2778,1.49999997174432,2.0,16.8889,128.9,97.4104,64.65,26.3,6.5,13.4,13.8,2.1,1.1,12.8,20.7,8.98051,3.07334,12.0538
Jalen Johnson,Duke,ACC,Fr,PF/C,13,21.3846,57,108,0.527777777777778,8,18,0.444,49,90,0.544,56.5,24,38,0.632,1.4615,4.5385,6.0,2.2308,1.1538,1.2308,2.5385001590204,4.2,11.2308,102.6,94.6895,57.91,35.2,7.9,25.3,20.5,3.1,6.0,23.8,28.8,4.00056,3.71873,7.7193
Isaac Jones,Washington St.,P12,Sr,C,35,31.8,199,346,0.57514450867052,1,14,0.071,198,332,0.596,57.7,138,193,0.715,2.2857,5.2857,7.5714,1.5429,0.5429,1.0286,1.91430000591077,2.6,15.3429,117.7,99.3003,61.35,55.8,8.5,19.0,9.8,1.0,3.3,15.3,23.6,4.53594,2.13235,6.66829
Tre Jones,Duke,ACC,So,Scoring PG,29,35.4483,162,383,0.422976501305483,39,108,0.361,123,275,0.447,47.4,108,140,0.771,0.6552,3.5862,4.2414,6.3793,1.7931,0.3448,2.68969983720555,2.0,16.2414,110.8,93.6734,52.39,36.6,2.1,10.8,31.4,2.8,0.9,16.8,24.6,4.59336,2.34043,6.93379
A.J. Lawson,South Carolina,SEC,So,Wing G,31,29.129,135,326,0.414110429447853,57,168,0.339,78,158,0.494,50.2,89,123,0.724,0.5161,3.1613,3.6774,1.871,1.1935,0.129,1.99999993586318,3.0,13.4194,103.1,97.6863,54.11,37.7,1.9,12.3,12.4,2.3,0.5,17.0,22.2,2.3087,1.27253,3.58123
Isaiah Stevens,Colorado St.,MWC,Sr,Pure PG,34,34.75,198,423,0.468085106382979,59,140,0.421,139,283,0.491,53.8,90,107,0.841,0.4722,2.7222,3.1944,6.8056,1.1944,0.1667,2.36109990077836,1.7,16.0,114.9,104.197,57.51,25.3,1.7,8.9,38.8,2.1,0.5,15.6,26.0,5.38982,1.23452,6.62435
Brandon Williams,Arizona,P12,Fr,Scoring PG,26,28.1154,87,231,0.376623376623377,36,114,0.316,51,117,0.436,45.5,86,105,0.819,0.1923,2.5769,2.7692,3.3077,0.8077,0.1923,1.76920000949721,2.8,11.3846,105.4,100.922,52.69,45.5,0.8,11.1,23.7,1.7,0.8,16.1,22.9,1.61178,1.66028,3.27207
Grant Williams,Tennessee,SEC,Jr,Wing F,36,31.8919,229,405,0.565432098765432,14,44,0.318,215,361,0.596,58.3,211,258,0.818,2.2162,5.2973,7.5135,3.1622,1.1351,1.4865,2.24320008957478,3.8,18.8108,124.5,96.9792,64.73,63.7,8.8,17.4,18.3,2.0,5.3,15.2,27.0,8.10144,3.69365,11.7951
Jaylin Williams,Arkansas,SEC,So,PF/C,37,31.6486,142,308,0.461038961038961,17,71,0.239,125,237,0.527,48.9,102,140,0.729,1.5135,8.3243,9.8378,2.5676,1.2973,1.1081,1.81079995339144,3.3,10.8919,106.0,88.4107,53.81,45.5,5.3,29.3,15.3,2.3,4.0,17.0,18.6,2.16043,4.65451,6.81494
