,Name,Team,Conf,Class,Pos,G,MP,FG,FGA,FG%,3P,3PA,3P%,2P,2PA,2P%,eFG%,FT,FTA,FT%,ORB,DRB,TRB,AST,STL,BLK,TOV,PF,PTS,ORTG,DRTG,TS%,FTr,ORB%,DRB%,AST%,STL%,BLK%,TOV%,USG%,OBPM,DBPM,BPM,3PAr,PProd,TRB%,factor,uPER,PER,TeamMinutes,OWS,DWS,WS,WS/40
0,Precious Achiuwa,Memphis,Amer,FR,C,31,941,5.9,11.9,0.493,0.4,1.3,0.325,5.5,10.6,0.514,0.511,3.6,6.0,0.599,3.0,7.8,10.8,1.0,1.1,1.9,2.8,3.1,15.8,98.2,81.6,0.534,0.507,11.4,24.7,7.5,2.0,6.4,18.6,27.2,2.2,2.9,5.1,0.109,16.0,21.0,0.5819209039548022,0.01852518957474018,1.3,6200,4.6,0.9,5.5,0.234
1,Steven Adams,Pittsburgh,BE,FR,C,32,749,3.1,5.5,0.571,0.0,0.0,0.0,3.1,5.5,0.571,0.571,1.0,2.2,0.443,2.8,3.5,6.3,0.6,0.7,2.0,1.1,2.8,7.2,109.7,86.5,0.555,0.4,15.3,19.1,5.4,1.9,11.2,16.9,18.0,3.4,3.7,7.1,0.0,8.0,17.4,0.5698924731182795,0.015032947155346914,1.1,6400,4.1,0.5,4.6,0.246
2,Ochai Agbaji,Kansas,B12,SR,F,39,1367,6.6,13.9,0.475,2.6,6.5,0.407,4.0,7.4,0.534,0.57,2.9,3.9,0.743,0.8,4.2,5.1,1.6,0.9,0.6,2.1,1.9,18.8,114.0,97.9,0.595,0.28,2.8,12.9,8.7,1.5,1.7,14.5,23.3,6.5,1.7,8.1,0.468,20.0,11.3,0.5454545454545454,0.010382722617543394,0.7,7800,7.8,0.1,7.8999999999999995,0.231
3,Santi Aldama,Loyola MD,Pat,SO,C,17,595,7.9,15.5,0.513,1.9,5.1,0.368,6.1,10.4,0.585,0.574,3.5,5.1,0.686,1.8,8.3,10.1,2.3,1.0,1.7,3.2,2.2,21.2,109.0,93.6,0.594,0.327,6.1,27.9,15.5,1.7,5.6,18.2,29.4,6.0,1.7,7.7,0.329,22.0,24.0,0.5210970464135021,0.03496649292628444,2.4,3400,3.2,0.2,3.4000000000000004,0.229
4,Trey Alexander,Creighton,BE,JR,G,35,1302,6.6,14.9,0.446,1.8,5.2,0.339,4.9,9.6,0.504,0.506,2.5,3.1,0.824,0.5,5.2,5.7,4.7,1.1,0.4,2.5,1.9,17.6,108.7,100.9,0.538,0.208,1.8,14.6,23.9,1.7,1.0,14.8,26.5,2.7,2.0,4.7,0.349,20.0,13.5,0.31060606060606055,0.01067850160592096,0.7,7000,7.1,-0.1,7.0,0.215
5,Nickeil Alexander-Walker,Virginia Tech,ACC,SO,G,34,1167,5.6,11.8,0.474,1.7,4.6,0.374,3.9,7.2,0.537,0.546,3.3,4.2,0.778,0.5,3.6,4.1,4.0,1.9,0.5,2.9,2.7,16.2,109.8,93.6,0.586,0.359,1.8,13.1,24.6,3.4,2.3,19.6,26.4,4.2,3.7,7.9,0.39,18.0,11.7,0.3095238095238095,0.010894846370424776,0.8,6800,6.4,0.4,6.800000000000001,0.233
6,Grayson Allen,Duke,ACC,SR,G,37,1316,4.9,11.7,0.418,2.8,7.5,0.37,2.1,4.2,0.503,0.536,2.9,3.4,0.85,0.5,2.8,3.3,4.6,1.7,0.1,2.1,2.4,15.5,121.1,101.1,0.58,0.293,1.8,8.0,21.2,2.8,0.2,16.7,20.3,4.6,2.7,7.3,0.641,18.0,7.1,0.1972789115646259,0.00908326096396005,0.6,7400,8.0,-0.1,7.9,0.24
7,Jarrett Allen,Texas,B12,FR,C,33,1061,5.4,9.6,0.566,0.0,0.2,0.0,5.4,9.4,0.579,0.566,2.5,4.5,0.564,3.0,5.4,8.4,0.8,0.6,1.5,2.5,2.6,13.4,101.9,99.0,0.571,0.472,11.0,18.8,5.5,1.0,5.0,20.1,22.9,2.0,2.1,4.1,0.021,14.0,16.0,0.5925925925925926,0.013611372918630226,1.0,6600,5.4,0.1,5.5,0.207
8,Jose Alvarado,Georgia Tech,ACC,SR,G,26,965,5.4,10.7,0.505,1.8,4.5,0.39,3.7,6.2,0.59,0.588,2.6,3.1,0.838,0.7,2.7,3.5,4.2,2.8,0.0,2.1,2.5,15.2,117.8,99.6,0.623,0.287,2.5,9.4,21.0,4.5,0.1,16.1,20.6,4.3,3.0,7.3,0.421,17.0,8.0,0.27777777777777773,0.014588370754173862,1.0,5200,5.7,0.0,5.7,0.236
9,Cole Anthony,North Carolina,ACC,FR,G,22,767,6.0,15.7,0.38,2.2,6.4,0.348,3.7,9.3,0.402,0.451,4.4,5.8,0.75,0.5,5.2,5.7,4.0,1.3,0.3,3.5,3.3,18.5,97.6,101.2,0.501,0.371,1.4,16.4,23.9,2.1,0.9,19.6,29.0,3.0,1.4,4.3,0.408,21.0,15.1,0.3333333333333333,0.014080834419817476,1.0,4400,3.7,-0.0,3.7,0.193
10,OG Anunoby,Indiana,B10,SO,F,16,402,4.2,7.6,0.557,0.9,2.8,0.311,3.4,4.8,0.701,0.615,1.7,3.0,0.563,1.8,3.7,5.4,1.4,1.3,1.3,1.6,3.3,11.1,115.6,98.5,0.611,0.393,8.5,16.1,11.0,3.0,5.5,18.0,20.5,4.7,3.1,7.8,0.368,12.0,13.6,0.5,0.030762852404643454,2.2,3200,2.3,0.0,2.3,0.229
11,Deandre Ayton,Arizona,P12,FR,C,35,1172,7.9,12.9,0.612,0.3,1.0,0.343,7.5,11.9,0.635,0.625,4.0,5.5,0.733,3.4,8.2,11.6,1.6,0.6,1.9,2.0,2.8,20.1,126.7,97.5,0.65,0.424,13.5,28.2,10.2,1.0,6.1,13.1,26.2,8.0,1.9,9.9,0.078,21.0,23.9,0.5654008438818565,0.02104052360997105,1.5,7000,7.4,0.1,7.5,0.256
12,Marvin Bagley III,Duke,ACC,FR,C,33,1114,8.2,13.3,0.614,0.7,1.8,0.397,7.5,11.6,0.647,0.64,4.0,6.3,0.627,4.0,7.1,11.1,1.5,0.8,0.9,2.3,2.2,21.0,123.8,96.5,0.643,0.475,13.8,21.4,8.8,1.4,2.6,14.7,25.8,8.3,1.4,9.6,0.135,22.0,18.7,0.5752032520325203,0.020784800980864382,1.5,6600,6.9,0.2,7.1000000000000005,0.255
13,Ace Bailey,Rutgers,B10,FR,F,30,1000,6.8,14.7,0.46,1.6,4.5,0.346,5.2,10.2,0.511,0.514,2.5,3.6,0.692,2.1,5.1,7.2,1.3,1.0,1.3,2.0,3.3,17.6,106.3,107.7,0.536,0.243,7.0,17.5,8.3,1.7,4.1,13.4,26.2,3.6,0.1,3.8,0.306,18.0,14.4,0.571078431372549,0.015579779411764708,1.1,6000,5.3,-0.4,4.8999999999999995,0.196
14,Lonzo Ball,UCLA,P12,FR,G,36,1262,5.2,9.5,0.551,2.2,5.4,0.412,3.0,4.1,0.732,0.668,1.8,2.7,0.673,0.9,5.1,6.0,7.6,1.8,0.8,2.5,2.1,14.6,129.4,99.8,0.673,0.286,3.2,14.3,31.4,2.8,2.1,18.9,20.1,7.6,3.4,11.0,0.568,18.0,12.6,-0.0641025641025641,0.01564671461660368,1.1,7200,8.2,0.0,8.2,0.26
15,Paolo Banchero,Duke,ACC,FR,F,39,1286,6.3,13.2,0.478,1.1,3.3,0.338,5.2,9.8,0.525,0.52,3.5,4.8,0.729,1.8,6.1,7.8,3.2,1.1,0.9,2.4,2.3,17.2,111.3,97.1,0.557,0.366,6.5,19.1,17.5,1.9,2.7,15.4,27.2,5.5,1.6,7.1,0.25,19.0,16.2,0.4126984126984126,0.012358673381223928,0.9,7800,7.2,0.2,7.4,0.23
16,Desmond Bane,TCU,B12,SR,F,31,1118,6.0,13.5,0.445,2.8,6.4,0.439,3.2,7.2,0.45,0.549,1.4,1.8,0.786,1.4,4.9,6.3,3.9,1.5,0.5,2.3,2.4,16.6,112.2,97.0,0.565,0.133,4.6,16.6,26.0,2.4,1.6,16.7,23.5,6.6,2.3,8.9,0.474,18.0,13.9,0.3416666666666666,0.013407871198568871,0.9,6200,6.3,0.2,6.5,0.233
17,Harrison Barnes,North Carolina,ACC,SO,F,38,1111,6.0,13.7,0.44,1.3,3.6,0.358,4.7,10.1,0.469,0.487,3.7,5.1,0.723,1.9,3.3,5.2,1.1,1.1,0.3,1.9,2.4,17.1,108.2,94.6,0.528,0.374,6.9,11.0,7.2,2.0,1.1,14.0,26.0,4.3,1.7,6.0,0.263,18.0,9.5,0.575,0.0104466696669667,0.7,7600,6.0,0.3,6.3,0.227
18,Scottie Barnes,Florida St.,ACC,FR,G,24,595,4.1,8.1,0.503,0.5,1.7,0.275,3.6,6.5,0.561,0.531,1.7,2.8,0.621,1.5,2.5,4.0,4.1,1.5,0.5,2.5,3.5,10.3,107.5,97.4,0.548,0.338,7.4,11.0,31.6,3.4,2.1,22.4,25.3,4.1,3.1,7.2,0.21,12.0,9.6,0.16666666666666663,0.01680672268907563,1.2,4800,3.2,0.1,3.3000000000000003,0.222
19,Brooks Barnhizer,Northwestern,B10,SR,F,17,628,6.1,14.6,0.414,1.0,3.8,0.266,5.1,10.9,0.465,0.448,4.0,5.2,0.764,1.5,7.3,8.8,4.2,2.3,1.1,2.8,1.8,17.1,101.6,95.0,0.5,0.357,4.8,24.6,24.0,3.8,3.7,16.2,28.0,4.1,4.1,8.2,0.26,19.0,21.2,0.32240437158469937,0.02652448574710243,1.9,3400,3.2,0.2,3.4000000000000004,0.217
20,Charles Bassey,Western Kentucky,CUSA,JR,C,28,852,6.9,11.8,0.59,0.6,2.1,0.305,6.3,9.6,0.652,0.617,3.1,4.1,0.759,3.3,8.3,11.6,0.7,0.4,3.1,2.2,3.1,17.6,118.2,89.5,0.643,0.353,13.2,30.8,5.6,0.7,11.5,16.6,25.4,6.3,2.6,8.9,0.178,18.0,25.8,0.6159420289855072,0.02779563856569368,1.9,5600,5.0,0.4,5.4,0.254
21,Tamar Bates,Missouri,SEC,SR,F,34,883,4.6,9.0,0.508,1.5,3.9,0.397,3.1,5.2,0.591,0.593,2.6,2.7,0.946,0.7,1.9,2.6,1.0,1.3,0.1,1.3,2.7,13.3,124.3,107.5,0.643,0.3,3.2,8.8,7.5,2.9,0.6,13.9,20.4,5.6,1.3,6.9,0.433,14.0,7.3,0.5579710144927535,0.012250726278989607,0.9,6800,5.5,-0.3,5.2,0.236
22,Jamison Battle,Ohio St.,B10,SR,F,35,1096,5.1,11.0,0.465,2.6,6.0,0.433,2.5,5.0,0.503,0.583,2.5,2.7,0.926,1.2,4.0,5.2,1.3,0.4,0.3,1.5,2.6,15.3,120.6,106.4,0.624,0.247,4.4,14.0,8.3,0.7,0.8,13.8,21.1,5.6,0.1,5.7,0.545,16.0,11.8,0.5392156862745098,0.011844318019178473,0.8,7000,6.6,-0.4,6.199999999999999,0.226
23,Bradley Beal,Florida,SEC,FR,F,37,1267,4.7,10.6,0.445,1.7,5.0,0.339,3.0,5.6,0.541,0.525,3.6,4.7,0.769,1.4,5.4,6.7,2.2,1.4,0.8,2.1,2.4,14.8,112.3,95.5,0.575,0.44,4.8,18.1,12.7,2.5,2.6,17.0,22.4,5.3,2.3,7.6,0.472,16.0,15.4,0.43262411347517726,0.010807906094140961,0.8,7400,7.1,0.3,7.3999999999999995,0.234
24,Saddiq Bey,Villanova,BE,SO,F,31,1051,5.6,11.8,0.477,2.5,5.6,0.451,3.1,6.2,0.5,0.584,2.3,2.9,0.769,1.3,3.5,4.7,2.4,0.8,0.4,1.5,2.9,16.1,119.0,100.0,0.608,0.248,4.5,11.3,14.9,1.4,1.1,11.8,22.0,5.8,1.5,7.3,0.475,17.0,9.5,0.45238095238095233,0.01264781840424086,0.9,6200,6.3,0.0,6.3,0.24
25,Anthony Black,Arkansas,SEC,FR,F,36,1237,4.1,9.1,0.453,0.8,2.6,0.301,3.4,6.6,0.513,0.495,3.7,5.3,0.705,1.2,3.8,5.1,3.9,2.1,0.6,3.0,3.0,12.8,102.0,95.6,0.549,0.578,4.3,12.8,20.9,3.4,1.9,22.6,22.2,2.5,3.4,5.9,0.286,15.0,10.8,0.19105691056910562,0.008852061438965237,0.6,7200,6.3,0.3,6.6,0.213
26,Adem Bona,UCLA,P12,SO,C,32,849,4.6,7.9,0.585,0.0,0.1,0.0,4.6,7.8,0.59,0.585,3.2,4.5,0.697,2.0,3.9,5.9,1.2,1.1,1.8,2.5,5.5,12.4,106.3,95.8,0.617,0.573,8.7,18.3,11.5,2.7,8.7,22.3,25.6,1.5,4.3,5.8,0.013,13.0,15.0,0.536231884057971,0.01560403543811133,1.1,6400,4.5,0.2,4.7,0.221
27,Devin Booker,Kentucky,SEC,FR,F,38,817,3.6,7.6,0.47,1.5,3.7,0.411,2.0,3.8,0.527,0.571,1.4,1.7,0.828,0.4,1.6,2.0,1.1,0.4,0.1,1.0,2.8,10.0,121.0,91.1,0.6,0.223,2.6,7.8,10.9,1.3,0.3,13.8,20.5,5.9,2.3,8.2,0.487,11.0,6.8,0.5138888888888888,0.008581531347749222,0.6,7600,4.9,0.4,5.300000000000001,0.259
28,Chris Boucher,Oregon,P12,SR,C,30,706,4.5,8.6,0.521,1.2,3.4,0.347,3.3,5.3,0.633,0.589,1.6,2.8,0.566,1.7,4.3,6.1,0.4,0.4,2.5,1.0,4.7,11.8,115.5,91.5,0.59,0.32,9.3,19.6,3.1,1.0,11.7,11.3,21.8,3.6,3.3,6.9,0.395,12.0,16.7,0.6222222222222222,0.01994649039974819,1.4,6000,4.1,0.3,4.3999999999999995,0.249
29,Tony Bradley,North Carolina,ACC,FR,C,37,540,2.6,4.6,0.564,0.0,0.0,0.0,2.6,4.6,0.564,0.564,1.6,2.7,0.616,2.6,2.6,5.1,0.6,0.3,0.6,0.7,5.0,7.1,123.3,96.9,0.582,0.576,18.2,19.0,7.4,1.0,4.6,11.5,21.4,5.0,1.8,6.8,0.0,7.0,18.6,0.5512820512820512,0.015883190883190887,1.1,7400,3.3,0.1,3.4,0.252
30,Malaki Branham,Ohio St.,B10,FR,F,32,949,5.0,10.1,0.497,1.2,2.8,0.411,3.8,7.2,0.53,0.554,2.5,3.0,0.833,0.8,2.8,3.6,2.0,0.8,0.3,1.7,2.4,13.7,115.0,105.3,0.594,0.298,3.5,10.5,14.7,1.6,1.0,15.1,23.4,4.6,0.4,5.0,0.277,15.0,8.9,0.4666666666666666,0.011195995785036883,0.8,6400,5.5,-0.3,5.2,0.219
31,Christian Braun,Kansas,B12,JR,F,40,1374,5.2,10.4,0.495,1.3,3.3,0.386,3.9,7.2,0.545,0.556,2.5,3.4,0.733,1.4,5.1,6.5,2.8,1.0,0.8,2.0,2.1,14.1,114.1,95.9,0.585,0.323,4.9,16.0,14.5,1.6,2.5,16.8,20.2,5.2,2.8,8.0,0.317,16.0,13.6,0.3974358974358974,0.010329190460194825,0.7,8000,7.8,0.3,8.1,0.236
32,Koby Brea,Kentucky,SEC,SR,F,36,1010,4.1,8.7,0.47,2.6,5.9,0.435,1.5,2.8,0.545,0.618,0.9,1.0,0.914,0.3,2.9,3.2,1.3,0.5,0.3,0.5,1.9,11.6,128.9,111.2,0.636,0.112,1.1,10.9,8.0,0.9,1.3,6.2,14.9,5.3,0.7,6.0,0.678,12.0,10.0,0.5081300813008129,0.010306689205505917,0.7,7200,6.5,-0.6,5.9,0.234
33,Mikal Bridges,Villanova,BE,JR,F,40,1287,6.1,11.9,0.514,2.6,6.0,0.435,3.5,5.9,0.593,0.623,2.9,3.4,0.851,1.4,4.0,5.3,1.9,1.5,1.1,1.4,2.7,17.6,130.1,97.4,0.655,0.282,5.2,13.7,10.6,2.7,3.5,10.9,22.0,8.4,3.6,12.0,0.504,19.0,11.5,0.5109289617486339,0.01339944208796668,0.9,8000,8.4,0.2,8.6,0.267
34,Miles Bridges,Michigan St.,B10,SO,F,34,1067,6.1,13.4,0.458,2.1,5.7,0.366,4.1,7.7,0.527,0.536,2.7,3.2,0.845,1.3,5.7,7.0,2.6,0.6,0.8,2.0,2.0,17.1,116.2,94.6,0.573,0.241,5.2,18.1,16.6,1.2,2.5,14.7,25.0,5.7,1.9,7.6,0.425,18.0,15.7,0.45355191256830596,0.01423748213929049,1.0,6800,6.2,0.3,6.5,0.244
35,Dillon Brooks,Oregon,P12,JR,F,34,861,5.8,12.0,0.484,1.7,4.1,0.404,4.1,7.9,0.526,0.554,2.6,3.6,0.744,1.0,2.2,3.2,2.7,1.1,0.5,2.1,4.4,16.1,113.3,97.5,0.582,0.296,4.7,9.9,23.0,2.5,2.0,15.8,30.1,5.7,2.1,7.8,0.342,17.0,8.3,0.43390804597701144,0.012863951299611518,0.9,6800,4.9,0.1,5.0,0.232
36,Johni Broome,Auburn,SEC,SR,C,36,1088,7.3,14.3,0.51,0.7,2.5,0.278,6.6,11.8,0.559,0.534,3.3,5.6,0.587,3.7,7.1,10.8,2.9,0.9,2.1,1.6,2.8,18.6,118.5,93.6,0.547,0.39,14.1,26.0,19.5,1.8,7.5,9.9,30.6,8.9,4.0,12.9,0.175,20.0,21.9,0.46803652968036524,0.01923096293311845,1.3,7200,6.4,0.3,6.7,0.246
37,Bruce Brown,Miami FL,ACC,FR,F,33,1053,4.1,8.8,0.459,1.0,2.9,0.347,3.1,6.0,0.513,0.515,2.7,3.7,0.744,1.5,4.2,5.6,3.2,1.5,0.5,2.0,3.1,11.8,111.5,96.8,0.559,0.414,5.6,15.3,20.7,2.9,1.9,18.2,21.5,3.7,3.9,7.6,0.33,14.0,12.7,0.27642276422764217,0.011250665925462672,0.8,6600,5.9,0.2,6.1000000000000005,0.232
38,Jaylen Brown,California,P12,FR,F,34,939,4.8,11.1,0.431,0.9,3.0,0.294,3.9,8.1,0.482,0.471,4.2,6.4,0.654,1.1,4.3,5.4,2.0,0.8,0.6,3.1,4.6,14.6,95.4,96.2,0.518,0.574,4.5,16.5,15.1,1.7,2.2,21.0,30.9,0.6,2.0,2.6,0.27,16.0,14.1,0.45833333333333326,0.009402733404330848,0.7,6800,4.5,0.2,4.7,0.2
39,Kobe Brown,Missouri,SEC,SR,F,34,1004,5.7,10.3,0.553,1.5,3.3,0.455,4.2,7.0,0.598,0.625,2.9,3.7,0.792,1.8,4.6,6.4,2.5,1.5,0.4,1.6,3.3,15.8,125.6,103.2,0.655,0.356,7.3,18.3,16.7,2.8,1.9,13.6,23.5,7.3,0.7,8.1,0.32,17.0,15.2,0.4473684210526315,0.016539106730970848,1.2,6800,6.3,-0.2,6.1,0.243
40,Jalen Brunson,Villanova,BE,JR,G,40,1272,6.8,12.9,0.521,2.1,5.3,0.408,4.6,7.7,0.599,0.604,3.2,4.0,0.802,0.3,2.8,3.0,4.6,0.9,0.0,1.8,2.5,18.9,128.5,103.2,0.635,0.313,1.2,9.7,26.6,1.7,0.1,12.3,26.1,7.8,1.7,9.5,0.411,21.0,8.9,0.3284313725490196,0.011253699593044763,0.8,8000,8.2,-0.2,7.999999999999999,0.252
41,Carter Bryant,Arizona,B12,FR,F,37,715,2.2,4.8,0.46,1.1,2.8,0.371,1.1,1.9,0.592,0.571,1.1,1.6,0.695,0.9,3.2,4.1,1.0,0.9,1.0,1.0,4.8,6.5,113.9,98.8,0.593,0.335,5.3,17.8,8.3,2.8,5.8,18.5,16.0,3.2,4.3,7.5,0.583,7.0,15.1,0.43939393939393934,0.01164653528289892,0.8,7400,4.1,0.0,4.1,0.229
42,Thomas Bryant,Indiana,B10,SO,C,34,954,4.4,8.4,0.519,0.7,1.8,0.383,3.7,6.6,0.556,0.56,3.2,4.4,0.73,2.2,4.4,6.6,1.5,0.8,1.5,2.3,4.4,12.6,112.0,101.0,0.601,0.519,9.7,17.2,9.8,1.6,5.7,20.9,22.3,3.2,2.1,5.3,0.214,13.0,14.7,0.4962121212121212,0.013923432437583379,1.0,6800,5.3,-0.0,5.3,0.222
43,Jamal Cain,Oakland,Horz,SR,F,30,1050,7.3,14.6,0.499,1.1,3.8,0.298,6.1,10.8,0.57,0.538,4.2,5.0,0.841,3.0,7.2,10.2,0.7,1.8,0.6,2.2,3.9,19.9,113.9,95.5,0.587,0.346,10.1,23.5,4.6,3.1,1.9,13.9,26.5,3.3,-0.1,3.2,0.26,20.0,19.6,0.6187214611872146,0.020078930202217873,1.4,6000,6.0,0.2,6.2,0.236
44,Kentavious Caldwell-Pope,Georgia,SEC,SO,F,32,1086,5.8,13.4,0.433,2.6,7.0,0.373,3.2,6.4,0.498,0.53,4.2,5.3,0.799,1.2,5.9,7.1,1.8,2.0,0.5,2.0,2.6,18.5,112.7,89.8,0.579,0.393,4.3,19.7,16.8,3.8,1.9,13.8,27.2,8.4,3.9,12.3,0.522,19.0,17.1,0.5114942528735632,0.014920302279799324,1.0,6400,6.1,0.6,6.699999999999999,0.247
45,Toumani Camara,Dayton,A10,JR,C,34,1019,5.2,9.6,0.546,0.9,2.4,0.362,4.4,7.2,0.606,0.59,2.6,3.9,0.669,2.3,6.3,8.6,1.7,1.2,0.8,2.1,3.5,13.9,112.3,88.7,0.609,0.408,10.2,23.3,13.4,2.6,3.1,17.9,24.5,3.7,2.8,6.6,0.25,15.0,19.8,0.5032051282051282,0.015814901487129163,1.1,6800,5.7,0.6,6.3,0.247
46,Dylan Cardwell,Auburn,SEC,SR,C,38,773,2.2,3.2,0.7,0.0,0.1,0.5,2.2,3.1,0.703,0.704,0.6,1.8,0.324,2.5,2.6,5.1,1.6,0.8,1.4,0.6,5.0,5.0,133.7,97.4,0.627,0.567,14.1,14.0,12.7,2.4,7.4,11.7,13.5,4.5,5.6,10.2,0.031,6.0,14.0,0.303030303030303,0.012707279783605788,0.9,7600,5.2,0.1,5.3,0.274
47,Branden Carlson,Utah,P12,SR,C,36,1066,6.4,12.8,0.502,1.8,4.7,0.379,4.7,8.1,0.573,0.571,2.4,3.3,0.714,1.4,5.1,6.5,1.6,0.4,1.5,1.5,2.6,17.0,114.5,101.9,0.591,0.258,5.4,17.8,10.8,0.7,5.0,11.3,24.7,5.8,1.8,7.6,0.367,18.0,15.1,0.5416666666666666,0.015056285178236395,1.1,7200,6.1,-0.1,6.0,0.225
48,Devin Carter,Providence,BE,JR,F,33,1164,6.6,14.0,0.473,2.5,6.8,0.377,4.1,7.3,0.563,0.564,3.9,5.3,0.747,1.0,7.7,8.7,3.6,1.8,1.0,2.7,2.2,19.8,112.7,93.5,0.598,0.376,3.4,23.7,23.3,2.9,2.8,16.1,27.8,7.0,4.4,11.4,0.486,21.0,21.4,0.39393939393939387,0.01638745704467354,1.1,6600,6.6,0.4,7.0,0.241
49,Jevon Carter,West Virginia,B12,SR,G,37,1311,5.8,13.8,0.422,2.1,5.3,0.393,3.7,8.5,0.441,0.498,3.6,4.2,0.858,0.8,3.9,4.6,6.6,3.0,0.4,2.6,3.4,17.3,117.3,94.3,0.549,0.305,2.3,12.9,35.2,4.8,1.2,16.8,25.1,6.5,4.6,11.1,0.384,21.0,11.1,0.09770114942528729,0.012151818827428388,0.9,7400,7.7,0.4,8.1,0.247
50,Wendell Carter Jr.,Duke,ACC,FR,C,37,993,4.8,8.6,0.561,0.5,1.2,0.413,4.3,7.4,0.586,0.591,3.4,4.5,0.738,2.9,6.1,9.1,2.0,0.8,2.1,2.0,4.2,13.5,121.5,92.0,0.628,0.527,12.8,23.1,13.0,1.7,7.6,18.2,23.4,5.9,4.5,10.4,0.14,14.0,19.8,0.45833333333333326,0.017938066465256797,1.3,7400,6.0,0.4,6.4,0.258
51,Alex Caruso,Texas A&M,SEC,SR,G,37,1067,3.0,6.0,0.502,0.8,2.1,0.368,2.2,3.9,0.572,0.566,1.4,1.8,0.785,1.1,2.5,3.6,5.0,2.1,0.4,2.4,3.4,8.1,111.6,92.9,0.598,0.294,4.1,9.5,31.1,4.2,1.6,26.8,17.5,2.5,5.6,8.0,0.35,11.0,7.8,-0.16666666666666674,0.010996563573883159,0.8,7400,6.0,0.4,6.4,0.24
52,Stephon Castle,Connecticut,BE,FR,F,34,916,4.0,8.5,0.472,0.6,2.2,0.267,3.4,6.3,0.544,0.507,2.4,3.2,0.755,1.7,3.0,4.7,2.9,0.8,0.5,1.5,3.6,11.1,116.9,98.0,0.551,0.379,7.8,12.0,18.4,1.8,2.1,15.0,22.4,3.1,2.4,5.5,0.259,12.0,10.5,0.30416666666666664,0.011153111353711793,0.8,6800,5.4,0.1,5.5,0.24
53,Colin Castleton,Florida,SEC,SR,C,26,810,5.8,11.5,0.5,0.1,0.6,0.133,5.7,11.0,0.519,0.503,4.3,6.0,0.729,1.8,5.9,7.7,2.7,0.9,3.0,2.5,2.7,16.0,104.8,92.5,0.555,0.517,6.6,20.2,19.9,1.7,9.2,16.5,28.2,4.2,5.1,9.2,0.052,17.0,17.0,0.43390804597701144,0.020682737335036182,1.4,5200,4.2,0.3,4.5,0.222
54,Julian Champagnie,St. John's,BE,JR,F,31,1060,7.1,17.2,0.414,2.1,6.2,0.337,5.0,11.0,0.457,0.475,2.9,3.7,0.781,1.4,5.3,6.6,2.0,2.0,1.1,1.5,1.8,19.2,105.4,96.6,0.507,0.213,4.1,16.5,11.0,3.1,3.5,9.1,25.5,4.2,1.2,5.4,0.36,20.0,13.9,0.5258215962441314,0.014955155461068296,1.0,6200,5.6,0.2,5.8,0.219
55,Justin Champagnie,Pittsburgh,ACC,SO,F,20,687,6.7,14.1,0.475,1.1,3.7,0.311,5.5,10.4,0.534,0.516,3.5,4.8,0.711,3.4,7.6,11.0,1.6,1.2,1.2,1.5,2.0,18.0,115.0,97.4,0.549,0.344,10.8,25.6,10.4,2.0,4.3,10.3,24.6,6.8,0.8,7.5,0.262,19.0,21.0,0.5472636815920398,0.029559082317669298,2.1,4000,4.0,0.1,4.1,0.239
56,Cam Christie,Minnesota,B10,FR,F,33,996,3.8,9.4,0.405,2.1,5.4,0.391,1.7,4.0,0.424,0.518,1.6,2.1,0.779,0.2,3.4,3.6,2.2,0.6,0.3,1.2,2.2,11.4,110.3,108.7,0.546,0.219,1.0,12.8,13.8,1.2,1.1,12.3,18.2,2.1,-0.1,2.0,0.574,12.0,12.1,0.3771929824561403,0.008539420841259776,0.6,6600,5.5,-0.4,5.1,0.205
57,Max Christie,Michigan St.,B10,FR,F,35,1079,3.2,8.4,0.382,1.1,3.5,0.317,2.1,4.9,0.429,0.449,1.7,2.1,0.824,0.9,2.6,3.5,1.5,0.5,0.5,1.5,1.4,9.3,98.2,106.5,0.494,0.253,3.4,9.2,8.6,1.0,1.7,16.5,17.2,0.5,0.3,0.8,0.417,10.0,7.7,0.43229166666666663,0.0058640813253012045,0.4,7000,5.3,-0.4,4.8999999999999995,0.182
58,Moussa Cisse,Memphis,Amer,SR,C,35,637,2.0,3.6,0.548,0.0,0.0,0.0,2.0,3.6,0.548,0.548,1.7,3.6,0.488,2.7,3.8,6.5,0.5,0.7,1.6,1.0,5.6,5.7,107.1,95.0,0.537,0.992,17.3,22.7,4.3,2.1,9.8,17.2,18.4,0.1,2.9,3.0,0.0,6.0,20.5,0.5416666666666666,0.014962715855572996,1.0,7000,3.4,0.2,3.6,0.226
59,Jaylen Clark,UCLA,P12,JR,F,30,915,4.9,10.3,0.479,0.9,2.6,0.329,4.1,7.7,0.53,0.521,2.2,3.2,0.698,1.9,4.1,6.0,1.9,2.6,0.3,1.2,2.8,13.0,114.6,85.0,0.548,0.311,7.4,16.0,11.4,5.1,1.1,11.3,21.4,4.5,6.1,10.6,0.252,14.0,13.3,0.4727891156462585,0.015087543214006913,1.1,6000,5.2,0.7,5.9,0.258
60,Brandon Clarke,Gonzaga,WCC,JR,C,37,1039,6.9,10.1,0.687,0.1,0.4,0.267,6.8,9.7,0.705,0.693,2.9,4.2,0.694,3.1,5.5,8.6,1.9,1.2,3.0,1.5,3.0,16.9,134.3,83.9,0.699,0.42,13.9,19.7,12.1,2.3,10.8,12.7,24.0,9.5,5.9,15.4,0.04,18.0,17.6,0.5289855072463768,0.022075992802443822,1.5,7400,7.0,0.8,7.8,0.3
61,Jordan Clarkson,Missouri,SEC,JR,G,35,1228,6.0,13.4,0.447,0.9,3.3,0.281,5.1,10.1,0.5,0.481,4.6,5.6,0.831,0.8,3.0,3.8,3.4,1.1,0.2,2.7,2.5,17.5,109.7,106.8,0.546,0.417,2.9,9.3,23.3,1.9,0.6,16.8,27.3,3.7,-0.1,3.6,0.246,19.0,8.0,0.3833333333333333,0.008682138979370245,0.6,7000,6.7,-0.4,6.3,0.205
62,Walter Clayton Jr.,Florida,SEC,SR,G,39,1271,6.0,13.4,0.448,3.0,7.8,0.386,3.0,5.7,0.534,0.56,3.2,3.7,0.875,0.4,3.3,3.7,4.2,1.2,0.5,2.4,2.3,18.3,122.2,101.1,0.602,0.275,1.2,10.3,23.2,2.1,1.6,16.9,24.8,7.3,2.6,9.9,0.582,20.0,9.3,0.3166666666666666,0.0105507474429583,0.7,7800,7.8,-0.1,7.7,0.242
63,Nique Clifford,Colorado St.,MWC,SR,F,36,1274,6.6,13.3,0.496,1.8,4.9,0.377,4.8,8.5,0.564,0.565,3.9,5.0,0.777,1.5,8.1,9.6,4.4,1.2,0.6,2.6,2.7,18.9,116.6,95.0,0.603,0.373,5.4,26.0,26.8,2.0,2.0,15.8,27.9,6.9,3.4,10.3,0.368,21.0,22.8,0.33333333333333326,0.015495813710099423,1.1,7200,7.4,0.3,7.7,0.242
64,Donovan Clingan,Connecticut,BE,SO,C,35,789,5.3,8.3,0.639,0.1,0.2,0.25,5.3,8.1,0.65,0.643,2.3,4.0,0.583,2.5,4.9,7.4,1.5,0.5,2.5,0.8,3.6,13.0,130.9,88.5,0.637,0.478,13.8,23.4,13.4,1.4,11.4,8.7,24.6,8.4,5.7,14.1,0.024,14.0,20.2,0.5251572327044025,0.022020948418107467,1.5,7000,5.2,0.5,5.7,0.289
65,Noah Clowney,Alabama,SEC,FR,C,36,915,3.4,7.0,0.486,0.9,3.3,0.283,2.5,3.7,0.669,0.553,2.0,3.1,0.649,2.1,5.8,7.9,0.8,0.6,0.9,1.3,3.9,9.8,113.5,89.0,0.576,0.439,8.7,21.4,6.0,1.3,3.4,15.5,17.8,3.3,3.9,7.3,0.471,10.0,18.0,0.5490196078431372,0.013744776599164258,1.0,7200,5.2,0.5,5.7,0.249
66,Amir Coffey,Minnesota,B10,JR,F,36,1266,5.5,12.6,0.436,1.1,3.8,0.304,4.4,8.9,0.492,0.481,4.5,6.1,0.738,0.7,2.9,3.6,3.2,0.9,0.2,2.3,1.7,16.7,104.9,105.0,0.537,0.487,2.2,9.6,19.9,1.5,0.7,15.4,24.8,3.5,1.0,4.5,0.302,18.0,8.2,0.3757575757575757,0.0074655320982335216,0.5,7200,6.6,-0.3,6.3,0.199
67,Isaiah Collier,USC,P12,FR,G,27,804,5.7,11.6,0.49,1.0,3.0,0.338,4.7,8.7,0.543,0.533,3.9,5.8,0.673,0.6,2.3,2.9,4.3,1.5,0.2,3.3,3.2,16.3,102.9,107.1,0.567,0.497,2.5,8.7,31.1,2.9,0.8,21.1,30.2,3.0,0.5,3.5,0.259,18.0,7.4,0.2894736842105263,0.012078860085537227,0.8,5400,4.1,-0.3,3.8,0.189
68,John Collins,Wake Forest,ACC,SO,C,33,878,7.1,11.4,0.622,0.0,0.0,0.0,7.1,11.4,0.624,0.622,5.0,6.7,0.745,3.8,6.1,9.8,0.5,0.6,1.6,1.8,4.5,19.2,124.8,103.9,0.658,0.585,16.4,25.7,4.5,1.3,6.6,13.2,29.2,8.9,0.3,9.2,0.0,19.0,22.1,0.6314553990610329,0.02514758253392794,1.8,6600,5.5,-0.2,5.3,0.241
69,Zach Collins,Gonzaga,WCC,FR,C,39,672,3.5,5.3,0.652,0.3,0.5,0.476,3.2,4.8,0.672,0.676,2.8,3.8,0.743,1.7,4.2,5.9,0.4,0.5,1.8,1.5,6.3,10.0,120.6,79.1,0.703,0.715,12.2,23.2,4.4,1.5,9.8,20.2,24.8,4.2,5.7,10.0,0.094,10.0,20.0,0.6095238095238095,0.019706632653061225,1.4,7800,4.1,0.7,4.8,0.286
70,Pat Connaughton,Notre Dame,ACC,SR,F,38,1351,4.4,9.4,0.466,2.4,5.8,0.423,1.9,3.6,0.537,0.597,1.3,1.7,0.781,1.1,6.3,7.4,1.5,0.7,0.9,1.2,2.2,12.5,120.4,100.0,0.615,0.18,4.2,20.4,7.6,1.3,2.7,12.2,16.7,5.8,1.1,6.9,0.617,13.0,18.0,0.4962121212121212,0.01089554875176637,0.8,7600,8.1,0.0,8.1,0.24
71,Sharife Cooper,Auburn,SEC,FR,G,12,397,6.0,15.3,0.391,1.1,4.8,0.228,4.9,10.6,0.465,0.427,7.1,8.6,0.825,0.7,3.6,4.2,8.1,1.0,0.2,4.2,3.2,20.2,107.5,105.5,0.52,0.56,2.2,11.3,51.9,1.6,0.7,19.9,34.4,4.1,-1.0,3.1,0.314,24.0,9.8,-0.008333333333333304,0.029965365239294706,2.1,2400,2.1,-0.1,2.0,0.202
72,Cedric Coward,Washington St.,WCC,SR,F,6,198,5.7,10.2,0.557,2.0,5.0,0.4,3.7,5.2,0.71,0.656,4.3,5.2,0.839,1.8,5.2,7.0,3.7,0.8,1.7,2.2,3.2,17.7,131.3,107.6,0.7,0.508,7.0,17.2,20.6,1.4,5.3,16.5,22.3,7.1,1.7,8.8,0.49,20.0,14.6,0.3421052631578947,0.09610136452241716,6.7,1200,1.3,-0.1,1.2,0.242
73,Isaiah Crawford,Louisiana Tech,CUSA,SR,F,29,952,5.6,11.8,0.475,1.3,3.1,0.429,4.2,8.6,0.492,0.532,3.9,5.3,0.723,1.9,4.3,6.2,2.4,2.1,1.7,2.5,3.0,16.3,108.7,92.8,0.573,0.455,6.3,14.1,16.2,3.5,5.7,19.1,25.5,4.4,4.0,8.4,0.263,18.0,11.7,0.45238095238095233,0.016198979591836735,1.1,5800,5.2,0.3,5.5,0.231
74,Cade Cunningham,Oklahoma St.,B12,FR,F,27,956,6.5,14.9,0.439,2.3,5.7,0.4,4.2,9.1,0.463,0.516,4.9,5.8,0.846,0.7,5.5,6.2,3.4,1.6,0.8,4.1,2.8,20.2,104.1,96.1,0.575,0.389,2.3,16.2,20.2,2.5,2.3,22.0,28.6,4.8,2.6,7.4,0.383,22.0,14.6,0.4051282051282051,0.01508730286449952,1.1,5400,5.0,0.2,5.2,0.218
75,Stephen Curry,Davidson,SC,JR,,33,1116,9.2,20.2,0.454,3.8,9.9,0.388,5.3,10.3,0.518,0.549,6.4,7.3,0.88,0.6,3.9,4.5,5.4,2.3,0.2,3.8,2.8,28.6,118.0,89.1,0.605,0.361,1.8,12.3,39.8,3.9,0.7,16.6,37.5,10.8,4.5,15.3,0.49,31.0,10.9,0.3731884057971014,0.016976390836839644,1.2,6600,6.6,0.6,7.199999999999999,0.258
76,N'Faly Dante,Oregon,P12,SR,C,22,691,7.0,10.0,0.695,0.0,0.0,0.0,7.0,10.0,0.695,0.695,3.1,5.0,0.613,2.8,6.4,9.2,1.6,1.7,1.9,2.4,2.7,17.0,120.1,96.7,0.686,0.505,10.3,24.5,11.2,3.2,6.6,18.2,24.2,7.2,4.5,11.7,0.0,18.0,20.2,0.5523809523809523,0.03159292950175728,2.2,4400,4.1,0.1,4.199999999999999,0.243
77,Anthony Davis,Kentucky,SEC,FR,C,40,1281,5.2,8.4,0.623,0.1,0.5,0.15,5.2,7.9,0.653,0.628,3.6,5.1,0.709,3.0,7.4,10.4,1.2,1.4,4.6,1.0,2.4,14.2,133.8,79.6,0.654,0.602,11.6,23.9,7.5,2.5,13.7,10.0,19.1,9.1,7.6,16.7,0.06,15.0,20.4,0.5512820512820512,0.018603254668828437,1.3,8000,8.6,1.3,9.9,0.309
78,JD Davison,Alabama,SEC,FR,G,33,852,3.0,6.5,0.463,0.8,2.5,0.301,2.2,4.0,0.565,0.521,1.8,2.5,0.728,1.1,3.7,4.8,4.3,1.0,0.4,2.9,1.9,8.5,102.6,104.2,0.558,0.379,4.5,15.1,29.4,2.1,1.4,29.2,20.7,3.0,1.2,4.2,0.385,11.0,12.7,-0.050000000000000044,0.011369327073552425,0.8,6600,4.4,-0.2,4.2,0.197
79,DeMar DeRozan,USC,P10,FR,,35,1168,5.5,10.5,0.523,0.2,1.0,0.167,5.3,9.5,0.562,0.531,2.7,4.2,0.646,2.4,3.3,5.7,1.5,0.9,0.4,2.1,2.5,13.9,108.2,99.6,0.555,0.401,9.3,11.6,9.6,1.6,1.2,17.1,22.3,3.5,1.4,4.9,0.095,15.0,10.6,0.5303030303030303,0.009970423412204235,0.7,7000,6.3,0.0,6.3,0.216
80,RayJ Dennis,Baylor,B12,SR,G,34,1168,5.1,10.7,0.474,1.1,3.4,0.333,3.9,7.2,0.541,0.528,2.2,3.1,0.731,0.5,3.4,3.9,6.8,1.4,0.1,3.6,3.0,13.6,109.0,106.0,0.556,0.287,1.8,12.4,37.4,2.2,0.2,24.5,25.0,3.3,0.6,4.0,0.318,17.0,11.0,-1.1102230246251565e-16,0.01031678082191781,0.7,6800,6.4,-0.4,6.0,0.205
81,Donte DiVincenzo,Villanova,BE,SO,F,40,1171,4.7,9.8,0.481,2.1,5.3,0.401,2.6,4.5,0.575,0.59,1.9,2.7,0.71,1.2,3.6,4.8,3.5,1.0,0.2,2.0,2.8,13.4,119.5,100.4,0.608,0.274,4.9,13.8,20.0,2.1,0.7,17.0,22.8,5.8,2.3,8.1,0.541,15.0,11.6,0.29432624113475175,0.010225848065846614,0.7,8000,7.0,-0.0,7.0,0.239
82,Gradey Dick,Kansas,B12,FR,F,36,1177,4.8,10.9,0.442,2.3,5.7,0.403,2.5,5.2,0.484,0.547,2.1,2.5,0.854,1.1,4.0,5.1,1.7,1.4,0.2,1.2,2.6,14.1,115.3,97.5,0.581,0.226,4.0,13.5,9.4,2.5,0.8,11.4,19.2,4.3,2.3,6.5,0.523,15.0,11.5,0.48958333333333326,0.010696774992919853,0.7,7200,6.8,0.1,6.8999999999999995,0.234
83,Hunter Dickinson,Kansas,B12,SR,C,34,1025,7.1,13.5,0.526,0.5,1.7,0.276,6.6,11.8,0.562,0.543,2.7,3.6,0.748,2.8,7.2,10.0,2.1,1.0,1.3,2.2,3.0,17.4,111.4,93.8,0.571,0.267,10.7,25.1,14.4,1.9,4.7,14.8,28.3,5.2,3.7,8.9,0.126,18.0,21.1,0.5187793427230046,0.019156990724836825,1.3,6800,5.7,0.3,6.0,0.234
84,Rob Dillingham,Kentucky,SEC,FR,G,32,744,5.4,11.3,0.475,2.0,4.5,0.444,3.4,6.8,0.495,0.564,2.4,3.1,0.796,0.2,2.7,2.9,3.9,1.0,0.1,2.0,4.5,15.2,116.1,108.3,0.595,0.271,1.2,11.8,30.1,2.4,0.3,15.6,29.9,5.7,-0.0,5.6,0.398,17.0,11.1,0.3055555555555555,0.014751344086021507,1.0,6400,4.3,-0.3,4.0,0.215
85,Luguentz Dort,Arizona St.,P12,FR,G,34,1073,5.1,12.6,0.405,1.6,5.2,0.307,3.5,7.5,0.472,0.467,4.3,6.1,0.7,1.3,3.0,4.3,2.3,1.5,0.2,2.9,3.8,16.1,98.9,100.2,0.518,0.481,4.5,10.0,15.0,2.7,0.8,18.7,27.1,1.2,1.1,2.3,0.413,17.0,8.3,0.4411764705882353,0.008256126308864643,0.6,6800,5.3,-0.0,5.3,0.198
86,Ayo Dosunmu,Illinois,B10,JR,G,28,984,7.5,15.4,0.488,1.1,3.0,0.386,6.4,12.4,0.513,0.526,4.0,5.1,0.783,1.1,5.2,6.3,5.2,1.1,0.2,3.3,2.4,20.1,110.8,95.7,0.566,0.333,3.9,15.8,29.2,1.8,0.6,18.0,29.4,5.9,2.4,8.3,0.195,23.0,13.7,0.31999999999999995,0.015761517615176152,1.1,5600,5.5,0.2,5.7,0.232
87,Andre Drummond,Connecticut,BE,FR,C,34,967,4.6,8.6,0.538,0.0,0.1,0.0,4.6,8.5,0.541,0.538,0.8,2.6,0.295,3.4,4.2,7.6,0.4,0.8,2.7,1.5,3.1,10.0,100.7,95.5,0.509,0.301,14.2,15.5,3.4,1.8,9.9,16.0,20.8,1.8,2.5,4.3,0.012,10.0,14.9,0.6231884057971014,0.014064115822130302,1.0,6800,4.9,0.2,5.1000000000000005,0.211
88,Kris Dunn,Providence,BE,JR,G,33,1088,5.6,12.5,0.448,1.3,3.4,0.372,4.3,9.0,0.477,0.499,4.0,5.8,0.695,1.1,4.2,5.3,6.2,2.5,0.6,3.5,3.4,16.4,103.6,93.9,0.541,0.462,3.5,14.8,41.8,4.3,1.9,20.9,29.3,4.5,5.0,9.6,0.272,20.0,12.5,0.11309523809523803,0.012890625000000003,0.9,6600,5.6,0.3,5.8999999999999995,0.217
89,Ryan Dunn,Virginia,ACC,SO,C,34,933,3.4,6.1,0.548,0.2,1.0,0.2,3.1,5.1,0.618,0.565,1.2,2.3,0.532,2.2,4.7,6.9,0.8,1.3,2.3,0.8,3.0,8.1,111.6,88.5,0.564,0.37,9.6,20.8,6.0,3.0,10.4,11.6,17.0,1.1,5.2,6.4,0.164,9.0,17.2,0.5490196078431372,0.014816215875417692,1.0,6800,5.2,0.5,5.7,0.244
90,Jalen Duren,Memphis,Amer,FR,C,29,733,4.9,8.1,0.597,0.0,0.0,0.0,4.9,8.1,0.6,0.597,2.2,3.6,0.625,3.0,5.2,8.1,1.3,0.8,2.1,2.2,4.3,12.0,109.5,91.1,0.608,0.441,14.0,21.5,10.5,1.8,9.9,21.6,23.0,3.5,3.1,6.6,0.0,13.0,18.8,0.5340136054421768,0.021386808475095366,1.5,5800,4.0,0.3,4.3,0.235
91,Tari Eason,LSU,SEC,SO,F,33,806,5.8,11.1,0.521,0.8,2.4,0.359,4.9,8.7,0.564,0.559,4.6,5.7,0.803,2.3,4.3,6.6,1.0,2.0,1.2,2.2,4.5,16.9,115.7,82.1,0.615,0.515,10.5,19.8,10.1,4.6,6.5,16.5,30.8,8.5,5.1,13.5,0.216,18.0,16.6,0.5804597701149425,0.021014802772311113,1.5,6600,4.7,0.7,5.4,0.268
92,Zach Edey,Purdue,B10,SR,C,39,1247,8.6,13.8,0.623,0.0,0.1,0.5,8.6,13.8,0.624,0.624,7.9,11.2,0.711,4.6,7.5,12.2,2.0,0.3,2.2,2.3,2.4,25.2,128.8,95.9,0.659,0.809,18.1,25.5,14.6,0.5,6.9,12.7,33.4,12.4,3.1,15.5,0.007,26.0,22.7,0.5503875968992248,0.02149018108576863,1.5,7800,8.0,0.3,8.3,0.266
93,Anthony Edwards,Georgia,SEC,FR,F,31,1024,6.3,15.7,0.4,2.2,7.6,0.291,4.1,8.1,0.502,0.47,4.1,5.3,0.77,0.8,4.5,5.2,2.8,1.3,0.6,2.7,2.7,19.1,103.0,102.8,0.517,0.338,2.4,14.5,17.9,2.3,1.6,15.4,28.8,4.4,0.5,4.9,0.484,20.0,12.7,0.4444444444444444,0.011564127604166669,0.8,6200,5.3,-0.1,5.2,0.203
94,Justin Edwards,Kentucky,SEC,FR,F,32,687,3.3,6.8,0.486,1.0,2.7,0.365,2.3,4.2,0.564,0.557,1.2,1.5,0.776,1.2,2.2,3.4,0.9,0.9,0.2,0.8,4.1,8.8,117.2,109.0,0.582,0.225,6.4,10.4,6.9,2.2,1.1,11.9,18.0,1.9,-0.3,1.6,0.397,9.0,9.0,0.5303030303030303,0.012286621675267962,0.9,6400,4.0,-0.3,3.7,0.215
95,Keon Ellis,Alabama,SEC,SR,F,33,1021,3.7,8.4,0.439,2.0,5.5,0.366,1.7,2.9,0.579,0.559,2.7,3.1,0.881,1.9,4.2,6.1,1.8,1.9,0.6,1.6,3.4,12.1,122.1,101.1,0.614,0.363,6.4,14.5,10.2,3.4,1.9,16.4,16.8,5.3,3.1,8.4,0.655,13.0,12.0,0.42342342342342343,0.013158138549911323,0.9,6600,6.2,-0.1,6.1000000000000005,0.239
96,Joel Embiid,Kansas,B12,FR,C,28,647,3.8,6.1,0.626,0.0,0.2,0.2,3.8,5.9,0.639,0.629,3.5,5.1,0.685,2.3,5.8,8.1,1.4,0.9,2.6,2.4,5.8,11.2,112.0,90.1,0.655,0.836,12.7,27.3,11.5,2.3,11.7,24.1,24.4,4.2,6.4,10.6,0.033,12.0,23.2,0.48245614035087714,0.023895713007402588,1.7,5600,3.6,0.3,3.9,0.241
97,Tyson Etienne,Wichita St.,Amer,SO,G,27,925,4.9,13.7,0.359,2.7,8.3,0.326,2.2,5.4,0.411,0.458,2.3,3.0,0.768,0.4,2.4,2.9,2.0,1.1,0.0,2.0,2.6,14.9,99.3,101.0,0.491,0.222,1.4,8.2,13.6,2.0,0.1,14.7,23.7,0.8,0.1,0.9,0.606,16.0,7.2,0.4625850340136054,0.00745780474351903,0.5,5400,4.6,-0.0,4.6,0.199
98,Drew Eubanks,Oregon St.,P12,JR,C,32,1003,5.1,8.2,0.624,0.0,0.0,0.0,5.1,8.2,0.624,0.624,2.9,4.2,0.701,1.8,5.0,6.8,1.1,0.5,1.7,1.8,3.5,13.2,117.0,101.6,0.646,0.51,7.3,18.7,7.3,0.9,6.4,17.2,19.1,2.2,1.5,3.7,0.0,14.0,15.7,0.5588235294117646,0.015091978965065587,1.1,6400,5.9,-0.1,5.800000000000001,0.231
99,Tosan Evbuomwan,Princeton,Ivy,SR,F,30,943,6.0,11.8,0.51,0.3,1.0,0.3,5.7,10.8,0.529,0.523,3.1,4.8,0.65,1.7,4.6,6.3,4.8,0.8,0.6,2.9,2.8,15.1,107.7,99.7,0.549,0.403,5.8,16.1,31.5,1.3,1.9,18.6,28.3,3.5,1.2,4.6,0.085,18.0,13.3,0.26666666666666666,0.01402439024390244,1.0,6000,5.1,0.0,5.1,0.216
100,Jeremiah Fears,Oklahoma,SEC,FR,G,34,1027,5.3,12.2,0.434,1.1,3.9,0.284,4.2,8.3,0.505,0.48,5.4,6.3,0.851,0.7,3.4,4.1,4.1,1.6,0.1,3.4,2.5,17.1,105.4,106.0,0.562,0.518,3.1,13.0,28.6,3.1,0.5,20.2,31.9,3.6,1.2,4.8,0.32,19.0,11.3,0.279874213836478,0.010605169848064524,0.7,6800,5.4,-0.3,5.1000000000000005,0.199
101,Kyle Filipowski,Duke,ACC,SO,C,36,1095,6.1,12.1,0.506,1.1,3.1,0.348,5.0,9.0,0.56,0.551,3.1,4.6,0.671,2.2,6.0,8.2,2.8,1.2,1.5,2.1,4.0,16.4,114.5,93.5,0.575,0.384,8.6,22.6,18.4,2.3,5.2,14.9,27.7,6.0,4.1,10.1,0.256,18.0,18.8,0.4371584699453551,0.01571861666292387,1.1,7200,6.3,0.4,6.7,0.245
102,Dorian Finney-Smith,Florida,SEC,SR,F,36,1143,4.7,10.8,0.437,2.0,5.4,0.368,2.7,5.4,0.505,0.528,3.4,4.6,0.733,2.5,5.9,8.3,2.1,0.9,0.8,1.9,2.7,14.7,113.7,95.9,0.569,0.426,7.9,19.4,13.2,1.6,2.6,15.0,22.4,6.0,2.8,8.8,0.5,16.0,16.0,0.4432624113475177,0.012982818637032073,0.9,7200,6.5,0.2,6.7,0.234
103,Cooper Flagg,Duke,ACC,FR,F,37,1135,6.5,13.4,0.481,1.4,3.6,0.385,5.1,9.8,0.517,0.533,4.8,5.8,0.84,1.3,6.2,7.5,4.2,1.4,1.4,2.1,2.5,19.2,123.0,88.4,0.593,0.429,5.5,21.2,26.8,2.8,4.9,13.5,30.8,9.2,5.8,15.0,0.269,21.0,18.5,0.34358974358974353,0.01663571670620128,1.2,7400,7.0,0.7,7.7,0.271
104,Rasheer Fleming,Saint Joseph's,A10,JR,F,35,1094,5.4,10.1,0.531,1.8,4.5,0.39,3.6,5.6,0.646,0.619,2.1,2.9,0.743,2.1,6.5,8.5,1.3,1.4,1.5,1.5,3.3,14.7,121.4,93.8,0.638,0.285,7.6,22.8,8.5,2.6,4.9,14.2,20.4,4.5,2.9,7.3,0.446,15.0,19.1,0.5462962962962963,0.017006483174216266,1.2,7000,6.6,0.3,6.8999999999999995,0.252
105,De'Aaron Fox,Kentucky,SEC,FR,G,36,1064,5.9,12.4,0.478,0.5,1.9,0.246,5.5,10.5,0.52,0.497,4.3,5.9,0.739,0.6,3.4,4.0,4.6,1.5,0.2,2.4,3.4,16.7,110.7,96.1,0.548,0.471,2.1,12.2,28.6,2.7,0.7,15.8,27.6,3.8,3.3,7.1,0.153,19.0,10.7,0.2768361581920904,0.010977523257295781,0.8,7200,5.9,0.2,6.1000000000000005,0.229
106,Enrique Freeman,Akron,MAC,SR,C,33,1070,6.7,11.5,0.586,0.6,1.6,0.365,6.2,9.9,0.621,0.611,5.0,6.8,0.729,3.5,9.2,12.8,1.6,0.8,1.7,2.5,3.5,18.6,118.4,92.2,0.645,0.594,11.8,32.8,10.9,1.4,5.9,17.3,28.1,5.6,2.3,7.9,0.139,20.0,27.0,0.5472636815920398,0.02228274515274097,1.6,6600,6.3,0.4,6.7,0.25
107,Johnny Furphy,Kansas,B12,FR,F,32,771,2.9,6.3,0.468,1.4,3.8,0.361,1.6,2.5,0.633,0.577,1.9,2.5,0.765,1.3,3.6,4.9,1.0,0.9,0.3,0.8,3.5,9.0,117.5,100.3,0.614,0.403,6.6,16.3,7.1,2.0,1.6,12.1,17.0,3.3,2.2,5.4,0.603,10.0,13.7,0.49425287356321834,0.012884073527438616,0.9,6400,4.5,-0.0,4.5,0.233
108,Daniel Gafford,Arkansas,SEC,SO,C,32,918,6.7,10.1,0.659,0.0,0.0,0.0,6.7,10.1,0.659,0.659,3.6,6.0,0.591,2.8,5.8,8.7,0.7,0.9,2.0,2.4,3.8,16.9,112.3,95.1,0.651,0.598,11.2,22.7,6.0,1.8,8.4,18.2,25.2,5.1,2.2,7.3,0.0,17.0,19.0,0.6144278606965173,0.021179234546223134,1.5,6400,5.2,0.2,5.4,0.235
109,Myron Gardner,Little Rock,OVC,SR,F,28,863,4.3,10.2,0.421,1.2,3.5,0.347,3.1,6.7,0.46,0.481,3.6,4.8,0.748,2.2,7.0,9.1,3.6,1.3,0.5,2.7,4.2,13.2,104.1,105.2,0.537,0.474,7.5,25.6,22.2,2.3,1.9,19.7,24.4,1.7,-0.6,1.2,0.343,15.0,21.3,0.2480620155038759,0.016632083861057967,1.2,5600,4.5,-0.2,4.3,0.199
110,Darius Garland,Vanderbilt,SEC,FR,G,5,139,5.8,10.8,0.537,2.2,4.6,0.478,3.6,6.2,0.581,0.639,2.4,3.2,0.75,0.4,3.4,3.8,2.6,0.8,0.4,3.0,2.0,16.2,110.1,105.1,0.657,0.296,1.6,13.7,25.7,1.7,1.5,23.2,26.9,3.5,1.1,4.6,0.426,18.0,12.4,0.44252873563218387,0.08714959067228975,6.1,1000,0.8,-0.0,0.8,0.23
111,Luka Garza,Iowa,B10,SR,C,31,981,9.1,16.4,0.553,1.4,3.2,0.44,7.6,13.2,0.581,0.596,4.5,6.4,0.709,3.0,5.7,8.7,1.7,0.7,1.6,1.5,2.9,24.1,124.0,99.7,0.62,0.392,10.4,18.2,12.1,1.2,5.2,8.9,30.4,11.0,1.4,12.5,0.195,25.0,15.5,0.5732600732600732,0.0236734213798434,1.7,6200,6.1,0.0,6.1,0.249
112,Keyonte George,Baylor,B12,FR,G,33,946,4.7,12.5,0.376,2.3,6.9,0.338,2.4,5.6,0.424,0.47,3.6,4.5,0.793,1.0,3.2,4.2,2.8,1.1,0.2,2.9,3.0,15.3,102.7,103.5,0.523,0.364,4.2,13.6,20.0,2.3,0.7,19.8,29.8,4.2,0.4,4.7,0.552,17.0,11.4,0.36879432624113473,0.009088659979308173,0.6,6600,4.9,-0.2,4.7,0.199
113,Kyshawn George,Miami FL,ACC,FR,F,31,713,2.6,6.1,0.426,1.7,4.2,0.408,0.9,1.9,0.467,0.566,0.7,0.9,0.778,0.5,2.6,3.0,2.2,0.9,0.4,1.5,3.1,7.6,107.2,105.8,0.582,0.142,2.2,12.1,16.3,2.2,1.8,21.9,17.6,1.0,1.9,2.8,0.689,9.0,10.5,0.24358974358974356,0.010249217822850362,0.7,6200,3.8,-0.2,3.5999999999999996,0.202
114,Paul George,Fresno St.,WAC,SO,F,28,929,5.4,12.5,0.427,2.1,5.8,0.356,3.3,6.7,0.489,0.51,3.9,4.4,0.902,1.9,5.3,7.2,3.1,2.1,0.9,3.2,3.5,16.7,105.6,94.6,0.572,0.348,6.8,18.6,22.6,3.9,3.0,20.8,27.3,4.4,2.3,6.7,0.464,18.0,15.5,0.3796296296296296,0.01674391021807599,1.2,5600,4.9,0.3,5.2,0.224
115,Shai Gilgeous-Alexander,Kentucky,SEC,FR,G,37,1248,4.9,10.2,0.485,0.6,1.5,0.404,4.3,8.6,0.5,0.516,3.9,4.7,0.822,0.9,3.2,4.1,5.1,1.6,0.5,2.7,2.0,14.4,114.1,100.8,0.579,0.462,3.2,10.0,28.8,2.8,1.7,19.8,22.8,5.0,3.1,8.1,0.147,17.0,8.5,0.1462585034013606,0.00990728021978022,0.7,7400,7.1,-0.0,7.1,0.228
116,Anthony Gill,Virginia,ACC,SR,C,37,1037,5.1,8.8,0.58,0.1,0.1,1.0,5.1,8.8,0.577,0.583,3.5,4.7,0.746,2.2,4.0,6.1,0.8,0.6,0.6,1.1,3.3,13.8,122.6,96.8,0.624,0.531,10.6,18.2,5.8,1.5,2.6,10.9,24.0,5.3,2.0,7.3,0.011,14.0,15.5,0.588235294117647,0.013645602889178812,1.0,7400,6.4,0.2,6.6000000000000005,0.255
117,Collin Gillespie,Villanova,BE,SR,G,38,1302,4.9,11.4,0.434,3.0,7.2,0.415,2.0,4.2,0.466,0.565,2.8,3.1,0.905,0.4,3.4,3.8,3.2,1.0,0.0,1.7,2.2,15.6,122.6,100.6,0.609,0.268,1.5,11.6,20.2,1.9,0.0,13.7,22.4,6.2,2.0,8.1,0.632,17.0,10.5,0.3401360544217687,0.009053575347189566,0.6,7600,8.0,-0.0,8.0,0.246
118,Vladislav Goldin,Michigan,B10,SR,C,37,1019,6.0,9.9,0.607,0.3,0.9,0.333,5.7,9.0,0.634,0.622,4.3,5.9,0.731,2.4,4.7,7.0,1.1,0.5,1.4,2.3,2.9,16.6,117.4,98.7,0.654,0.598,10.3,17.4,8.5,1.1,5.2,18.3,26.1,5.8,3.1,8.9,0.091,17.0,15.0,0.575,0.016220559371933264,1.1,7400,6.0,0.1,6.1,0.239
119,Jordan Goodwin,Saint Louis,A10,SR,F,21,696,5.4,12.6,0.43,1.0,3.3,0.314,4.4,9.3,0.472,0.472,2.6,4.0,0.643,2.6,7.5,10.1,3.9,2.0,0.2,2.8,2.1,14.5,102.6,90.0,0.498,0.317,9.1,27.0,21.8,3.6,0.7,18.6,26.1,3.8,3.0,6.7,0.262,16.0,22.4,0.3055555555555555,0.022397828863346105,1.6,4200,3.6,0.3,3.9,0.224
120,Aaron Gordon,Arizona,P12,FR,F,38,1187,5.0,10.1,0.495,0.4,1.2,0.356,4.6,8.9,0.513,0.516,2.0,4.7,0.422,2.7,5.3,8.0,2.0,0.9,1.0,1.4,3.0,12.4,105.5,87.7,0.503,0.471,10.4,19.3,13.0,1.8,3.4,12.4,23.2,3.3,3.9,7.2,0.119,13.0,16.3,0.4666666666666666,0.010783487784330244,0.8,7600,6.3,0.7,7.0,0.236
121,Eric Gordon,Indiana,B10,FR,,32,1110,5.8,13.3,0.433,2.2,6.5,0.337,3.6,6.8,0.525,0.515,7.2,8.7,0.834,0.7,2.5,3.2,2.4,1.3,0.6,3.6,2.5,20.9,110.7,98.5,0.601,0.652,2.6,8.0,15.2,2.3,2.0,20.7,29.7,5.8,0.9,6.6,0.489,22.0,6.8,0.45977011494252873,0.010316868592730661,0.7,6400,6.1,0.1,6.199999999999999,0.223
122,Jerami Grant,Syracuse,ACC,SO,C,32,1005,4.2,8.4,0.496,0.0,0.2,0.0,4.2,8.2,0.506,0.496,3.8,5.6,0.674,2.4,4.3,6.8,1.4,0.8,0.6,1.2,3.0,12.1,115.6,97.9,0.547,0.664,9.1,17.2,9.4,1.7,2.5,11.3,21.4,3.4,1.8,5.2,0.024,13.0,14.3,0.5,0.012106135986733001,0.8,6400,5.8,0.1,5.8999999999999995,0.235
123,AJ Green,Northern Iowa,MVC,JR,G,30,1093,5.8,14.0,0.411,3.1,7.9,0.388,2.7,6.1,0.44,0.52,4.7,5.1,0.915,0.2,3.5,3.7,2.5,0.8,0.0,2.2,1.8,18.8,110.4,106.4,0.585,0.363,0.8,11.7,14.2,1.4,0.1,13.4,26.2,4.6,-1.0,3.6,0.564,21.0,11.1,0.45114942528735624,0.01093991544941162,0.8,6000,6.0,-0.3,5.7,0.209
124,Draymond Green,Michigan St.,B10,SR,F,37,1229,5.7,12.8,0.449,1.4,3.6,0.388,4.3,9.1,0.473,0.504,3.4,4.7,0.723,2.1,8.5,10.6,3.8,1.5,1.0,3.0,3.4,16.2,107.3,83.2,0.542,0.367,8.2,28.5,24.2,2.7,3.4,19.7,28.2,6.0,5.0,11.0,0.281,18.0,24.5,0.3333333333333333,0.014442636289666395,1.0,7400,6.6,1.0,7.6,0.247
125,Javonte Green,Radford,BSth,SR,F,31,813,5.5,10.2,0.533,0.0,0.3,0.111,5.4,9.9,0.545,0.535,4.7,6.7,0.702,2.9,6.2,9.0,1.3,1.9,0.9,2.0,3.9,15.4,112.8,91.2,0.583,0.656,12.3,27.2,11.0,4.4,3.5,15.6,29.8,5.7,1.9,7.5,0.029,16.0,22.5,0.5484848484848485,0.02152633344515263,1.5,6200,4.6,0.4,5.0,0.246
126,Josh Green,Arizona,P12,FR,F,30,925,4.0,9.6,0.422,1.0,2.8,0.361,3.0,6.8,0.446,0.474,2.8,3.6,0.78,1.3,3.3,4.6,2.6,1.5,0.4,1.6,3.2,11.9,107.6,92.2,0.527,0.38,4.8,11.9,16.0,2.8,1.6,14.7,20.5,2.1,3.6,5.7,0.292,13.0,9.9,0.3416666666666666,0.010799999999999999,0.8,6000,5.0,0.4,5.4,0.234
127,Quentin Grimes,Houston,Amer,JR,F,30,984,5.8,14.2,0.406,3.3,8.3,0.403,2.4,5.9,0.41,0.523,3.0,3.8,0.788,1.6,4.1,5.7,2.0,1.4,0.3,1.8,2.7,17.8,118.2,90.4,0.558,0.265,5.4,14.1,12.6,2.6,1.2,13.5,25.3,7.8,2.2,10.0,0.585,19.0,11.7,0.49425287356321834,0.01385793383795907,1.0,6000,5.8,0.5,6.3,0.256
128,Mouhamed Gueye,Washington St.,P12,SO,C,33,1060,5.6,11.5,0.488,0.3,1.2,0.275,5.3,10.3,0.513,0.503,2.7,4.0,0.674,3.4,5.0,8.4,1.9,0.8,0.8,2.3,3.5,14.3,106.4,99.1,0.532,0.346,12.2,19.3,14.1,1.6,2.7,16.9,26.5,2.9,1.4,4.3,0.104,15.0,16.4,0.4970238095238095,0.013319154312668465,0.9,6600,5.6,0.0,5.6,0.211
129,Rui Hachimura,Gonzaga,WCC,JR,F,37,1118,7.4,12.6,0.591,0.4,1.0,0.417,7.0,11.6,0.606,0.608,4.4,6.0,0.739,1.4,5.1,6.5,1.5,0.9,0.7,1.8,2.6,19.7,121.7,91.0,0.639,0.477,5.8,17.0,9.3,1.8,2.4,12.9,26.4,5.9,2.5,8.4,0.079,20.0,14.6,0.5653153153153153,0.016036720978581446,1.1,7400,6.8,0.5,7.3,0.261
130,Tyrese Haliburton,Iowa St.,B12,SO,G,22,807,5.6,11.1,0.504,2.4,5.6,0.419,3.2,5.5,0.592,0.611,1.7,2.0,0.822,1.5,4.4,5.9,6.5,2.5,0.7,2.8,1.4,15.2,120.1,99.9,0.631,0.184,4.6,13.7,35.3,3.8,2.0,20.1,21.5,7.4,3.3,10.7,0.505,19.0,11.4,0.08630952380952372,0.02311526376349796,1.6,4400,4.8,0.0,4.8,0.238
131,PJ Hall,Clemson,ACC,SR,C,36,1041,6.7,13.7,0.488,1.4,4.6,0.315,5.2,9.1,0.575,0.541,3.5,4.5,0.779,1.6,4.8,6.4,1.4,0.8,1.4,1.9,4.3,18.3,111.8,100.9,0.579,0.331,6.6,18.0,10.8,1.6,5.6,12.6,30.2,5.1,2.3,7.4,0.336,19.0,15.2,0.5621890547263682,0.01545478658580297,1.1,7200,5.8,-0.0,5.8,0.223
132,Tim Hardaway Jr.,Michigan,B10,JR,F,37,1293,5.2,12.2,0.429,1.8,5.1,0.358,3.4,7.0,0.481,0.504,2.0,2.8,0.695,0.2,4.3,4.5,2.4,0.7,0.5,1.9,2.2,14.2,104.9,99.6,0.527,0.233,0.8,14.5,12.9,1.2,1.4,15.0,22.3,3.2,1.2,4.3,0.418,15.0,13.9,0.4358974358974359,0.0077517996311499806,0.5,7400,6.8,0.0,6.8,0.21
133,James Harden,Arizona St.,P10,SO,,35,1254,6.3,12.9,0.489,1.7,4.7,0.356,4.7,8.3,0.564,0.553,5.8,7.7,0.756,1.4,4.2,5.6,4.2,1.7,0.3,3.4,3.2,20.1,112.8,95.6,0.607,0.597,5.5,14.6,29.2,3.1,1.1,19.0,32.6,6.9,2.9,9.8,0.364,22.0,12.3,0.33333333333333326,0.011788942052099944,0.8,7000,7.1,0.3,7.3999999999999995,0.236
134,Elijah Harkless,Oklahoma,B12,SR,F,26,753,3.7,8.7,0.423,1.2,3.8,0.323,2.5,4.9,0.5,0.493,1.4,2.2,0.638,0.8,3.3,4.1,1.7,1.3,0.2,2.2,2.8,10.0,92.5,96.4,0.513,0.256,3.6,14.3,12.1,2.8,0.6,21.3,21.9,0.4,1.9,2.2,0.437,11.0,12.2,0.4369369369369369,0.009933240012921287,0.7,5200,3.5,0.1,3.6,0.191
135,Dylan Harper,Rutgers,B10,FR,G,29,945,6.7,13.8,0.484,1.7,5.2,0.333,5.0,8.7,0.574,0.546,4.3,5.8,0.75,0.8,3.8,4.6,4.0,1.4,0.6,2.4,2.4,19.4,115.2,108.7,0.587,0.419,2.6,13.5,27.0,2.6,1.9,14.8,28.8,7.0,1.5,8.6,0.377,21.0,11.6,0.3681592039800995,0.015319829424307038,1.1,5800,5.4,-0.4,5.0,0.212
136,Ron Harper Jr.,Rutgers,B10,SR,F,32,1097,5.3,12.1,0.442,2.1,5.3,0.398,3.2,6.8,0.477,0.53,3.0,3.8,0.795,1.3,4.6,5.9,1.9,1.1,0.6,1.6,2.4,15.8,111.9,100.6,0.57,0.315,4.4,15.7,11.6,1.9,2.2,12.7,22.8,4.6,1.2,5.8,0.438,17.0,13.2,0.48742138364779874,0.01223491168022566,0.9,6400,6.1,-0.0,6.1,0.222
137,Kevon Harris,Stephen F. Austin,Slnd,SR,F,28,819,5.4,11.6,0.465,2.0,4.7,0.424,3.4,6.9,0.492,0.551,5.0,6.4,0.788,1.4,4.3,5.7,2.1,1.5,0.3,3.5,3.4,17.5,109.2,90.8,0.609,0.551,5.3,18.0,14.2,2.8,0.9,23.0,26.8,3.8,1.0,4.8,0.405,19.0,14.9,0.4722222222222222,0.015716999050332386,1.1,5600,4.5,0.4,4.9,0.239
138,Tobias Harris,Tennessee,SEC,FR,C,34,993,5.4,11.8,0.46,0.7,2.2,0.303,4.8,9.6,0.497,0.489,3.8,5.0,0.753,2.0,5.3,7.3,1.3,0.7,0.9,1.8,2.8,15.3,109.5,97.8,0.54,0.423,7.5,20.6,10.4,1.4,3.4,14.3,25.9,5.3,1.4,6.7,0.186,16.0,17.0,0.5462962962962963,0.01387490209242475,1.0,6800,5.4,0.1,5.5,0.222
139,Josh Hart,Villanova,BE,SR,F,36,1194,6.6,12.9,0.51,2.1,5.1,0.404,4.5,7.8,0.579,0.59,3.5,4.7,0.747,1.4,5.0,6.4,2.9,1.6,0.3,2.0,2.7,18.7,122.3,93.6,0.619,0.367,5.9,17.5,18.8,2.9,1.0,13.4,27.1,7.5,3.3,10.8,0.395,20.0,15.0,0.4469696969696969,0.014219138622404957,1.0,7200,7.3,0.4,7.7,0.258
140,Sam Hauser,Virginia,ACC,SR,F,25,856,5.9,11.7,0.503,2.5,6.0,0.417,3.4,5.6,0.596,0.611,1.7,1.9,0.896,0.8,6.0,6.8,1.8,0.6,0.4,1.0,1.8,16.0,123.6,99.5,0.635,0.164,3.4,21.6,11.6,1.1,1.4,9.0,22.2,7.4,1.6,9.1,0.513,17.0,19.5,0.5141242937853108,0.01929896641850151,1.4,5000,5.3,0.0,5.3,0.248
141,Jordan Hawkins,Connecticut,BE,SO,F,37,1086,4.9,12.0,0.409,2.9,7.6,0.388,2.0,4.4,0.445,0.531,3.4,3.8,0.887,1.0,2.8,3.8,1.3,0.7,0.5,1.4,3.0,16.2,121.2,97.3,0.584,0.317,3.9,10.8,8.2,1.4,1.8,11.9,22.7,6.1,1.2,7.4,0.633,17.0,9.0,0.5340136054421768,0.01040233773067238,0.7,7400,6.6,0.1,6.699999999999999,0.247
142,Jaxson Hayes,Texas,B12,FR,C,32,747,3.8,5.3,0.728,0.0,0.0,0.0,3.8,5.3,0.728,0.728,2.3,3.1,0.74,1.8,3.2,5.0,0.3,0.6,2.2,0.9,5.7,10.0,133.8,94.8,0.739,0.592,8.8,16.2,2.6,1.5,10.6,13.9,16.9,4.0,5.0,9.0,0.0,10.0,13.5,0.6271929824561403,0.01859631508490101,1.3,6400,5.0,0.2,5.2,0.278
143,Taylor Hendricks,UCF,Amer,FR,F,34,1178,5.4,11.3,0.478,1.8,4.6,0.394,3.6,6.8,0.535,0.557,2.5,3.2,0.782,2.4,4.6,7.0,1.4,0.9,1.7,1.4,2.3,15.1,119.9,96.0,0.589,0.286,8.1,16.2,8.6,1.6,5.9,12.1,20.4,4.9,2.2,7.1,0.407,16.0,13.4,0.537037037037037,0.013662516506319562,1.0,6800,7.1,0.2,7.3,0.248
144,Chucky Hepburn,Louisville,ACC,SR,G,34,1184,4.9,11.3,0.432,1.9,5.6,0.328,3.0,5.6,0.536,0.514,4.8,5.6,0.844,0.5,2.9,3.5,5.8,2.4,0.1,3.0,3.1,16.4,115.2,98.4,0.586,0.5,1.8,9.4,31.3,4.0,0.3,19.7,25.5,4.0,4.2,8.2,0.496,19.0,8.3,0.07482993197278909,0.011074531163816877,0.8,6800,6.8,0.1,6.8999999999999995,0.233
145,Tyler Herro,Kentucky,SEC,FR,F,37,1207,5.0,10.9,0.462,1.6,4.6,0.355,3.4,6.3,0.538,0.536,2.4,2.5,0.935,0.4,4.1,4.5,2.5,1.1,0.3,1.6,1.6,14.0,118.2,96.8,0.58,0.231,1.6,14.0,15.2,2.0,1.1,14.8,20.0,4.6,3.5,8.1,0.422,15.0,12.9,0.41666666666666663,0.009962717481358742,0.7,7400,7.1,0.2,7.3,0.242
146,Buddy Hield,Oklahoma,B12,SR,F,37,1309,8.1,16.2,0.501,4.0,8.7,0.457,4.2,7.5,0.552,0.623,4.8,5.4,0.88,1.2,4.5,5.7,2.0,1.1,0.5,3.1,2.3,25.0,121.5,100.7,0.664,0.333,4.0,13.0,12.7,1.8,1.4,17.1,28.4,10.1,1.7,11.8,0.537,26.0,11.1,0.5432098765432098,0.014706353922040194,1.0,7400,8.0,-0.0,8.0,0.244
147,Aaron Holiday,UCLA,P12,JR,G,33,1244,6.4,13.9,0.461,2.7,6.2,0.429,3.8,7.7,0.486,0.557,4.8,5.8,0.828,0.5,3.2,3.7,5.8,1.3,0.2,3.8,2.8,20.3,112.9,106.9,0.609,0.417,1.6,8.7,29.9,1.9,0.7,20.6,27.2,4.9,0.1,5.0,0.446,23.0,7.7,0.21354166666666669,0.010884746784565915,0.8,6600,7.0,-0.4,6.6,0.212
148,Jrue Holiday,UCLA,P10,FR,,35,950,3.2,7.1,0.45,0.8,2.5,0.307,2.4,4.6,0.528,0.504,1.3,1.8,0.726,1.3,2.5,3.8,3.7,1.6,0.5,2.1,3.2,8.5,107.2,95.4,0.531,0.249,6.0,11.8,23.8,3.5,2.1,23.4,20.5,3.3,3.4,6.7,0.352,10.0,9.8,0.08854166666666663,0.009829769736842107,0.7,7000,5.1,0.2,5.3,0.223
149,DaRon Holmes II,Dayton,A10,JR,C,33,1069,6.6,12.1,0.544,1.0,2.5,0.386,5.6,9.6,0.585,0.584,6.2,8.8,0.713,1.7,6.8,8.5,2.6,0.9,2.1,2.2,2.5,20.4,119.1,95.3,0.626,0.724,6.8,23.7,19.0,1.8,7.2,13.7,31.2,7.8,3.6,11.5,0.207,22.0,20.3,0.4696969696969696,0.0186637185701732,1.3,6600,6.4,0.3,6.7,0.251
150,Chet Holmgren,Gonzaga,WCC,FR,C,32,861,5.3,8.8,0.607,1.3,3.3,0.39,4.0,5.5,0.737,0.68,2.2,3.1,0.717,1.8,8.1,9.9,1.9,0.8,3.5,1.9,3.9,14.1,124.3,78.5,0.691,0.354,8.0,28.7,11.4,1.6,11.9,17.9,21.4,7.1,7.0,14.1,0.375,15.0,24.9,0.48742138364779874,0.025079438125917647,1.8,6400,5.4,0.9,6.300000000000001,0.293
151,Caleb Houstan,Michigan,B10,FR,F,34,1088,3.2,8.4,0.384,1.8,5.0,0.355,1.4,3.4,0.426,0.489,1.9,2.4,0.783,0.8,3.2,4.0,1.4,0.7,0.2,1.5,2.1,10.1,103.4,105.4,0.53,0.292,3.1,11.7,7.4,1.4,0.8,16.7,17.0,1.5,0.7,2.1,0.595,11.0,10.0,0.44791666666666663,0.006823012408088234,0.5,6800,5.6,-0.3,5.3,0.195
152,Jett Howard,Michigan,B10,FR,F,29,919,4.7,11.4,0.414,2.7,7.3,0.368,2.0,4.1,0.496,0.532,2.1,2.6,0.8,0.3,2.6,2.8,2.0,0.4,0.7,1.3,2.8,14.2,111.5,105.0,0.562,0.227,1.0,8.8,12.9,0.8,2.1,11.0,21.8,3.8,0.5,4.3,0.64,15.0,8.0,0.45390070921985815,0.010094807028916722,0.7,5800,5.1,-0.2,4.8999999999999995,0.213
153,Kevin Huerter,Maryland,B10,SO,F,31,1065,5.1,10.1,0.5,2.3,5.5,0.414,2.8,4.7,0.6,0.611,2.4,3.1,0.763,1.0,4.1,5.0,3.4,0.6,0.7,2.5,2.8,14.8,116.3,102.0,0.636,0.309,3.9,13.1,20.0,1.1,2.1,20.4,21.5,5.5,1.6,7.1,0.545,17.0,11.3,0.33333333333333326,0.012331768388106415,0.9,6200,6.2,-0.1,6.1000000000000005,0.229
154,Jay Huff,Virginia,ACC,SR,C,25,676,5.1,8.7,0.585,1.2,3.0,0.387,3.9,5.7,0.69,0.652,1.6,2.0,0.837,1.7,5.4,7.1,1.0,0.5,2.6,1.3,3.8,13.0,123.9,91.0,0.674,0.226,8.9,24.6,8.1,1.3,11.9,13.9,23.2,6.2,4.6,10.8,0.345,13.0,20.8,0.5686274509803921,0.025916579649611325,1.8,5000,4.2,0.3,4.5,0.266
155,De'Andre Hunter,Virginia,ACC,SO,F,38,1234,5.4,10.4,0.52,1.2,2.8,0.438,4.2,7.6,0.55,0.579,3.2,4.1,0.783,1.4,3.7,5.1,2.0,0.6,0.6,1.4,2.5,15.2,122.9,94.3,0.618,0.398,5.6,13.4,13.0,1.2,2.4,11.8,23.5,6.8,2.6,9.4,0.269,16.0,11.3,0.48148148148148145,0.010919022750465215,0.8,7600,7.6,0.4,8.0,0.259
156,CJ Huntley,Appalachian St.,SB,SR,F,29,974,5.9,12.2,0.483,1.4,4.1,0.356,4.4,8.1,0.547,0.542,2.6,3.8,0.679,2.3,5.8,8.1,1.1,0.6,0.7,1.5,1.8,15.7,111.1,100.2,0.564,0.308,7.7,18.4,7.5,1.1,2.1,11.8,23.1,2.8,0.3,3.2,0.336,16.0,15.4,0.5734463276836158,0.015945950649079454,1.1,5800,5.4,-0.0,5.4,0.222
157,Oso Ighodaro,Marquette,BE,SR,C,36,1170,5.4,9.4,0.576,0.0,0.1,0.0,5.4,9.4,0.58,0.576,2.5,4.1,0.623,2.6,4.3,6.9,2.9,1.1,1.3,1.8,2.7,13.4,117.2,100.3,0.59,0.429,9.4,15.3,16.1,1.9,4.7,14.4,21.9,3.9,3.0,6.9,0.011,15.0,13.1,0.39814814814814814,0.012835944919278253,0.9,7200,6.9,-0.0,6.9,0.236
158,Brandon Ingram,Duke,ACC,FR,F,36,1246,5.9,13.4,0.442,2.2,5.4,0.41,3.7,8.0,0.464,0.525,3.2,4.7,0.682,1.9,4.9,6.8,2.0,1.1,1.4,2.0,2.4,17.3,112.1,103.4,0.552,0.351,6.1,15.4,11.3,1.9,3.6,13.7,24.6,5.4,1.3,6.7,0.403,18.0,12.8,0.4971751412429378,0.011852164213619176,0.8,7200,7.0,-0.2,6.8,0.218
159,Harrison Ingram,North Carolina,ACC,JR,F,37,1213,4.4,10.2,0.43,1.8,4.6,0.385,2.6,5.7,0.467,0.516,1.6,2.6,0.612,2.6,6.2,8.8,2.2,1.4,0.4,1.4,2.3,12.2,113.9,96.4,0.53,0.259,8.7,20.1,11.7,2.4,1.3,12.4,19.0,4.3,3.2,7.5,0.451,13.0,16.7,0.41666666666666663,0.011995053586150045,0.8,7400,6.9,0.2,7.1000000000000005,0.234
160,Kyrie Irving,Duke,ACC,FR,G,11,303,5.0,9.5,0.529,1.6,3.5,0.462,3.4,5.9,0.569,0.615,5.8,6.5,0.901,0.5,2.8,3.4,4.3,1.5,0.5,2.5,3.0,17.5,130.5,91.7,0.697,0.683,2.3,10.6,29.8,3.0,1.8,18.6,27.2,9.5,4.4,13.9,0.368,20.0,9.3,0.23666666666666664,0.04703630363036304,3.3,2200,2.0,0.1,2.1,0.277
161,Jonathan Isaac,Florida St.,ACC,FR,F,32,838,4.1,8.0,0.508,1.0,2.8,0.348,3.1,5.2,0.593,0.568,2.9,3.7,0.78,1.8,6.1,7.8,1.2,1.2,1.5,1.5,3.3,12.0,118.8,92.7,0.614,0.461,7.7,25.0,7.5,2.4,6.2,15.7,20.0,5.3,3.8,9.1,0.35,13.0,21.1,0.5203252032520325,0.018661592642179405,1.3,6400,5.0,0.3,5.3,0.253
162,Jaden Ivey,Purdue,B10,SO,F,36,1132,5.6,12.2,0.461,1.8,5.0,0.358,3.9,7.2,0.533,0.534,4.3,5.8,0.744,0.7,4.2,4.9,3.1,0.9,0.6,2.6,2.2,17.3,111.6,101.5,0.58,0.47,2.7,15.0,19.2,1.7,2.0,17.9,27.7,5.5,1.0,6.5,0.41,19.0,13.2,0.38988095238095233,0.010766737127713276,0.8,7200,6.3,-0.1,6.2,0.219
163,Quenton Jackson,Texas A&M,SEC,SR,G,39,1028,4.7,9.7,0.487,1.1,3.2,0.349,3.6,6.5,0.556,0.545,4.3,5.1,0.83,0.5,3.0,3.5,2.0,1.8,0.6,2.4,3.8,14.8,111.1,93.8,0.611,0.529,2.2,13.2,16.6,3.8,2.0,19.9,26.6,4.8,3.5,8.3,0.33,16.0,11.6,0.45390070921985815,0.011082767613213015,0.8,7800,5.7,0.3,6.0,0.233
164,Andre Jackson Jr.,Connecticut,BE,JR,F,36,1047,2.6,5.9,0.432,0.7,2.5,0.281,1.9,3.4,0.54,0.491,0.9,1.3,0.646,1.9,4.3,6.2,4.7,1.1,0.5,2.0,3.9,6.7,111.3,93.2,0.509,0.225,7.6,16.7,26.6,2.2,1.8,24.1,16.5,2.5,4.5,7.0,0.424,9.0,13.9,-0.23717948717948723,0.011954485342737494,0.8,7200,5.8,0.4,6.2,0.237
165,Jaren Jackson Jr.,Michigan St.,B10,FR,C,35,765,3.4,6.6,0.513,1.1,2.7,0.396,2.3,3.9,0.596,0.595,3.0,3.8,0.797,1.5,4.3,5.8,1.1,0.6,3.0,1.8,5.9,10.9,116.8,85.9,0.647,0.573,8.7,19.7,9.3,1.6,14.2,20.8,22.8,3.9,6.7,10.6,0.409,11.0,16.9,0.5049019607843137,0.017889273356401385,1.3,7000,4.5,0.5,5.0,0.261
166,Trayce Jackson-Davis,Indiana,B10,JR,C,32,1106,8.2,14.1,0.582,0.0,0.0,0.0,8.2,14.1,0.582,0.582,4.6,6.6,0.695,2.8,8.0,10.8,4.0,0.8,2.9,2.6,2.0,20.9,118.5,93.4,0.609,0.467,10.1,24.7,24.8,1.4,9.0,14.3,30.1,9.8,5.0,14.7,0.0,23.0,20.9,0.4227642276422764,0.02193909054822917,1.5,6400,6.6,0.4,7.0,0.253
167,Bronny James,USC,P12,FR,G,25,486,1.6,4.5,0.366,0.6,2.4,0.267,1.0,2.1,0.481,0.438,0.9,1.4,0.676,0.3,2.6,2.8,2.1,0.8,0.2,1.1,3.5,4.8,96.4,105.5,0.472,0.304,1.7,15.1,19.3,2.2,1.1,19.4,16.5,-1.7,1.3,-0.3,0.533,6.0,13.7,0.01041666666666663,0.009995498971193414,0.7,5000,2.3,-0.1,2.1999999999999997,0.181
168,Sion James,Duke,ACC,JR,F,39,996,2.9,5.6,0.516,0.8,1.9,0.413,2.1,3.6,0.57,0.588,2.1,2.6,0.81,0.7,3.4,4.2,2.9,0.8,0.3,1.2,3.2,8.6,127.8,95.5,0.635,0.461,3.7,14.2,18.9,1.9,1.1,16.6,17.1,3.9,4.0,7.9,0.339,10.0,12.4,0.16666666666666663,0.010040160642570285,0.7,7800,6.4,0.2,6.6000000000000005,0.265
169,Jaime Jaquez Jr.,UCLA,P12,SR,F,37,1230,7.1,14.7,0.481,0.9,2.8,0.317,6.2,11.9,0.519,0.511,2.8,3.6,0.77,2.6,5.6,8.2,2.4,1.5,0.6,1.8,2.2,17.8,113.1,88.0,0.543,0.249,9.0,20.2,14.6,2.8,2.2,11.9,27.2,6.1,3.5,9.5,0.19,19.0,16.6,0.4976525821596244,0.014202450475208976,1.0,7400,7.0,0.7,7.7,0.25
170,Daniss Jenkins,St. John's,BE,SR,G,33,1013,5.8,12.9,0.446,1.7,4.8,0.354,4.1,8.1,0.5,0.512,1.7,2.0,0.851,0.9,2.6,3.5,5.4,1.6,0.5,2.4,3.1,14.9,114.0,104.2,0.538,0.157,3.2,9.6,32.3,3.0,1.9,17.8,25.6,6.0,2.3,8.2,0.372,18.0,8.0,0.20114942528735624,0.01233277734281921,0.9,6600,5.8,-0.2,5.6,0.221
171,Ty Jerome,Virginia,ACC,JR,G,37,1256,4.8,11.1,0.435,2.1,5.4,0.399,2.7,5.7,0.469,0.532,1.8,2.5,0.736,0.5,3.8,4.2,5.5,1.5,0.0,1.6,2.0,13.6,119.1,91.7,0.555,0.222,1.8,13.0,32.6,3.0,0.1,13.3,24.1,6.3,4.0,10.3,0.486,16.0,11.7,0.09374999999999989,0.010179471868365183,0.7,7400,7.5,0.5,8.0,0.255
172,Isaiah Joe,Arkansas,SEC,SO,F,26,937,5.1,13.8,0.367,3.6,10.6,0.342,1.5,3.3,0.447,0.497,3.1,3.5,0.89,0.5,3.6,4.1,1.7,1.4,0.3,1.7,2.0,16.9,104.6,98.1,0.544,0.253,1.7,11.5,10.0,2.2,0.8,11.7,22.9,3.7,0.7,4.3,0.768,18.0,10.3,0.49999999999999994,0.011899679829242261,0.8,5200,4.9,0.1,5.0,0.213
173,Keldon Johnson,Kentucky,SEC,FR,F,37,1136,4.6,10.1,0.461,1.2,3.2,0.381,3.4,6.9,0.498,0.521,2.9,4.2,0.703,1.3,4.5,5.9,1.6,0.8,0.2,1.6,2.9,13.5,112.9,97.2,0.557,0.416,5.5,16.5,10.6,1.5,0.6,14.5,21.7,3.5,2.2,5.7,0.317,14.0,14.0,0.49275362318840576,0.009772083588487447,0.7,7400,6.4,0.2,6.6000000000000005,0.232
174,Keshad Johnson,Arizona,P12,SR,F,36,995,4.2,7.9,0.53,1.0,2.6,0.387,3.2,5.3,0.599,0.593,2.1,3.0,0.71,2.0,3.9,5.9,1.8,1.0,0.7,1.6,3.0,11.5,119.6,97.2,0.616,0.375,8.0,14.8,10.8,2.0,2.7,16.7,18.3,4.1,3.0,7.1,0.329,12.0,12.5,0.45238095238095233,0.01259870782483848,0.9,7200,6.0,0.1,6.1,0.245
175,Tre Johnson,Texas,SEC,FR,G,33,1145,6.8,15.9,0.427,2.7,6.8,0.397,4.1,9.1,0.449,0.511,3.7,4.2,0.871,0.3,2.8,3.1,2.7,0.9,0.3,1.8,2.4,19.9,113.0,108.3,0.557,0.265,1.1,9.0,16.5,1.6,1.0,11.3,27.3,6.0,0.6,6.6,0.428,21.0,8.2,0.46813725490196073,0.010605895196506548,0.7,6600,6.5,-0.5,6.0,0.21
176,Colby Jones,Xavier,BE,JR,F,36,1224,5.8,11.3,0.509,1.2,3.3,0.378,4.5,8.0,0.563,0.564,2.2,3.4,0.653,1.2,4.5,5.7,4.4,1.3,0.6,2.3,2.5,15.0,112.6,102.4,0.58,0.305,4.4,14.4,22.3,2.1,1.6,17.3,22.1,4.4,2.0,6.4,0.292,17.0,12.3,0.2873563218390804,0.011684415145368493,0.8,7200,6.9,-0.1,6.800000000000001,0.222
177,Curtis Jones,Iowa St.,B12,SR,G,34,1037,5.8,13.5,0.43,2.6,6.9,0.374,3.2,6.6,0.489,0.526,3.2,3.8,0.845,0.4,3.8,4.2,2.3,1.1,0.2,1.4,2.1,17.4,117.3,99.3,0.569,0.282,1.8,14.5,15.2,2.2,0.7,10.5,25.4,5.6,2.0,7.5,0.511,19.0,13.3,0.4683908045977011,0.012091410900142983,0.8,6800,6.1,0.0,6.1,0.235
178,Herbert Jones,Alabama,SEC,SR,F,33,900,3.9,8.8,0.446,0.6,1.7,0.351,3.3,7.0,0.47,0.481,2.8,3.9,0.715,2.5,4.1,6.6,3.3,1.7,1.1,2.8,4.2,11.2,103.3,89.8,0.529,0.45,9.4,15.2,21.7,3.4,4.0,22.9,24.3,3.0,4.7,7.7,0.193,13.0,13.0,0.24358974358974356,0.013226495726495726,0.9,6600,4.6,0.5,5.1,0.227
179,Kam Jones,Marquette,BE,SR,G,34,1149,7.8,16.2,0.483,1.9,6.1,0.311,5.9,10.1,0.586,0.541,1.7,2.6,0.648,0.6,3.8,4.5,5.9,1.4,0.3,1.9,2.6,19.2,118.1,101.7,0.551,0.16,2.1,13.6,38.1,2.4,0.9,11.1,29.2,6.8,2.5,9.3,0.377,22.0,12.0,0.2884615384615384,0.013650945080449,1.0,6800,6.8,-0.1,6.7,0.233
180,Spencer Jones,Stanford,P12,SR,F,25,726,4.0,9.0,0.438,2.2,5.3,0.409,1.8,3.8,0.479,0.558,1.6,2.5,0.645,1.2,2.9,4.1,2.0,1.4,0.8,1.3,3.3,11.7,110.5,104.3,0.572,0.274,4.9,11.2,12.7,2.8,2.8,13.0,19.8,3.4,2.3,5.7,0.589,13.0,9.4,0.41666666666666663,0.014876033057851238,1.0,5000,4.0,-0.2,3.8,0.209
181,Tyus Jones,Duke,ACC,FR,G,39,1322,3.5,8.3,0.417,1.2,3.2,0.379,2.3,5.1,0.44,0.489,3.7,4.2,0.889,0.5,3.0,3.5,5.6,1.5,0.1,1.9,1.4,11.8,121.8,98.3,0.575,0.5,1.8,9.9,27.5,2.7,0.2,17.4,19.9,5.6,2.8,8.4,0.386,15.0,8.7,-0.1333333333333333,0.008982602118003025,0.6,7800,8.1,0.1,8.2,0.248
182,Derrick Jones Jr.,Radford,BSth,FR,F,9,42,0.4,1.7,0.267,0.1,0.9,0.125,0.3,0.8,0.429,0.3,0.0,0.0,0.0,0.2,0.8,1.0,0.1,0.3,0.0,0.3,5.7,1.0,62.1,95.2,0.3,0.0,5.4,21.9,5.2,4.4,0.0,20.5,21.5,-8.3,0.8,-7.4,0.529,1.0,18.6,0.5416666666666666,0.01458333333333334,1.0,1800,0.1,0.0,0.1,0.095
183,DeAndre Jordan,Texas A&M,B12,FR,,34,683,3.1,5.2,0.605,0.0,0.0,0.0,3.1,5.2,0.605,0.605,1.5,3.4,0.452,1.9,4.1,6.0,0.4,0.2,1.3,1.6,3.8,7.9,99.3,89.6,0.574,0.65,11.0,22.0,4.4,0.5,6.5,21.8,22.1,1.3,2.8,4.1,0.0,8.0,18.5,0.6021505376344085,0.013473527605913192,0.9,6800,3.4,0.4,3.8,0.223
184,Johnny Juzang,UCLA,P12,JR,F,30,953,6.0,13.8,0.432,1.5,4.2,0.36,4.5,9.6,0.464,0.487,2.2,2.6,0.835,0.8,4.0,4.7,1.8,0.7,0.1,1.6,2.5,15.6,105.7,98.2,0.519,0.191,2.7,15.0,11.5,1.4,0.5,11.8,25.2,3.2,0.7,3.9,0.304,17.0,13.0,0.5166666666666666,0.011495278069254983,0.8,6000,5.0,0.1,5.1,0.214
185,Ryan Kalkbrenner,Creighton,BE,SR,C,35,1206,7.7,11.9,0.653,0.6,1.7,0.344,7.1,10.1,0.706,0.678,3.1,4.6,0.681,2.4,6.3,8.7,1.5,0.5,2.7,1.5,1.6,19.2,129.2,98.4,0.684,0.386,8.8,18.4,10.0,0.9,7.3,11.2,22.3,7.2,4.0,11.1,0.143,20.0,15.8,0.5692640692640693,0.01908800155068812,1.3,7000,7.8,0.1,7.8999999999999995,0.262
186,Miles Kelly,Auburn,SEC,SR,F,38,1071,3.7,9.1,0.406,2.3,6.1,0.378,1.4,3.0,0.465,0.533,1.6,1.7,0.909,0.3,3.3,3.7,1.1,1.0,0.4,0.9,3.1,11.3,117.5,101.5,0.568,0.19,1.4,13.1,6.4,2.1,1.5,10.5,17.0,3.3,2.8,6.1,0.67,12.0,12.1,0.518018018018018,0.009005223711106064,0.6,7600,6.3,-0.1,6.2,0.232
187,Luke Kennard,Duke,ACC,SO,F,37,1314,6.4,13.1,0.489,2.4,5.4,0.438,4.0,7.7,0.525,0.579,4.3,5.1,0.856,1.2,3.9,5.1,2.5,0.8,0.4,1.6,2.5,19.5,127.3,103.2,0.629,0.386,3.9,12.1,13.6,1.4,0.9,11.2,23.0,8.0,1.4,9.3,0.412,21.0,10.2,0.47135416666666663,0.011943195871385082,0.8,7400,8.4,-0.2,8.200000000000001,0.25
188,Walker Kessler,Auburn,SEC,SO,C,34,869,4.8,7.9,0.608,0.3,1.5,0.2,4.5,6.4,0.702,0.627,1.6,2.6,0.596,2.6,5.4,8.0,0.9,1.1,4.5,1.1,4.1,11.4,122.6,82.3,0.627,0.332,10.9,22.1,7.0,2.4,18.8,12.9,19.0,5.9,7.4,13.2,0.19,12.0,18.5,0.5729166666666666,0.02245037399309551,1.6,6800,5.3,0.8,6.1,0.281
189,Corey Kispert,Gonzaga,WCC,SR,F,32,1018,6.5,12.3,0.529,2.8,6.5,0.44,3.7,5.9,0.628,0.644,2.7,3.1,0.878,0.9,4.0,5.0,1.8,0.9,0.4,1.3,2.1,18.6,131.2,95.9,0.674,0.248,3.8,13.9,9.0,1.5,1.4,10.7,20.7,8.7,1.7,10.4,0.528,19.0,12.0,0.5282051282051281,0.01639224724195254,1.1,6400,6.7,0.2,6.9,0.271
190,Bobi Klintman,Wake Forest,ACC,FR,F,33,678,1.8,4.5,0.407,0.8,2.3,0.368,1.0,2.2,0.446,0.5,0.8,1.1,0.743,1.1,3.5,4.5,0.8,0.5,0.6,1.0,3.8,5.3,102.6,103.1,0.528,0.233,6.2,19.4,6.7,1.3,3.2,17.9,15.1,-0.6,1.1,0.5,0.511,6.0,16.2,0.4444444444444444,0.0098656178302196,0.7,6600,3.5,-0.1,3.4,0.201
191,Dalton Knecht,Tennessee,SEC,SR,F,36,1103,7.3,16.0,0.458,2.6,6.5,0.397,4.8,9.5,0.499,0.538,4.4,5.7,0.77,0.8,4.1,4.9,1.8,0.7,0.6,1.7,2.3,21.6,114.5,98.7,0.577,0.354,2.8,14.3,13.4,1.3,2.4,10.6,29.8,7.8,2.1,9.9,0.406,22.0,12.4,0.5433789954337899,0.013554564761112288,0.9,7200,6.3,0.1,6.3999999999999995,0.232
192,Kon Knueppel,Duke,ACC,FR,F,39,1189,4.6,9.7,0.479,2.2,5.3,0.406,2.5,4.4,0.567,0.59,3.0,3.3,0.914,1.0,3.0,4.0,2.7,1.0,0.2,1.4,2.8,14.4,130.7,97.5,0.642,0.339,4.3,10.3,15.7,2.0,0.6,12.9,20.9,6.5,3.0,9.5,0.546,16.0,8.8,0.3731884057971014,0.010430760229641277,0.7,7800,7.8,0.1,7.8999999999999995,0.266
193,Tyler Kolek,Marquette,BE,SR,G,31,1022,5.6,11.3,0.496,1.5,3.9,0.388,4.1,7.4,0.552,0.563,2.6,3.0,0.851,0.7,4.2,4.9,7.7,1.6,0.2,2.9,1.2,15.3,118.4,100.5,0.6,0.268,2.6,14.8,42.1,2.8,0.6,18.9,26.6,6.4,2.8,9.2,0.345,19.0,13.1,-0.02083333333333348,0.016389432485322892,1.1,6200,6.1,-0.0,6.1,0.239
194,Christian Koloko,Arizona,P12,SO,C,37,941,4.9,7.8,0.635,0.0,0.1,0.0,4.9,7.7,0.642,0.635,2.7,3.7,0.735,2.6,4.7,7.3,1.4,0.8,2.8,1.6,4.4,12.6,123.6,87.7,0.661,0.472,12.2,18.0,9.8,1.6,10.3,16.7,20.6,4.8,4.6,9.4,0.013,13.0,15.9,0.5238095238095237,0.018312585395475943,1.3,7400,5.8,0.6,6.3999999999999995,0.272
195,John Konchar,Fort Wayne,Sum,SR,F,30,1028,7.0,13.2,0.534,1.5,4.3,0.349,5.5,8.9,0.624,0.591,4.2,5.7,0.737,2.2,6.3,8.5,5.4,2.0,0.9,2.8,2.6,19.5,119.9,103.5,0.623,0.433,7.3,20.5,30.0,3.3,3.0,16.6,28.3,6.4,1.8,8.2,0.326,22.0,17.1,0.2809523809523809,0.020255697609783213,1.4,6000,6.2,-0.2,6.0,0.233
196,Luke Kornet,Vanderbilt,SEC,SR,C,35,1101,4.1,10.2,0.406,1.5,4.6,0.327,2.6,5.6,0.472,0.48,3.4,4.0,0.857,1.5,4.7,6.2,1.2,0.5,2.0,1.3,2.9,13.2,109.9,98.3,0.547,0.392,5.9,16.6,8.5,1.0,6.7,11.2,21.9,3.8,3.2,7.0,0.451,14.0,14.0,0.5203252032520325,0.011695576083826232,0.8,7000,6.0,0.1,6.1,0.222
197,Kyle Kuzma,Utah,P12,JR,C,27,832,6.2,12.3,0.502,0.9,2.9,0.321,5.3,9.4,0.557,0.539,3.0,4.5,0.669,2.8,6.6,9.3,2.4,0.6,0.5,2.1,2.1,16.4,112.8,98.8,0.563,0.363,11.2,22.7,15.0,1.1,1.6,14.7,26.7,5.1,0.4,5.4,0.236,18.0,19.3,0.47311827956989244,0.019740617245657566,1.4,5400,4.7,0.0,4.7,0.226
198,Jake LaRavia,Wake Forest,ACC,JR,F,33,1127,5.0,9.0,0.557,0.8,2.2,0.384,4.2,6.8,0.613,0.604,3.7,4.8,0.777,2.1,4.5,6.6,3.7,1.7,0.9,2.7,3.3,14.6,118.6,95.2,0.647,0.527,7.5,14.1,20.0,2.7,2.9,20.2,21.6,4.5,3.5,7.9,0.244,16.0,12.0,0.29666666666666663,0.013894853593611358,1.0,6600,6.7,0.3,7.0,0.248
199,Zach LaVine,UCLA,P12,FR,F,37,904,3.4,7.8,0.441,1.3,3.5,0.375,2.1,4.3,0.494,0.524,1.3,1.8,0.691,0.5,2.1,2.5,1.8,0.9,0.2,1.1,3.2,9.4,107.3,103.6,0.545,0.236,2.4,9.5,12.6,2.1,0.8,13.9,19.0,1.5,0.5,2.0,0.449,10.0,8.1,0.40196078431372545,0.007720588235294117,0.5,7400,4.8,-0.2,4.6,0.204
200,Jock Landale,Saint Mary's,WCC,SR,C,36,1199,8.4,13.1,0.64,0.1,0.3,0.3,8.3,12.8,0.648,0.644,4.3,5.8,0.746,2.9,7.2,10.2,2.0,0.4,1.0,2.3,3.6,21.1,125.7,97.4,0.668,0.445,12.5,26.6,13.5,0.7,3.2,14.6,30.1,7.1,1.2,8.3,0.023,22.0,22.6,0.5476190476190476,0.01935541522697486,1.4,7200,7.5,0.2,7.7,0.257
201,Chaz Lanier,Tennessee,SEC,SR,F,38,1192,6.4,14.8,0.431,3.2,8.2,0.395,3.2,6.7,0.474,0.54,2.0,2.6,0.758,0.5,3.4,3.9,1.1,0.9,0.1,1.1,2.0,18.0,115.5,100.8,0.56,0.176,2.0,12.1,7.8,1.8,0.5,8.8,24.9,5.8,1.8,7.5,0.554,19.0,10.8,0.5807291666666666,0.010326001468120809,0.7,7600,6.9,-0.0,6.9,0.232
202,Pelle Larsson,Arizona,P12,SR,G,36,1080,4.5,8.7,0.519,1.3,3.0,0.426,3.2,5.7,0.568,0.592,2.4,3.2,0.75,1.1,3.0,4.1,3.7,0.9,0.2,1.9,3.5,12.8,121.0,100.3,0.622,0.369,3.9,10.6,20.1,1.7,0.8,17.9,19.1,3.7,2.5,6.3,0.345,15.0,8.8,0.2555555555555555,0.010581275720164608,0.7,7200,6.5,-0.0,6.5,0.241
203,A.J. Lawson,McNeese St.,Slnd,SR,G,17,495,4.1,9.2,0.442,0.6,2.0,0.324,3.4,7.2,0.475,0.478,2.2,3.9,0.561,1.3,3.8,5.1,5.5,0.9,0.1,3.3,3.4,11.8,91.4,110.1,0.496,0.423,5.3,14.9,33.9,1.4,0.4,27.7,26.0,-2.1,-3.3,-5.4,0.217,14.0,12.5,-0.004065040650406582,0.01899236265089924,1.3,3400,2.3,-0.2,2.0999999999999996,0.17
204,Caris LeVert,Michigan,B10,SR,G,14,435,5.4,10.7,0.5,1.9,4.3,0.45,3.4,6.4,0.533,0.59,3.7,4.7,0.788,0.6,4.8,5.4,4.9,0.9,0.2,1.6,1.7,16.4,126.8,102.2,0.631,0.44,2.5,19.0,32.9,1.8,0.8,11.9,26.0,7.8,2.6,10.4,0.402,19.0,17.2,0.2129629629629629,0.03553746275010643,2.5,2800,2.8,-0.0,2.8,0.257
205,Kawhi Leonard,San Diego St.,MWC,SO,C,34,1122,5.8,13.3,0.438,0.7,2.4,0.284,5.1,10.9,0.472,0.463,3.2,4.3,0.759,3.2,7.5,10.7,2.6,1.5,0.6,2.2,3.1,15.6,108.7,85.4,0.508,0.321,11.4,25.9,16.4,2.8,1.9,15.1,27.7,5.0,3.3,8.3,0.18,17.0,21.6,0.44252873563218387,0.015083901899317721,1.1,6800,6.1,0.8,6.8999999999999995,0.246
206,E.J. Liddell,Ohio St.,B10,JR,C,32,1063,6.3,12.9,0.49,1.4,3.8,0.374,4.9,9.1,0.54,0.546,5.3,6.9,0.765,2.2,5.7,7.9,2.4,0.6,2.5,2.5,3.0,19.4,116.2,98.8,0.598,0.534,8.9,19.1,16.1,1.0,8.2,15.1,30.5,7.9,2.5,10.4,0.295,20.0,16.3,0.47619047619047616,0.017147112843255836,1.2,6400,6.2,0.1,6.3,0.237
207,Damian Lillard,Weber St.,BSky,JR,G,30,1059,7.2,15.8,0.455,2.9,7.2,0.396,4.3,8.5,0.504,0.545,7.2,8.1,0.885,0.5,4.3,4.8,4.1,1.5,0.2,2.3,2.3,24.4,122.3,101.8,0.621,0.514,1.9,14.1,28.0,2.5,0.7,12.0,32.3,9.1,0.7,9.8,0.456,27.0,12.8,0.3819444444444444,0.016565024656384427,1.2,6000,6.5,-0.1,6.4,0.242
208,Dereck Lively II,Duke,ACC,FR,C,34,701,2.3,3.5,0.653,0.1,0.4,0.154,2.2,3.1,0.714,0.661,0.6,1.0,0.6,2.1,3.3,5.4,1.1,0.5,2.4,0.7,5.2,5.2,130.6,90.1,0.657,0.297,12.3,17.8,9.8,1.5,12.8,15.7,12.8,2.4,6.6,9.0,0.114,6.0,15.7,0.42753623188405787,0.016178750852818953,1.1,6800,4.6,0.3,4.8999999999999995,0.28
209,Isaiah Livers,Michigan,B10,SR,F,23,727,4.4,9.7,0.457,2.2,5.0,0.431,2.3,4.7,0.486,0.57,2.0,2.3,0.87,1.1,4.9,6.0,2.0,0.6,0.7,1.1,2.0,13.1,121.9,96.0,0.605,0.242,4.5,16.6,11.6,1.1,2.3,11.3,18.9,6.1,3.0,9.1,0.515,14.0,14.4,0.43939393939393934,0.018331874452919845,1.3,4600,4.4,0.1,4.5,0.248
210,Chris Livingston,Kentucky,SEC,FR,F,34,761,2.3,5.4,0.429,0.5,1.7,0.305,1.8,3.7,0.488,0.478,1.1,1.6,0.722,1.1,3.1,4.2,0.7,0.4,0.4,0.9,3.0,6.3,106.3,102.7,0.513,0.293,5.7,16.2,5.5,1.2,1.7,16.2,15.1,0.4,1.3,1.6,0.315,7.0,13.4,0.5144927536231884,0.008472833228589384,0.6,6800,4.0,-0.1,3.9,0.205
211,Kevon Looney,UCLA,P12,FR,C,36,1114,4.2,8.9,0.47,0.6,1.5,0.415,3.6,7.4,0.481,0.505,2.6,4.1,0.626,3.4,5.8,9.2,1.4,1.3,0.9,1.2,3.7,11.6,113.0,96.2,0.532,0.458,12.2,21.0,9.1,2.5,3.3,11.9,20.0,4.4,1.9,6.3,0.169,12.0,17.7,0.5,0.013435068821065233,0.9,7200,6.3,0.2,6.5,0.233
212,Brook Lopez,Stanford,P10,SO,,27,830,6.8,14.6,0.468,0.0,0.2,0.0,6.8,14.3,0.475,0.468,5.7,7.2,0.789,2.9,5.3,8.2,1.4,0.6,2.1,2.1,3.2,19.3,110.6,90.0,0.537,0.494,11.1,19.3,11.3,1.2,6.8,13.5,32.0,7.4,3.7,11.1,0.014,20.0,16.4,0.5637254901960784,0.020753897944720056,1.5,5400,4.6,0.4,5.0,0.241
213,Caleb Love,Arizona,B12,SR,G,37,1261,5.8,14.5,0.398,2.6,7.8,0.34,3.1,6.8,0.464,0.489,3.0,3.4,0.889,0.4,4.1,4.4,3.4,1.2,0.3,1.9,1.4,17.2,112.6,105.8,0.534,0.234,1.2,12.6,18.2,1.9,0.9,13.5,24.0,5.0,1.2,6.2,0.538,19.0,11.6,0.3735632183908046,0.009442423910962838,0.7,7400,7.1,-0.4,6.699999999999999,0.213
214,Kevin Love,UCLA,P10,FR,,38,1126,5.8,10.4,0.556,0.8,2.2,0.354,5.0,8.3,0.608,0.592,5.1,6.6,0.769,3.6,7.0,10.6,1.9,0.7,1.4,2.0,2.6,17.5,127.0,85.7,0.642,0.634,15.3,28.6,13.8,1.5,5.0,14.8,27.2,10.7,3.9,14.6,0.212,18.0,24.1,0.5028735632183907,0.01840011943406627,1.3,7600,7.2,0.8,8.0,0.284
215,Khaman Maluach,Duke,ACC,FR,C,39,828,3.5,4.9,0.712,0.1,0.4,0.25,3.4,4.5,0.754,0.723,1.5,2.0,0.766,2.7,3.8,6.6,0.5,0.2,1.3,0.8,3.9,8.6,143.1,93.1,0.736,0.403,16.5,19.2,4.3,0.6,6.8,13.0,16.8,5.8,2.9,8.7,0.082,9.0,18.1,0.5952380952380952,0.01643374741200828,1.2,7800,5.9,0.3,6.2,0.3
216,Sandro Mamukelashvili,Seton Hall,BE,SR,F,27,961,6.2,14.3,0.434,1.6,4.6,0.336,4.7,9.7,0.481,0.488,3.5,4.9,0.714,1.9,5.7,7.6,3.2,1.1,0.6,3.3,2.0,17.5,100.6,100.5,0.525,0.344,6.1,18.5,20.6,1.8,1.7,19.0,28.6,4.4,1.0,5.4,0.322,19.0,15.4,0.4086021505376344,0.014047027625793022,1.0,5400,4.8,-0.0,4.8,0.2
217,Terance Mann,Florida St.,ACC,SR,F,37,1174,4.0,7.9,0.505,0.8,2.1,0.39,3.2,5.8,0.547,0.557,2.6,3.4,0.79,2.5,4.0,6.5,2.5,0.7,0.3,1.8,2.8,11.4,119.6,98.9,0.603,0.426,9.1,14.3,15.6,1.2,1.2,17.3,18.4,4.4,2.2,6.6,0.266,13.0,12.3,0.35416666666666663,0.01032793867120954,0.7,7400,7.0,0.1,7.1,0.242
218,Tre Mann,Florida,SEC,SO,F,24,766,5.5,12.1,0.459,1.9,4.7,0.402,3.7,7.4,0.494,0.536,3.1,3.7,0.831,0.7,5.0,5.6,3.5,1.4,0.2,2.8,3.0,16.0,109.9,98.2,0.579,0.307,2.6,17.1,22.3,2.4,0.6,19.6,25.9,4.6,1.7,6.3,0.388,18.0,15.3,0.34848484848484845,0.01703061951103727,1.2,4800,4.2,0.1,4.3,0.225
219,Lauri Markkanen,Arizona,P12,FR,F,37,1140,5.0,10.2,0.492,1.9,4.4,0.423,3.1,5.8,0.545,0.584,3.7,4.4,0.835,2.4,4.8,7.2,0.9,0.4,0.5,1.1,2.6,15.6,130.1,99.1,0.635,0.436,10.0,17.5,5.6,0.8,1.8,9.8,21.5,7.6,0.9,8.6,0.431,16.0,15.0,0.5766666666666667,0.013762719298245615,1.0,7400,7.4,0.1,7.5,0.263
220,Naji Marshall,Xavier,BE,JR,F,31,1104,6.1,13.8,0.445,1.4,5.0,0.286,4.7,8.8,0.535,0.496,3.2,4.5,0.71,1.1,5.2,6.3,4.0,1.3,0.4,3.4,3.0,16.8,100.6,95.5,0.53,0.323,3.5,15.9,24.1,2.0,1.3,20.4,26.6,3.0,2.8,5.9,0.362,19.0,13.7,0.3387978142076502,0.0112200047517225,0.8,6200,5.6,0.2,5.8,0.21
221,Alijah Martin,Florida,SEC,SR,G,38,1155,5.0,11.0,0.452,2.1,5.9,0.35,2.9,5.1,0.573,0.547,2.3,3.1,0.761,1.2,3.3,4.5,2.2,1.5,0.2,1.4,1.9,14.4,121.3,99.9,0.577,0.28,4.5,10.8,12.3,2.7,0.6,13.1,20.6,5.4,3.1,8.5,0.536,16.0,9.1,0.4466666666666666,0.010438095238095236,0.7,7600,7.0,0.0,7.0,0.242
222,Caleb Martin,Nevada,MWC,SR,F,34,1161,5.9,14.5,0.409,3.1,9.3,0.338,2.8,5.1,0.537,0.517,4.3,5.8,0.732,0.9,4.3,5.1,2.8,1.4,0.8,1.9,2.9,19.2,111.5,93.9,0.558,0.402,2.9,13.5,16.2,2.4,2.6,11.5,26.6,5.6,2.2,7.7,0.641,21.0,11.7,0.4293785310734463,0.01169615614826494,0.8,6800,6.5,0.4,6.9,0.238
223,Cody Martin,Nevada,MWC,SR,G,34,1171,4.4,8.8,0.507,1.0,2.8,0.358,3.4,6.0,0.576,0.564,2.2,2.9,0.763,0.9,3.5,4.4,4.9,1.4,0.7,1.9,2.9,12.1,119.0,95.3,0.596,0.326,3.0,11.1,25.6,2.2,2.3,16.7,18.4,3.1,3.0,6.1,0.318,14.0,9.4,0.10984848484848486,0.011157906994798539,0.8,6800,7.0,0.3,7.3,0.249
224,Tyrese Martin,Connecticut,BE,SR,F,29,930,5.0,11.1,0.449,1.5,3.4,0.43,3.5,7.6,0.457,0.516,2.1,3.1,0.689,2.3,5.2,7.5,1.9,0.8,0.5,1.8,2.6,13.6,111.5,96.4,0.54,0.28,8.1,17.9,12.1,1.5,1.6,15.7,21.9,4.5,0.9,5.4,0.306,15.0,14.9,0.4766666666666666,0.014125268817204302,1.0,5800,5.2,0.2,5.4,0.232
225,Bennedict Mathurin,Arizona,P12,SO,F,37,1201,5.9,13.1,0.451,2.2,6.0,0.372,3.6,7.0,0.519,0.537,3.7,4.8,0.764,1.4,4.2,5.6,2.5,1.0,0.3,1.8,2.3,17.7,116.9,95.7,0.577,0.369,5.1,12.6,13.8,1.6,0.8,12.9,23.5,5.7,1.0,6.7,0.458,19.0,10.7,0.4548022598870056,0.011417745099422798,0.8,7400,7.0,0.3,7.3,0.243
226,Tyrese Maxey,Kentucky,SEC,FR,G,31,1068,4.8,11.3,0.427,1.1,3.6,0.292,3.8,7.7,0.492,0.474,3.2,3.9,0.833,0.4,3.9,4.3,3.1,0.9,0.4,2.2,2.8,14.0,104.7,98.3,0.531,0.342,1.4,12.1,18.3,1.5,1.3,16.6,22.1,1.9,1.5,3.4,0.319,15.0,11.1,0.34374999999999994,0.009161399812734084,0.6,6200,5.6,0.1,5.699999999999999,0.213
227,Miles McBride,West Virginia,B12,SO,G,29,991,5.4,12.5,0.43,1.6,3.8,0.414,3.8,8.7,0.437,0.493,3.4,4.2,0.813,1.2,2.7,3.9,4.9,1.9,0.3,1.8,2.0,15.8,117.9,101.2,0.543,0.339,3.7,9.2,28.6,3.2,1.0,13.2,23.0,6.3,2.6,8.8,0.304,18.0,7.5,0.2129629629629629,0.012918114885824275,0.9,5800,5.8,-0.1,5.7,0.23
228,Jared McCain,Duke,ACC,FR,F,36,1137,4.9,10.5,0.462,2.4,5.8,0.414,2.4,4.7,0.521,0.577,2.1,2.4,0.885,0.8,4.2,5.0,1.8,1.1,0.1,1.3,2.0,14.3,122.0,99.9,0.611,0.23,3.0,15.3,10.7,2.0,0.3,12.2,19.7,5.5,2.0,7.6,0.552,15.0,13.3,0.48299319727891155,0.011356864645594385,0.8,7200,6.9,0.0,6.9,0.243
229,Mac McClung,Texas Tech,B12,JR,G,29,878,5.1,12.2,0.419,1.6,4.8,0.341,3.5,7.4,0.47,0.486,3.7,4.7,0.793,0.4,2.3,2.7,2.1,0.8,0.3,1.9,2.6,15.5,107.7,97.5,0.539,0.382,1.6,9.1,15.1,1.6,1.3,14.2,25.9,3.7,1.1,4.8,0.393,17.0,8.0,0.4607843137254901,0.009597346911429721,0.7,5800,4.7,0.1,4.8,0.219
230,T.J. McConnell,Arizona,P12,SR,G,38,1158,4.1,8.2,0.498,0.7,2.1,0.321,3.4,6.2,0.557,0.538,1.5,1.8,0.829,0.7,3.2,3.8,6.3,2.2,0.1,2.1,2.3,10.4,118.3,87.3,0.57,0.224,2.8,12.5,39.0,4.3,0.3,19.3,20.7,5.5,5.7,11.2,0.256,14.0,10.8,-0.10162601626016265,0.011993976157378152,0.8,7600,6.8,0.7,7.5,0.259
231,Kevin McCullar Jr.,Kansas,B12,SR,F,25,856,6.0,13.4,0.449,1.5,4.5,0.339,4.5,9.0,0.504,0.506,4.6,5.7,0.81,0.8,5.2,6.0,4.1,1.5,0.4,2.5,2.3,18.3,107.5,100.1,0.564,0.423,2.8,15.7,21.8,2.4,1.1,15.1,27.1,3.9,2.3,6.2,0.336,20.0,14.0,0.325,0.016898364485981303,1.2,5000,4.6,-0.0,4.6,0.215
232,Jaden McDaniels,Washington,P12,FR,F,31,962,4.4,10.8,0.405,1.4,4.1,0.339,3.0,6.7,0.445,0.469,2.8,3.7,0.763,1.1,4.7,5.8,2.1,0.8,1.3,3.2,4.3,13.0,91.9,94.5,0.515,0.339,4.4,15.7,14.4,1.4,4.4,23.4,25.2,-0.3,1.7,1.5,0.38,14.0,13.6,0.428030303030303,0.01025680400680401,0.7,6200,4.4,0.3,4.7,0.195
233,Doug McDermott,Creighton,BE,SR,F,35,1181,9.4,17.9,0.526,2.7,6.1,0.449,6.7,11.8,0.567,0.603,5.1,5.9,0.864,1.6,5.3,7.0,1.6,0.2,0.1,1.8,2.3,26.7,124.4,104.8,0.644,0.329,6.4,17.8,11.5,0.4,0.5,9.8,32.8,11.1,-0.9,10.2,0.341,27.0,15.2,0.5815602836879432,0.018157619759669952,1.3,7000,7.3,-0.3,7.0,0.237
234,Bryce McGowens,Nebraska,B10,FR,F,31,1032,5.2,12.8,0.403,1.3,4.7,0.274,3.9,8.1,0.478,0.453,5.2,6.3,0.831,0.7,4.5,5.2,1.4,0.7,0.3,2.1,2.4,16.8,100.1,108.8,0.533,0.491,2.4,14.6,8.6,1.2,1.0,13.4,26.2,2.2,-1.3,0.8,0.367,18.0,13.0,0.532051282051282,0.010502385211687539,0.7,6200,5.2,-0.5,4.7,0.182
235,Jordan McLaughlin,USC,P12,SR,G,36,1270,4.4,9.8,0.449,1.5,3.8,0.397,2.9,6.1,0.482,0.525,2.4,3.3,0.746,0.7,2.9,3.7,7.8,2.0,0.2,2.6,1.2,12.8,116.7,101.9,0.561,0.333,2.5,9.9,38.5,3.3,0.7,18.9,22.4,4.9,2.2,7.1,0.388,17.0,8.5,-0.2196969696969696,0.011771653543307085,0.8,7200,7.4,-0.1,7.300000000000001,0.23
236,Liam McNeeley,Connecticut,BE,FR,F,27,867,4.4,11.5,0.381,1.7,5.4,0.317,2.7,6.1,0.436,0.455,4.1,4.7,0.866,0.9,5.0,6.0,2.3,0.6,0.2,1.9,2.5,14.5,109.5,105.6,0.529,0.41,3.7,18.7,13.1,1.1,0.8,14.8,24.2,2.1,0.0,2.1,0.47,16.0,16.4,0.40530303030303033,0.01250327671175422,0.9,5400,4.7,-0.2,4.5,0.208
237,De'Anthony Melton,USC,P12,FR,G,36,972,2.8,6.4,0.437,0.6,2.1,0.284,2.2,4.4,0.51,0.483,2.1,3.0,0.706,1.4,3.3,4.7,3.5,1.9,1.0,1.8,3.3,8.3,108.0,99.2,0.53,0.472,6.0,13.6,22.5,4.1,3.9,19.7,19.1,2.2,4.1,6.3,0.328,10.0,11.3,0.04166666666666663,0.010911779835390944,0.8,7200,5.2,0.0,5.2,0.214
238,Sam Merrill,Utah St.,MWC,SR,G,32,1118,6.1,13.2,0.461,2.8,6.8,0.41,3.3,6.4,0.515,0.566,4.7,5.2,0.893,0.2,3.9,4.1,3.9,0.9,0.1,1.6,2.6,19.7,125.9,96.8,0.625,0.397,0.6,12.0,24.0,1.5,0.4,10.9,24.1,7.3,1.8,9.2,0.515,22.0,11.4,0.3469945355191256,0.013345699287369131,0.9,6400,7.0,0.2,7.2,0.258
239,Khris Middleton,Texas A&M,B12,JR,F,19,552,5.1,12.3,0.41,1.0,3.9,0.257,4.1,8.4,0.481,0.451,2.1,2.7,0.75,1.4,3.7,5.1,2.2,0.9,0.3,2.2,2.7,13.2,96.0,96.8,0.483,0.222,5.7,15.8,19.0,2.1,1.1,16.5,28.6,3.9,1.5,5.4,0.317,14.0,13.0,0.4509803921568627,0.016889563796533103,1.2,3800,2.6,0.1,2.7,0.196
240,Brandon Miller,Alabama,SEC,FR,F,37,1208,6.0,13.9,0.43,2.9,7.5,0.384,3.1,6.5,0.483,0.533,3.9,4.6,0.859,2.1,6.2,8.2,2.1,0.9,0.9,2.2,2.9,18.8,117.0,91.0,0.583,0.329,6.7,17.7,12.7,1.5,2.4,14.7,25.0,7.3,3.6,11.0,0.54,20.0,14.9,0.4916666666666666,0.01411527317880794,1.0,7400,7.1,0.5,7.6,0.252
241,Emanuel Miller,TCU,B12,SR,F,34,1110,5.6,11.4,0.486,0.9,2.4,0.383,4.6,9.1,0.513,0.526,3.8,4.6,0.815,2.2,3.9,6.1,2.5,1.1,0.4,1.5,1.9,15.8,121.1,102.5,0.579,0.404,7.6,14.3,14.7,1.9,1.4,11.9,21.8,5.3,1.1,6.4,0.211,17.0,11.9,0.44345238095238093,0.013138674388674386,0.9,6800,6.7,-0.1,6.6000000000000005,0.238
242,Jordan Miller,Miami FL,ACC,SR,F,37,1291,5.9,10.8,0.545,0.9,2.5,0.352,5.0,8.4,0.602,0.585,2.6,3.4,0.784,2.1,4.2,6.2,2.7,1.2,0.4,1.3,2.0,15.3,127.2,105.0,0.616,0.313,7.2,14.0,14.1,2.0,1.3,11.1,20.0,5.8,1.1,6.9,0.231,17.0,11.7,0.43785310734463273,0.012215599522115294,0.9,7400,8.2,-0.3,7.8999999999999995,0.245
243,Riley Minix,Morehead St.,OVC,SR,F,31,1048,7.8,14.3,0.545,1.7,4.9,0.342,6.1,9.4,0.651,0.604,3.9,4.7,0.828,3.0,6.6,9.7,2.2,1.3,1.0,2.3,2.7,20.9,122.7,97.3,0.64,0.327,9.7,21.1,14.4,2.1,3.1,15.3,28.1,6.9,1.2,8.1,0.343,22.0,17.5,0.5256410256410255,0.02162238207085535,1.5,6200,6.4,0.1,6.5,0.248
244,Josh Minott,Memphis,Amer,FR,C,33,484,2.5,4.8,0.522,0.1,0.4,0.143,2.5,4.4,0.559,0.528,1.5,2.0,0.754,1.6,2.2,3.8,0.9,0.8,0.7,0.9,4.8,6.6,114.5,92.9,0.571,0.409,12.8,15.7,12.8,3.1,5.4,16.5,21.7,3.7,3.1,6.8,0.083,7.0,14.5,0.48666666666666664,0.01622314049586777,1.1,6600,2.8,0.2,3.0,0.248
245,Yves Missi,Baylor,B12,FR,C,33,758,4.1,6.7,0.613,0.0,0.0,0.0,4.1,6.7,0.613,0.613,2.5,4.1,0.619,2.6,3.0,5.6,0.4,0.6,1.5,1.1,4.2,10.7,120.3,102.4,0.621,0.604,14.4,16.3,3.5,1.4,7.1,13.9,21.9,4.1,1.7,5.8,0.0,11.0,15.4,0.6178861788617885,0.016403082566445716,1.1,6600,4.6,-0.1,4.5,0.237
246,Ajay Mitchell,UC Santa Barbara,BW,JR,G,27,851,6.7,13.7,0.491,1.1,3.0,0.375,5.6,10.8,0.522,0.531,5.7,6.6,0.86,0.2,3.8,4.0,4.0,1.2,0.4,2.6,3.3,20.0,113.4,105.5,0.6,0.48,0.9,13.0,28.7,2.1,1.3,15.6,31.1,4.6,0.2,4.7,0.219,22.0,12.4,0.3681592039800995,0.016707736289176912,1.2,5400,4.8,-0.2,4.6,0.216
247,Davion Mitchell,Baylor,B12,JR,G,30,974,5.3,10.3,0.511,2.1,4.7,0.447,3.2,5.6,0.565,0.613,1.4,2.2,0.652,0.5,2.2,2.7,5.5,1.9,0.4,2.4,2.9,14.1,122.1,95.1,0.62,0.214,1.7,8.1,28.3,3.4,1.3,20.1,21.6,6.3,3.2,9.5,0.456,17.0,6.9,0.14779874213836475,0.013388671496648715,0.9,6000,5.9,0.2,6.1000000000000005,0.251
248,Evan Mobley,USC,P12,FR,C,33,1120,6.0,10.3,0.578,0.4,1.2,0.3,5.6,9.1,0.615,0.595,4.1,5.8,0.694,2.7,5.9,8.7,2.4,0.8,2.8,2.2,2.1,16.4,119.4,90.4,0.624,0.566,9.7,18.8,14.1,1.4,8.7,16.6,23.4,7.3,5.3,12.6,0.117,18.0,15.9,0.4666666666666667,0.017540178571428575,1.2,6600,6.7,0.5,7.2,0.257
249,Jonathan Mogbo,San Francisco,WCC,JR,C,33,955,6.0,9.6,0.625,0.0,0.1,0.0,6.0,9.5,0.629,0.625,2.2,3.1,0.696,3.4,6.8,10.2,3.6,1.6,0.8,1.8,3.6,14.2,128.0,91.0,0.639,0.322,14.3,29.6,24.3,3.2,3.4,14.7,24.5,6.5,4.0,10.5,0.01,16.0,24.5,0.36666666666666664,0.02167539267015707,1.5,6600,6.1,0.4,6.5,0.272
250,Malik Monk,Kentucky,SEC,FR,G,38,1218,6.6,14.7,0.45,2.7,6.9,0.397,3.9,7.8,0.497,0.543,3.9,4.7,0.822,0.3,2.2,2.5,2.3,0.9,0.5,2.0,2.4,19.8,115.7,99.9,0.586,0.323,1.1,7.2,13.3,1.6,1.5,13.3,25.1,6.0,1.8,7.9,0.469,21.0,6.5,0.49242424242424243,0.00975860824998756,0.7,7600,7.0,0.0,7.0,0.23
251,Moses Moody,Arkansas,SEC,FR,F,32,1082,5.2,12.1,0.427,1.8,5.1,0.358,3.3,7.0,0.478,0.503,4.7,5.8,0.812,2.0,3.8,5.8,1.6,1.0,0.7,1.6,2.7,16.8,116.0,97.4,0.568,0.482,6.3,11.8,8.0,1.6,2.0,11.8,21.6,4.5,1.6,6.1,0.421,18.0,9.9,0.5128205128205128,0.012485781316650079,0.9,6400,6.3,0.1,6.3999999999999995,0.237
252,Wendell Moore Jr.,Duke,ACC,JR,G,39,1324,4.8,9.6,0.5,1.3,3.2,0.413,3.5,6.4,0.544,0.569,2.4,3.0,0.805,1.2,4.1,5.3,4.4,1.4,0.2,1.9,1.9,13.4,121.1,100.4,0.605,0.314,4.3,12.4,21.7,2.3,0.6,16.6,20.3,5.4,1.9,7.3,0.333,16.0,10.6,0.20833333333333326,0.01039778449144008,0.7,7800,8.0,-0.0,8.0,0.242
253,Ja Morant,Murray St.,OVC,SO,G,31,1135,8.1,16.4,0.492,1.8,4.9,0.368,6.3,11.5,0.545,0.547,6.8,8.4,0.815,1.2,4.5,5.7,9.9,1.8,0.8,5.2,1.6,24.5,115.6,97.0,0.608,0.51,4.1,12.6,51.4,2.4,2.2,22.0,36.0,8.3,1.7,10.0,0.299,30.0,10.8,0.05555555555555547,0.017860988742046013,1.3,6200,6.6,0.2,6.8,0.24
254,Monté Morris,Iowa St.,B12,SO,G,34,1153,4.6,9.0,0.507,0.9,2.4,0.395,3.6,6.6,0.547,0.559,1.9,2.5,0.753,0.7,2.7,3.4,5.2,1.9,0.4,1.1,1.6,11.9,126.2,99.0,0.586,0.278,2.5,8.6,27.4,3.2,1.3,10.7,17.7,5.6,3.6,9.2,0.267,15.0,7.3,0.10144927536231874,0.011732154304460953,0.8,6800,7.3,0.1,7.3999999999999995,0.257
255,Trey Murphy III,Virginia,ACC,JR,F,25,739,3.8,7.6,0.503,2.1,4.8,0.433,1.8,2.8,0.62,0.639,1.5,1.6,0.927,0.6,2.8,3.4,1.2,0.8,0.4,0.8,2.7,11.3,127.9,101.0,0.67,0.215,2.8,11.7,8.2,1.8,1.8,9.8,17.3,5.3,2.0,7.2,0.632,12.0,10.1,0.5087719298245614,0.014609002207819955,1.0,5000,4.7,-0.0,4.7,0.254
256,Dejounte Murray,Washington,P12,FR,G,34,1139,5.9,14.3,0.416,1.0,3.5,0.288,4.9,10.8,0.457,0.451,3.2,4.9,0.663,1.4,4.6,6.0,4.5,1.8,0.3,3.2,3.2,16.1,97.8,100.8,0.485,0.342,4.1,13.7,25.7,2.8,0.8,19.0,26.0,1.6,1.2,2.9,0.245,18.0,11.5,0.2853107344632768,0.009750598949420396,0.7,6800,5.6,-0.0,5.6,0.197
257,Jamal Murray,Kentucky,SEC,FR,F,36,1267,6.8,14.9,0.454,3.1,7.7,0.408,3.6,7.2,0.502,0.559,3.3,4.2,0.783,1.5,3.7,5.2,2.2,1.0,0.3,2.3,2.4,20.0,118.0,101.1,0.59,0.283,4.9,11.1,12.1,1.6,0.9,15.3,25.4,8.0,0.9,8.9,0.517,21.0,9.3,0.5049019607843137,0.011415919959143877,0.8,7200,7.5,-0.1,7.4,0.234
258,Keegan Murray,Iowa,B10,SO,F,35,1116,8.8,15.8,0.554,1.9,4.7,0.398,6.9,11.1,0.621,0.614,4.1,5.4,0.747,2.9,5.8,8.7,1.5,1.3,1.9,1.1,2.3,23.5,131.2,95.9,0.638,0.343,9.8,20.2,10.1,2.3,6.4,7.1,28.1,12.6,2.4,15.0,0.297,24.0,16.7,0.5814393939393939,0.022426635304659496,1.6,7000,7.3,0.2,7.5,0.269
259,Kris Murray,Iowa,B10,JR,F,29,1009,7.5,15.7,0.476,2.3,6.8,0.335,5.2,8.9,0.583,0.548,3.0,4.1,0.729,2.8,5.2,7.9,2.0,1.0,1.2,1.5,2.4,20.2,118.5,104.5,0.572,0.259,8.5,17.8,11.7,1.7,3.4,9.5,25.6,7.9,0.1,8.0,0.433,21.0,14.5,0.5333333333333333,0.018747935249421872,1.3,5800,6.0,-0.2,5.8,0.23
260,Collin Murray-Boyles,South Carolina,SEC,SO,F,32,980,6.2,10.6,0.586,0.3,1.1,0.265,5.9,9.5,0.622,0.599,4.2,5.9,0.707,2.2,6.0,8.2,2.4,1.5,1.3,2.4,3.3,16.8,115.8,99.1,0.63,0.556,8.8,23.8,21.1,2.9,4.7,17.6,27.0,6.6,4.6,11.1,0.104,18.0,19.8,0.47311827956989244,0.018783739302172482,1.3,6400,5.7,0.0,5.7,0.233
261,Pete Nance,North Carolina,ACC,SR,F,30,906,3.3,7.7,0.422,1.1,3.3,0.32,2.2,4.4,0.5,0.491,2.4,2.9,0.816,1.2,4.8,6.0,1.7,0.4,1.1,1.7,3.1,10.0,106.2,100.5,0.547,0.375,4.3,17.7,10.3,0.7,3.7,17.9,17.7,1.3,2.3,3.6,0.429,11.0,15.0,0.40909090909090906,0.011621178674158805,0.8,6000,4.8,-0.0,4.8,0.212
262,Larry Nance Jr.,Wyoming,MWC,SR,F,29,1012,6.1,12.0,0.507,0.5,1.4,0.341,5.6,10.6,0.529,0.527,3.9,5.0,0.785,1.4,5.8,7.2,2.5,1.2,1.2,2.3,2.6,16.1,106.3,91.7,0.577,0.415,6.2,20.5,19.7,2.3,4.3,15.9,27.9,3.6,2.8,6.4,0.117,18.0,17.7,0.4617486338797814,0.015847534503984965,1.1,5800,5.4,0.4,5.800000000000001,0.229
263,Andrew Nembhard,Gonzaga,WCC,SR,G,32,1029,4.4,9.7,0.452,1.6,4.2,0.383,2.8,5.5,0.503,0.534,1.5,1.7,0.873,0.4,2.9,3.4,5.8,1.6,0.1,1.9,2.5,11.8,117.3,92.2,0.564,0.177,1.6,8.7,26.3,2.7,0.4,16.6,19.6,3.7,3.0,6.7,0.433,15.0,7.8,0.007575757575757569,0.012199620107783376,0.9,6400,6.0,0.4,6.4,0.249
264,Ryan Nembhard,Gonzaga,WCC,SR,G,35,1228,3.8,8.5,0.446,1.1,2.7,0.404,2.7,5.8,0.465,0.51,1.9,2.5,0.77,0.3,2.7,3.0,9.8,1.7,0.1,2.5,1.8,10.5,119.5,100.6,0.547,0.294,1.0,8.3,41.5,2.8,0.2,19.9,20.1,4.7,2.4,7.1,0.318,16.0,7.6,-0.6228070175438599,0.015095148294188239,1.1,7000,7.3,-0.0,7.3,0.238
265,Aaron Nesmith,Vanderbilt,SEC,SO,F,14,500,7.5,14.6,0.512,4.3,8.2,0.522,3.2,6.4,0.5,0.659,3.7,4.5,0.825,0.8,4.1,4.9,0.9,1.4,0.9,1.7,3.1,23.0,125.1,105.6,0.685,0.307,2.5,13.9,6.9,2.3,2.6,11.6,23.7,8.6,0.3,8.9,0.562,23.0,12.0,0.6066666666666666,0.039236,2.7,2800,3.1,-0.1,3.0,0.24
266,Asa Newell,Georgia,SEC,FR,C,33,958,5.8,10.7,0.543,0.8,2.7,0.292,5.0,8.0,0.627,0.58,3.1,4.1,0.748,3.3,3.5,6.9,0.9,1.0,1.0,1.1,3.3,15.4,127.8,102.7,0.612,0.384,14.0,13.5,6.7,2.0,3.8,9.8,23.0,7.2,1.4,8.6,0.252,16.0,13.7,0.5890804597701149,0.017301220214527395,1.2,6600,6.1,-0.1,6.0,0.251
267,Georges Niang,Iowa St.,B12,SR,F,35,1162,8.1,14.8,0.546,1.6,4.1,0.392,6.5,10.7,0.605,0.6,2.7,3.4,0.807,1.3,4.9,6.2,3.3,0.9,0.6,2.6,3.8,20.5,116.9,103.7,0.625,0.23,4.8,15.6,19.2,1.5,1.8,15.8,28.0,6.7,1.3,7.9,0.277,22.0,13.3,0.4629629629629629,0.015423599158538916,1.1,7000,6.8,-0.2,6.6,0.227
268,Zeke Nnaji,Arizona,P12,FR,C,32,978,5.6,9.8,0.57,0.2,0.5,0.294,5.4,9.3,0.586,0.578,4.8,6.2,0.76,3.1,5.5,8.6,0.8,0.7,0.9,2.2,3.1,16.1,116.1,91.3,0.63,0.637,11.5,20.4,5.8,1.3,3.3,16.9,24.1,4.9,1.9,6.8,0.051,17.0,17.2,0.5952380952380952,0.01767455448437043,1.2,6400,5.7,0.4,6.1000000000000005,0.249
269,Royce O'Neale,Baylor,B12,SR,F,33,1060,3.3,7.2,0.456,1.5,3.4,0.438,1.8,3.8,0.472,0.559,2.1,2.7,0.773,2.0,3.8,5.8,3.4,1.2,0.3,1.7,2.8,10.1,123.1,96.5,0.597,0.371,7.3,13.7,21.8,2.3,1.2,19.2,17.2,5.9,3.2,9.1,0.472,12.0,11.5,0.1515151515151515,0.011307175528873644,0.8,6600,6.5,0.2,6.7,0.253
270,Josh Okogie,Georgia Tech,ACC,SO,F,24,873,5.5,13.3,0.416,1.6,4.2,0.38,4.0,9.2,0.432,0.475,5.5,6.8,0.821,2.2,4.0,6.2,2.5,1.8,1.0,2.5,3.2,18.2,107.9,100.8,0.55,0.506,7.3,13.1,15.6,2.9,2.8,15.7,26.8,5.2,1.9,7.1,0.316,19.0,11.0,0.43939393939393934,0.016114755805477457,1.1,4800,4.7,-0.0,4.7,0.215
271,Onyeka Okongwu,USC,P12,FR,C,28,858,6.3,10.2,0.618,0.0,0.1,0.25,6.2,10.0,0.623,0.619,3.7,5.1,0.72,3.3,5.4,8.6,1.1,1.2,2.7,2.0,3.5,16.3,119.1,87.6,0.646,0.502,12.4,18.4,8.4,2.3,9.8,15.9,23.4,6.2,4.7,10.9,0.01,17.0,16.1,0.5793650793650793,0.02390387390387391,1.7,5600,5.1,0.5,5.6,0.261
272,Isaac Okoro,Auburn,SEC,FR,F,28,880,4.5,8.7,0.512,0.7,2.5,0.286,3.8,6.2,0.603,0.553,3.2,4.8,0.672,1.9,2.5,4.4,2.0,0.9,0.9,2.0,3.5,12.9,112.8,100.2,0.585,0.549,6.4,8.8,13.1,1.7,3.1,17.6,20.0,3.3,2.0,5.3,0.287,14.0,7.8,0.4444444444444444,0.012032828282828284,0.8,5600,5.0,-0.0,5.0,0.227
273,Lachlan Olbrich,UC Riverside,BW,FR,C,33,918,4.5,9.6,0.472,0.5,1.9,0.274,4.0,7.8,0.52,0.498,1.7,3.0,0.556,2.5,3.5,6.0,1.4,0.7,0.5,1.9,4.5,11.4,101.9,102.5,0.51,0.311,10.0,15.8,10.9,1.5,1.9,16.6,23.6,0.2,-0.3,-0.1,0.198,12.0,13.4,0.5111111111111111,0.010632413459210847,0.7,6600,4.7,-0.1,4.6000000000000005,0.2
274,Kelly Olynyk,Gonzaga,WCC,JR,C,31,820,6.8,10.7,0.631,0.3,0.9,0.31,6.5,9.8,0.661,0.644,4.2,5.4,0.78,2.4,4.8,7.3,1.7,0.7,1.1,2.4,3.5,18.1,123.5,89.4,0.678,0.505,11.8,20.1,15.1,1.6,5.1,18.4,30.4,10.4,3.2,13.6,0.084,19.0,17.3,0.5416666666666666,0.0226829268292683,1.6,6200,5.1,0.4,5.5,0.268
275,Gary Payton II,Oregon St.,P12,SR,G,31,1066,6.4,13.3,0.483,0.7,2.2,0.319,5.7,11.1,0.516,0.51,2.4,3.7,0.647,2.4,5.5,7.9,5.0,2.5,0.5,2.3,3.0,16.0,110.7,96.9,0.53,0.282,7.7,18.2,32.6,4.2,1.5,14.4,26.5,6.5,4.1,10.6,0.165,18.0,15.0,0.27604166666666663,0.016120426829268293,1.1,6200,5.9,0.2,6.1000000000000005,0.229
276,Micah Peavy,Georgetown,BE,SR,F,32,1184,6.8,14.2,0.481,1.6,4.1,0.4,5.2,10.2,0.514,0.538,1.9,2.8,0.659,1.7,4.1,5.8,3.6,2.3,0.5,2.6,3.2,17.2,108.3,99.9,0.552,0.2,5.0,13.2,19.9,3.7,1.6,16.8,24.5,2.6,2.7,5.3,0.289,19.0,10.8,0.40196078431372545,0.012691275834658186,0.9,6400,6.4,0.0,6.4,0.216
277,Taelon Peter,Liberty,CUSA,SR,F,32,725,4.6,7.9,0.575,2.2,4.8,0.458,2.3,3.1,0.758,0.715,2.0,2.6,0.771,0.3,3.7,4.0,1.0,0.9,0.1,0.6,3.7,13.7,132.3,96.3,0.728,0.327,1.4,18.3,9.9,2.3,0.4,8.1,20.8,7.0,2.2,9.1,0.608,14.0,17.0,0.5579710144927535,0.018482758620689654,1.3,6400,4.8,0.1,4.8999999999999995,0.27
278,Drew Peterson,USC,P12,SR,F,33,1182,5.0,11.2,0.442,1.5,4.1,0.358,3.5,7.2,0.489,0.507,2.5,3.3,0.752,0.9,5.4,6.2,4.3,1.1,0.7,2.7,1.9,13.9,104.6,98.7,0.542,0.294,3.0,15.6,23.9,1.7,2.2,19.6,22.7,3.4,1.4,4.8,0.366,16.0,13.8,0.23666666666666664,0.010986886632825718,0.8,6600,6.2,0.1,6.3,0.213
279,Julian Phillips,Tennessee,SEC,FR,F,32,769,2.5,6.0,0.411,0.3,1.4,0.239,2.1,4.6,0.466,0.44,3.0,3.7,0.822,1.8,2.9,4.7,1.4,0.6,0.5,1.3,2.9,8.3,110.4,90.0,0.536,0.615,8.4,13.9,11.4,1.6,2.9,16.7,19.5,1.3,3.2,4.5,0.233,9.0,11.8,0.38666666666666666,0.010171651495448634,0.7,6400,4.2,0.4,4.6000000000000005,0.239
280,Jalen Pickett,Penn St.,B10,SR,G,37,1351,7.0,13.8,0.508,1.2,3.2,0.381,5.8,10.6,0.546,0.552,2.4,3.2,0.763,1.2,6.2,7.4,6.6,0.9,0.5,2.3,2.3,17.7,118.7,102.2,0.577,0.23,4.0,19.6,39.3,1.6,1.6,13.2,29.3,7.4,2.6,10.0,0.232,21.0,17.1,0.1952380952380952,0.013653378449825525,1.0,7400,8.0,-0.1,7.9,0.234
281,Scotty Pippen Jr.,Vanderbilt,SEC,JR,G,36,1190,6.2,14.9,0.416,1.8,5.5,0.325,4.4,9.5,0.469,0.476,6.2,8.3,0.749,0.8,2.7,3.6,4.3,1.9,0.2,3.4,3.0,20.4,104.9,97.6,0.541,0.556,2.9,9.7,32.6,3.4,0.6,17.1,34.4,5.3,2.1,7.3,0.369,23.0,8.1,0.31989247311827956,0.009047167253998371,0.6,7200,6.2,0.1,6.3,0.212
282,Daeqwon Plowden,Bowling Green,MAC,SR,F,29,887,5.3,13.0,0.41,1.3,3.9,0.345,4.0,9.1,0.437,0.461,3.9,4.9,0.79,2.4,4.4,6.8,1.1,0.9,1.2,1.8,2.8,15.7,105.5,109.9,0.518,0.38,7.8,15.6,6.5,1.7,4.4,12.9,24.9,2.3,-2.3,-0.0,0.3,16.0,12.8,0.5628930817610063,0.014810363531939328,1.0,5800,4.7,-0.4,4.3,0.194
283,Mason Plumlee,Duke,ACC,SR,C,36,1248,6.1,10.2,0.599,0.0,0.0,0.0,6.1,10.2,0.599,0.599,4.8,7.1,0.681,2.8,7.2,10.0,1.9,1.0,1.4,2.9,2.9,17.1,113.1,90.9,0.628,0.688,9.8,23.3,11.5,1.7,4.0,19.2,25.1,5.4,3.0,8.4,0.0,18.0,19.5,0.5109289617486339,0.015081835855401429,1.1,7200,7.1,0.6,7.699999999999999,0.247
284,Brandin Podziemski,Santa Clara,WCC,SO,F,31,1116,7.0,14.4,0.487,2.6,5.8,0.447,4.4,8.6,0.513,0.576,3.6,4.6,0.771,1.8,7.0,8.8,3.7,1.8,0.5,2.3,2.1,19.9,120.5,99.0,0.608,0.323,5.5,21.0,20.8,2.8,1.3,14.0,25.5,7.5,2.5,10.0,0.403,22.0,17.8,0.40238095238095234,0.018102278545826928,1.3,6200,6.7,0.1,6.8,0.244
285,Jakob Poeltl,Utah,P12,SO,C,35,1071,6.3,9.9,0.64,0.0,0.0,0.0,6.3,9.9,0.64,0.64,4.6,6.6,0.697,2.8,6.2,9.1,1.9,0.6,1.5,2.0,3.0,17.3,124.0,98.0,0.662,0.666,11.9,22.0,13.9,1.2,4.8,14.9,26.0,7.2,2.5,9.7,0.0,18.0,18.9,0.5158730158730158,0.018291020111748404,1.3,7000,6.6,0.1,6.699999999999999,0.25
286,Jordan Poole,Michigan,B10,SO,G,37,1222,4.4,10.0,0.436,2.0,5.5,0.369,2.3,4.5,0.518,0.538,2.0,2.4,0.833,0.2,2.8,3.0,2.2,1.1,0.2,1.5,2.4,12.8,108.4,92.6,0.573,0.244,0.8,9.4,13.0,2.0,0.7,14.1,20.0,2.5,3.6,6.1,0.55,14.0,8.8,0.41666666666666663,0.007692307692307693,0.5,7400,6.6,0.5,7.1,0.232
287,Craig Porter Jr.,Wichita St.,Amer,SR,G,31,1044,5.2,10.8,0.478,1.2,3.3,0.363,4.0,7.5,0.528,0.533,2.0,3.0,0.685,1.3,4.9,6.2,4.9,1.5,1.5,2.5,2.3,13.5,109.0,96.0,0.554,0.275,4.6,16.1,30.3,2.7,5.0,18.9,23.8,4.7,3.4,8.1,0.306,16.0,13.7,0.19551282051282048,0.014403735632183907,1.0,6200,5.7,0.2,5.9,0.226
288,Kevin Porter Jr.,USC,P12,FR,F,21,464,3.5,7.5,0.471,1.3,3.2,0.412,2.2,4.2,0.517,0.561,1.1,2.2,0.522,1.0,3.0,4.0,1.4,0.8,0.5,1.9,3.8,9.5,98.4,100.1,0.559,0.293,4.8,15.0,12.0,2.1,2.6,20.8,22.8,1.4,1.0,2.4,0.427,10.0,12.4,0.4666666666666667,0.016368534482758625,1.1,4200,2.3,-0.0,2.3,0.198
289,Michael Porter Jr.,Missouri,SEC,FR,F,3,53,3.3,10.0,0.333,1.0,3.3,0.3,2.3,6.7,0.35,0.383,2.3,3.0,0.778,1.3,5.3,6.7,0.3,1.0,0.3,1.0,4.5,10.0,92.7,88.7,0.438,0.3,9.5,32.5,4.6,3.4,2.0,10.1,33.3,4.7,3.4,8.1,0.33,10.0,28.0,0.6212121212121212,0.1676672384219554,11.7,600,0.2,0.0,0.2,0.151
290,Bobby Portis,Arkansas,SEC,SO,C,36,1076,6.9,12.9,0.536,0.4,0.8,0.467,6.6,12.1,0.541,0.552,3.2,4.3,0.737,3.7,5.2,8.9,1.2,1.1,1.4,1.6,2.9,17.5,118.9,95.8,0.582,0.335,13.6,20.2,8.8,2.1,4.8,11.5,25.7,7.3,1.1,8.4,0.062,18.0,17.5,0.5797101449275361,0.017904477129465007,1.3,7200,6.4,0.2,6.6000000000000005,0.245
291,Quinten Post,Boston College,ACC,SR,C,35,1118,6.3,12.4,0.513,1.4,3.3,0.431,4.9,9.1,0.543,0.57,2.9,3.5,0.821,2.1,6.1,8.1,2.9,0.9,1.7,2.5,3.6,17.0,114.7,101.1,0.605,0.284,7.5,21.8,18.7,1.6,6.0,16.9,27.0,6.1,2.8,8.9,0.266,18.0,18.1,0.4365079365079365,0.016107987619615523,1.1,7000,6.4,-0.1,6.300000000000001,0.225
292,Drake Powell,North Carolina,ACC,FR,F,37,947,2.8,5.7,0.483,1.0,2.6,0.379,1.8,3.1,0.569,0.569,0.9,1.5,0.648,0.7,2.7,3.4,1.1,0.7,0.7,0.7,2.7,7.4,115.8,106.4,0.581,0.256,3.3,11.4,7.0,1.6,2.8,12.1,13.3,2.3,2.5,4.8,0.456,8.0,9.7,0.4702380952380952,0.008450558153567655,0.6,7400,5.5,-0.3,5.2,0.22
293,Dwight Powell,Stanford,P12,SR,F,36,1167,4.9,10.5,0.462,0.3,1.1,0.256,4.6,9.4,0.485,0.475,4.0,5.9,0.687,1.9,4.9,6.9,3.1,1.3,0.8,2.9,3.9,14.0,101.3,98.5,0.527,0.557,7.3,17.3,20.4,2.4,2.8,19.6,26.8,2.3,2.5,4.8,0.105,16.0,14.5,0.35034013605442177,0.010323872479583095,0.7,7200,5.9,0.1,6.0,0.206
294,Norman Powell,UCLA,P12,SR,F,36,1243,5.9,13.0,0.456,1.1,3.3,0.319,4.9,9.7,0.503,0.497,3.5,4.7,0.751,0.6,4.1,4.7,2.1,1.8,0.4,2.2,2.9,16.4,104.9,99.0,0.54,0.362,1.9,13.3,12.8,3.2,1.5,15.8,24.0,2.8,2.7,5.5,0.254,17.0,11.8,0.4887005649717514,0.009643835990018682,0.7,7200,6.5,0.1,6.6,0.212
295,Taurean Prince,Baylor,B12,SR,F,33,1017,5.5,12.9,0.431,1.6,4.5,0.361,3.9,8.4,0.468,0.493,3.3,4.3,0.769,2.3,3.6,5.9,2.3,1.2,0.7,2.7,3.3,16.0,107.2,102.8,0.537,0.336,8.9,14.7,15.4,2.3,2.7,18.9,27.2,4.9,0.9,5.7,0.349,17.0,12.4,0.4575757575757575,0.01171180834897649,0.8,6600,5.5,-0.1,5.4,0.212
296,Payton Pritchard,Oregon,P12,SR,G,31,1132,7.0,14.9,0.468,2.8,6.8,0.415,4.1,8.1,0.512,0.563,3.7,4.5,0.821,0.7,3.6,4.3,5.5,1.5,0.0,2.7,2.2,20.5,120.6,100.3,0.601,0.303,2.3,11.6,31.6,2.5,0.1,16.0,28.4,8.7,1.3,10.0,0.456,23.0,10.1,0.2738095238095238,0.013612127713276129,1.0,6200,6.8,-0.0,6.8,0.24
297,Tyrese Proctor,Duke,ACC,JR,G,38,1137,4.3,9.6,0.452,2.3,5.8,0.405,2.0,3.8,0.524,0.574,1.3,2.0,0.68,0.5,2.6,3.0,2.2,0.8,0.1,1.1,2.6,12.4,121.3,99.2,0.587,0.205,2.0,9.0,12.9,1.6,0.4,11.3,18.7,4.0,2.0,6.1,0.604,13.0,7.9,0.4108527131782945,0.007978462293673683,0.6,7600,6.9,0.0,6.9,0.243
298,Olivier-Maxence Prosper,Marquette,BE,JR,F,36,1045,4.2,8.1,0.512,1.1,3.2,0.339,3.1,4.9,0.624,0.578,3.1,4.2,0.735,1.7,3.0,4.7,0.7,0.9,0.1,1.4,3.2,12.5,115.5,103.1,0.617,0.515,7.1,12.3,4.0,1.8,0.5,14.0,19.8,2.5,-0.1,2.4,0.395,13.0,10.4,0.5833333333333333,0.010578149920255181,0.7,7200,6.0,-0.2,5.8,0.222
299,Derik Queen,Maryland,B10,FR,C,36,1093,5.8,11.1,0.526,0.2,1.0,0.2,5.6,10.1,0.558,0.535,4.6,6.1,0.766,2.3,6.6,9.0,1.9,1.1,1.1,2.4,2.8,16.5,113.4,91.3,0.591,0.546,9.0,24.5,11.6,2.0,3.8,16.5,26.9,4.2,3.7,7.9,0.09,17.0,20.5,0.5028735632183907,0.015722308104867973,1.1,7200,6.2,0.5,6.7,0.245
300,Neemias Queta,Utah St.,MWC,JR,C,28,841,5.8,10.4,0.558,0.0,0.1,0.0,5.8,10.4,0.562,0.558,3.5,5.0,0.707,2.9,7.3,10.1,2.7,1.1,3.3,2.4,3.2,14.9,113.2,79.9,0.593,0.479,10.7,26.8,18.4,2.0,13.4,18.2,24.9,4.9,7.0,11.8,0.01,16.0,22.2,0.43390804597701144,0.02431167739554718,1.7,5600,4.8,0.8,5.6,0.266
301,Immanuel Quickley,Kentucky,SEC,SO,F,30,986,4.6,11.0,0.417,2.1,4.8,0.428,2.5,6.2,0.409,0.511,4.8,5.2,0.923,0.5,3.7,4.2,1.9,0.9,0.1,1.6,2.8,16.1,117.9,98.5,0.595,0.471,2.1,11.9,11.7,1.6,0.5,12.8,22.2,4.9,1.5,6.3,0.436,17.0,10.7,0.4601449275362318,0.011761398712408501,0.8,6000,5.8,0.1,5.8999999999999995,0.239
302,Julius Randle,Kentucky,SEC,FR,C,40,1233,4.9,9.8,0.5,0.1,0.5,0.167,4.8,9.3,0.516,0.504,5.1,7.2,0.706,3.5,6.9,10.4,1.4,0.5,0.8,2.5,3.0,15.0,111.2,96.7,0.566,0.737,13.4,24.7,10.0,1.0,2.6,18.7,26.2,4.9,1.4,6.3,0.051,16.0,20.9,0.5238095238095237,0.01278241223496698,0.9,8000,6.9,0.2,7.1000000000000005,0.23
303,Maxime Raynaud,Stanford,ACC,SR,C,35,1173,7.5,16.1,0.467,1.9,5.5,0.347,5.6,10.6,0.53,0.527,3.3,4.2,0.77,2.7,7.9,10.6,1.7,0.9,1.4,2.4,2.4,20.2,110.1,100.5,0.558,0.263,9.4,28.7,11.9,1.5,4.6,14.2,30.3,5.7,0.6,6.3,0.342,21.0,23.8,0.5533333333333333,0.0173748223927252,1.2,7000,6.5,-0.0,6.5,0.222
304,Duop Reath,LSU,SEC,SR,C,33,799,5.1,9.3,0.544,0.6,1.4,0.422,4.5,7.9,0.565,0.575,1.8,2.9,0.629,1.9,3.4,5.3,0.7,0.5,1.0,1.7,4.1,12.5,109.5,107.3,0.586,0.316,9.8,16.1,5.7,1.1,4.7,15.9,25.1,2.4,-0.5,1.9,0.151,13.0,13.8,0.5980392156862745,0.014939016908390392,1.0,6600,4.4,-0.3,4.1000000000000005,0.205
305,Austin Reaves,Oklahoma,B12,SR,G,25,862,5.6,12.6,0.443,1.3,4.2,0.305,4.3,8.4,0.512,0.494,5.9,6.8,0.865,0.8,4.6,5.5,4.6,0.9,0.3,3.0,1.9,18.3,110.9,101.8,0.579,0.541,2.8,15.1,27.0,1.5,1.0,17.7,28.4,5.5,0.9,6.4,0.333,21.0,13.3,0.25595238095238093,0.015548351010938016,1.1,5000,4.8,-0.1,4.7,0.218
306,Paul Reed,DePaul,BE,JR,C,28,887,6.4,12.5,0.516,0.5,1.8,0.294,5.9,10.6,0.554,0.537,2.1,2.8,0.756,3.3,7.4,10.7,1.6,1.9,2.6,2.3,3.7,15.1,108.4,88.8,0.562,0.223,11.2,25.7,11.1,3.3,9.4,16.5,23.6,4.6,4.0,8.6,0.144,16.0,21.2,0.5416666666666666,0.023724633596392333,1.7,5600,4.8,0.5,5.3,0.239
307,Antonio Reeves,Kentucky,SEC,SR,F,33,1039,7.1,13.9,0.512,2.5,5.7,0.447,4.6,8.2,0.557,0.603,3.4,4.0,0.863,0.7,3.4,4.2,1.6,0.7,0.2,1.2,2.3,20.2,126.5,111.5,0.64,0.285,2.7,11.1,9.2,1.1,0.8,8.9,23.6,7.3,-1.1,6.2,0.41,21.0,9.7,0.5539906103286385,0.015147961881006925,1.1,6600,6.6,-0.6,6.0,0.231
308,Naz Reid,LSU,SEC,FR,C,34,925,5.0,10.7,0.468,0.8,2.5,0.333,4.2,8.3,0.509,0.507,2.7,3.8,0.727,2.5,4.7,7.2,0.9,0.7,0.7,2.5,4.7,13.6,103.8,100.8,0.544,0.351,10.2,19.4,6.4,1.5,2.8,20.1,25.9,1.8,0.1,1.9,0.234,14.0,16.2,0.5766666666666667,0.013064324324324326,0.9,6800,4.8,-0.0,4.8,0.208
309,Will Richard,Florida,SEC,SR,F,40,1265,4.6,9.5,0.487,2.0,5.6,0.359,2.6,3.9,0.669,0.592,2.0,2.4,0.844,1.1,3.4,4.6,1.8,1.6,0.3,1.5,2.8,13.3,124.5,99.0,0.624,0.253,4.0,11.0,9.9,3.0,1.1,15.9,17.4,4.4,3.9,8.3,0.589,14.0,9.3,0.47101449275362317,0.009926104141605087,0.7,8000,7.9,0.1,8.0,0.253
310,Nick Richards,Kentucky,SEC,JR,C,31,919,5.3,8.2,0.642,0.0,0.0,0.0,5.3,8.2,0.642,0.642,3.5,4.7,0.752,2.6,5.2,7.8,0.2,0.1,2.1,1.6,4.3,14.0,123.4,94.5,0.674,0.571,11.3,18.6,1.7,0.2,8.0,15.3,20.3,4.2,2.1,6.3,0.0,14.0,16.2,0.6477987421383647,0.019037817972775987,1.3,6200,5.7,0.3,6.0,0.261
311,Jase Richardson,Michigan St.,B10,FR,G,36,913,4.0,8.1,0.493,1.3,3.2,0.412,2.7,4.9,0.545,0.574,2.8,3.4,0.836,0.6,2.7,3.3,1.9,0.8,0.3,0.8,2.4,12.1,128.3,98.9,0.624,0.418,3.0,11.4,14.4,1.9,1.4,9.9,19.4,5.8,4.3,10.0,0.395,13.0,9.9,0.42916666666666664,0.011411555312157722,0.8,7200,5.9,0.1,6.0,0.263
312,Will Riley,Illinois,B10,FR,F,35,899,4.4,10.3,0.432,1.3,4.1,0.326,3.1,6.1,0.502,0.497,2.4,3.3,0.724,1.2,2.9,4.1,2.2,0.3,0.3,1.2,1.9,12.6,115.3,106.6,0.532,0.323,5.2,11.5,16.0,0.6,1.0,11.3,23.0,4.4,0.8,5.2,0.398,14.0,9.7,0.41666666666666663,0.00984427141268076,0.7,7000,5.2,-0.3,4.9,0.218
313,Duncan Robinson,Michigan,B10,SR,F,40,1033,2.9,6.7,0.44,1.9,4.8,0.381,1.1,1.8,0.597,0.579,1.4,1.6,0.891,0.5,2.0,2.4,1.1,0.7,0.4,0.6,3.8,9.2,121.6,98.2,0.616,0.241,2.2,9.5,7.4,1.6,1.7,9.3,15.8,2.5,3.1,5.6,0.716,10.0,8.0,0.4770114942528735,0.007479053309743966,0.5,8000,6.3,0.1,6.3999999999999995,0.248
314,Orlando Robinson,Fresno St.,MWC,JR,C,34,1134,7.0,14.5,0.481,1.1,2.9,0.37,5.9,11.6,0.509,0.518,4.3,6.1,0.703,2.6,5.8,8.4,2.9,1.0,1.2,2.5,2.9,19.3,109.9,90.0,0.555,0.424,10.1,22.1,23.2,2.0,4.7,14.1,33.8,7.3,2.7,10.0,0.2,21.0,18.4,0.4595238095238095,0.015238410178886372,1.1,6800,6.2,0.6,6.8,0.24
315,Jeremiah Robinson-Earl,Villanova,BE,SO,F,25,862,6.2,12.5,0.497,0.9,3.3,0.28,5.3,9.2,0.574,0.534,2.4,3.4,0.714,2.5,6.0,8.5,2.2,1.0,0.6,1.6,2.6,15.7,114.1,98.2,0.558,0.269,8.6,21.2,13.5,1.7,2.3,11.8,24.1,5.1,1.6,6.8,0.264,17.0,17.5,0.48924731182795694,0.01911533567846718,1.3,5000,4.9,0.1,5.0,0.232
316,Ryan Rollins,Toledo,MAC,SO,G,33,1078,6.9,14.8,0.463,1.4,4.6,0.311,5.5,10.3,0.531,0.511,3.9,4.8,0.81,0.7,5.3,6.0,3.6,1.7,0.3,2.2,3.0,18.9,111.4,96.1,0.557,0.322,2.4,16.1,20.0,2.9,0.9,13.6,28.2,3.6,1.8,5.3,0.311,21.0,14.5,0.40579710144927533,0.014429902395740905,1.0,6600,6.0,0.2,6.2,0.23
317,Jackson Rowe,Cal St. Fullerton,BW,SR,F,19,588,5.0,10.7,0.468,1.7,4.3,0.407,3.3,6.4,0.508,0.549,4.1,6.0,0.675,1.6,5.8,7.4,1.8,1.0,1.2,2.6,3.6,15.6,103.8,97.6,0.583,0.562,5.9,22.3,14.8,2.0,4.2,18.4,26.6,3.1,1.0,4.1,0.402,17.0,18.8,0.48666666666666664,0.02403061224489796,1.7,3800,3.1,0.1,3.2,0.218
318,Terry Rozier,Louisville,ACC,SO,G,36,1260,5.9,14.5,0.411,1.3,4.4,0.306,4.6,10.1,0.456,0.457,3.9,4.9,0.79,1.2,4.4,5.6,3.0,2.0,0.2,2.2,2.0,17.1,105.9,89.6,0.509,0.338,3.8,13.9,19.7,3.5,0.5,14.1,26.8,4.4,4.1,8.5,0.303,18.0,11.7,0.4124293785310734,0.009755515200430455,0.7,7200,6.7,0.7,7.4,0.235
319,D'Angelo Russell,Ohio St.,B10,FR,G,35,1188,6.6,14.7,0.449,2.7,6.6,0.411,3.9,8.1,0.479,0.541,3.4,4.5,0.756,1.0,4.7,5.7,5.0,1.6,0.3,2.9,2.5,19.3,113.6,93.8,0.573,0.303,3.6,15.4,30.1,2.8,1.1,17.3,29.9,8.2,2.7,10.9,0.449,22.0,13.3,0.28787878787878785,0.012794612794612796,0.9,7000,6.7,0.4,7.1000000000000005,0.239
320,Domantas Sabonis,Gonzaga,WCC,SO,C,35,1122,6.5,10.8,0.606,0.1,0.4,0.357,6.4,10.4,0.615,0.612,4.3,5.5,0.768,3.0,8.8,11.8,1.8,0.6,0.9,2.6,4.0,17.5,120.0,90.8,0.651,0.513,11.6,28.2,11.4,1.1,2.7,18.5,26.0,5.3,2.4,7.6,0.037,18.0,24.0,0.5282051282051281,0.019141299876593992,1.3,7000,6.7,0.5,7.2,0.257
321,Hunter Sallis,Wake Forest,ACC,SR,F,32,1150,6.6,14.4,0.457,1.3,4.8,0.277,5.2,9.6,0.547,0.503,3.7,4.6,0.804,0.5,4.6,5.1,2.8,1.2,0.5,2.4,2.6,18.2,105.5,101.1,0.549,0.32,1.8,14.4,18.1,2.0,1.9,14.9,26.8,2.9,1.8,4.7,0.333,20.0,13.2,0.4545454545454545,0.011457839262187087,0.8,6400,6.1,-0.1,6.0,0.209
322,Kobe Sanders,Nevada,MWC,SR,G,33,1045,5.2,11.4,0.46,1.2,3.6,0.342,4.0,7.8,0.516,0.515,4.1,5.2,0.795,0.7,3.2,3.9,4.5,1.1,0.3,1.8,2.8,15.8,115.7,105.3,0.572,0.455,2.7,12.6,29.9,2.2,1.2,13.2,27.2,5.1,1.0,6.1,0.316,18.0,10.8,0.23397435897435898,0.011421144644828855,0.8,6600,6.0,-0.3,5.7,0.218
323,Marcus Sasser,Houston,Amer,SR,G,36,1109,5.3,12.1,0.439,2.7,6.9,0.384,2.6,5.1,0.514,0.549,3.6,4.2,0.848,0.4,2.5,2.8,3.1,1.6,0.2,1.6,2.0,16.8,123.5,91.0,0.598,0.347,1.4,8.9,19.6,3.2,0.7,12.9,24.9,7.4,3.6,11.0,0.57,18.0,7.9,0.3742138364779874,0.010802694931690966,0.8,7200,6.8,0.5,7.3,0.263
324,Baylor Scheierman,Creighton,BE,SR,F,35,1288,6.3,14.0,0.448,3.1,8.3,0.381,3.1,5.7,0.545,0.56,2.8,3.2,0.876,0.7,8.3,9.0,3.9,0.9,0.1,2.2,1.8,18.5,116.5,98.5,0.596,0.231,2.6,23.2,19.9,1.5,0.3,14.4,24.9,6.2,2.5,8.7,0.593,20.0,21.6,0.3571428571428571,0.014187740313516715,1.0,7000,7.5,0.1,7.6,0.236
325,Mark Sears,Alabama,SEC,SR,G,37,1194,5.4,13.4,0.403,2.4,7.1,0.345,3.0,6.4,0.468,0.494,5.4,6.4,0.844,0.4,2.5,2.9,5.1,0.9,0.1,2.7,1.9,18.6,116.2,110.9,0.567,0.478,1.5,7.3,26.4,1.4,0.2,16.3,26.7,5.7,0.3,6.0,0.53,21.0,6.5,0.19444444444444448,0.008863763260748184,0.6,7400,6.9,-0.7,6.2,0.208
326,Brice Sensabaugh,Ohio St.,B10,FR,F,33,810,6.0,12.4,0.482,1.8,4.5,0.405,4.2,7.9,0.525,0.555,2.5,3.0,0.83,1.3,4.1,5.4,1.2,0.5,0.4,2.0,4.0,16.3,112.0,102.7,0.588,0.244,6.2,18.9,10.9,1.3,1.7,15.7,32.1,7.3,0.3,7.6,0.363,17.0,15.8,0.5666666666666667,0.016135802469135804,1.1,6600,4.5,-0.1,4.4,0.217
327,Collin Sexton,Alabama,SEC,FR,G,33,988,5.9,13.3,0.447,1.3,4.0,0.336,4.6,9.3,0.495,0.498,5.9,7.6,0.778,1.0,2.7,3.8,3.6,0.8,0.1,2.8,3.3,19.2,109.6,104.3,0.567,0.575,4.0,9.7,27.8,1.6,0.3,16.2,32.5,5.4,0.6,6.0,0.301,21.0,8.2,0.3615819209039548,0.010651118506827694,0.7,6600,5.4,-0.2,5.2,0.211
328,Landry Shamet,Wichita St.,Amer,SO,G,32,1015,4.8,9.8,0.489,2.6,5.9,0.442,2.2,3.9,0.56,0.622,2.7,3.2,0.825,0.4,2.8,3.2,5.2,0.7,0.2,2.1,2.4,14.9,127.5,104.9,0.655,0.327,1.6,9.7,28.8,1.3,0.7,17.9,21.0,7.3,0.4,7.7,0.602,18.0,8.7,0.12499999999999989,0.012621100164203612,0.9,6400,6.5,-0.2,6.3,0.248
329,Terrence Shannon Jr.,Illinois,B10,SR,F,32,1080,6.8,14.4,0.475,2.4,6.7,0.362,4.4,7.8,0.573,0.559,6.9,8.6,0.801,0.8,3.2,4.0,2.3,1.0,0.9,2.0,2.6,23.0,124.8,104.8,0.621,0.599,2.7,10.0,13.2,1.7,2.3,12.1,27.9,8.8,1.8,10.6,0.465,24.0,8.5,0.49754901960784315,0.014426402505446622,1.0,6400,6.7,-0.3,6.4,0.237
330,Day'Ron Sharpe,North Carolina,ACC,FR,C,29,556,3.9,7.4,0.519,0.0,0.1,0.0,3.9,7.4,0.523,0.519,1.8,3.5,0.505,3.4,4.2,7.6,1.4,0.8,0.9,2.0,4.2,9.5,101.9,92.3,0.521,0.468,18.3,23.8,15.4,2.3,5.1,20.6,27.5,3.8,2.6,6.4,0.014,10.0,21.3,0.4871794871794871,0.020395222283711493,1.4,5800,2.8,0.2,3.0,0.216
331,Jamal Shead,Houston,B12,SR,G,37,1149,4.8,11.7,0.409,1.2,3.8,0.309,3.6,7.9,0.456,0.458,2.2,2.8,0.779,0.9,2.8,3.7,6.3,2.2,0.5,2.0,2.5,12.9,113.1,88.2,0.495,0.24,3.3,10.5,40.4,4.3,2.0,15.4,26.4,5.9,5.7,11.6,0.325,16.0,8.7,0.01041666666666663,0.011107484769364665,0.8,7400,6.5,0.7,7.2,0.251
332,Ben Sheppard,Belmont,MVC,SR,F,31,1062,6.8,14.4,0.472,2.5,6.1,0.416,4.3,8.3,0.514,0.56,2.8,4.0,0.694,0.6,4.6,5.2,2.9,1.4,0.2,2.2,2.4,18.8,110.1,103.7,0.58,0.277,2.3,15.4,16.7,2.3,0.5,14.2,26.8,4.0,-0.3,3.7,0.424,20.0,13.9,0.45343137254901955,0.013483853993574829,0.9,6200,5.8,-0.2,5.6,0.211
333,Reed Sheppard,Kentucky,SEC,FR,G,33,955,4.3,8.0,0.536,2.3,4.4,0.521,2.0,3.6,0.555,0.679,1.6,2.0,0.831,0.4,3.8,4.1,4.5,2.5,0.7,2.0,2.6,12.5,127.6,101.8,0.699,0.247,1.5,13.3,24.0,4.6,2.5,20.0,18.7,6.5,4.4,10.9,0.55,15.0,12.2,0.14341085271317822,0.015953975404845975,1.1,6600,6.1,-0.1,6.0,0.251
334,Max Shulga,VCU,A10,SR,G,34,1115,4.4,10.2,0.434,2.1,5.5,0.387,2.3,4.8,0.488,0.537,4.1,5.3,0.782,1.7,4.1,5.9,4.0,1.8,0.1,1.7,2.4,15.0,125.6,94.3,0.594,0.514,5.8,14.1,23.2,3.3,0.4,13.9,22.5,5.8,3.1,9.0,0.539,17.0,11.7,0.2121212121212121,0.012521402364451694,0.9,6800,7.0,0.3,7.3,0.262
335,Pascal Siakam,New Mexico St.,WAC,SO,C,32,1131,8.1,15.0,0.536,0.1,0.5,0.2,8.0,14.6,0.547,0.54,4.2,6.1,0.686,4.0,7.8,11.8,1.6,1.0,2.2,2.1,3.1,20.4,115.4,86.8,0.569,0.403,13.4,23.5,11.2,1.7,6.4,12.6,28.0,5.2,3.1,8.3,0.033,21.0,20.1,0.5679012345679012,0.02077861828819683,1.5,6400,6.5,0.7,7.2,0.255
336,KJ Simpson,Colorado,P12,JR,G,37,1298,6.6,13.8,0.475,2.1,4.9,0.434,4.4,8.9,0.497,0.552,4.4,5.0,0.876,0.8,5.1,5.8,4.9,1.6,0.1,2.2,2.8,19.7,122.6,101.2,0.606,0.363,2.8,16.4,27.1,2.7,0.2,13.9,26.4,6.5,2.6,9.2,0.355,22.0,14.6,0.29545454545454536,0.013175864967082227,0.9,7400,8.0,-0.1,7.9,0.243
337,Jericho Sims,Texas,B12,SR,C,26,638,3.6,5.3,0.686,0.0,0.0,0.0,3.6,5.2,0.691,0.686,2.0,3.8,0.52,2.2,5.1,7.2,0.7,0.7,1.1,1.6,4.1,9.2,112.1,92.7,0.65,0.73,10.3,22.0,5.4,1.7,4.6,20.7,18.3,3.0,2.9,5.9,0.0,10.0,18.5,0.5694444444444444,0.01970350052246604,1.4,5200,3.6,0.2,3.8000000000000003,0.238
338,Javon Small,West Virginia,B12,SR,G,32,1156,5.7,13.7,0.418,2.6,7.3,0.353,3.1,6.3,0.493,0.513,4.6,5.2,0.88,0.5,3.6,4.1,5.6,1.5,0.3,2.7,1.7,18.6,113.0,99.3,0.576,0.379,1.5,11.6,35.1,2.6,1.1,16.1,28.7,6.5,3.2,9.7,0.533,21.0,10.4,0.17543859649122806,0.01182617009652158,0.8,6400,6.5,0.0,6.5,0.225
339,Marcus Smart,Oklahoma St.,B12,SO,G,31,1014,5.3,12.5,0.422,1.6,5.3,0.299,3.7,7.2,0.514,0.486,5.9,8.1,0.728,1.4,4.5,5.9,4.8,2.9,0.6,2.6,3.6,18.0,110.4,91.4,0.552,0.648,5.1,14.9,30.1,5.0,1.9,15.4,29.9,5.9,5.0,10.9,0.424,20.0,12.6,0.21383647798742134,0.014657530423132748,1.0,6200,5.6,0.4,6.0,0.237
340,Dru Smith,Missouri,SEC,SR,G,26,886,4.8,10.8,0.443,1.8,4.5,0.398,3.0,6.3,0.476,0.527,2.8,3.4,0.841,0.4,3.0,3.5,3.8,2.1,0.3,2.4,3.7,14.3,109.2,100.2,0.573,0.312,1.4,9.9,22.6,3.5,1.0,18.4,21.6,3.4,3.2,6.6,0.417,16.0,8.9,0.2708333333333333,0.01281038374717833,0.9,5200,4.8,-0.0,4.8,0.217
341,Jalen Smith,SMU,Amer,JR,G,32,681,2.0,4.7,0.423,1.3,3.3,0.387,0.7,1.3,0.512,0.56,0.8,1.1,0.694,0.6,1.5,2.1,1.7,0.8,0.2,1.1,2.1,5.9,113.3,104.9,0.578,0.242,3.0,7.4,13.5,2.2,1.1,20.9,14.3,0.9,1.1,2.0,0.702,7.0,6.1,0.24166666666666664,0.00800660792951542,0.6,6400,3.9,-0.2,3.6999999999999997,0.217
342,Tolu Smith,Mississippi St.,SEC,SR,C,23,649,5.5,9.7,0.565,0.0,0.0,0.0,5.5,9.7,0.565,0.565,4.0,6.9,0.582,3.3,4.8,8.1,1.3,0.7,0.4,2.6,3.6,15.0,106.3,100.9,0.577,0.709,13.2,19.3,9.7,1.3,1.6,19.1,27.6,2.8,0.5,3.3,0.0,16.0,16.8,0.5484848484848485,0.020673763832469532,1.4,4600,3.4,-0.0,3.4,0.21
343,Nick Smith Jr.,Arkansas,SEC,FR,G,17,439,4.5,11.9,0.376,1.4,4.2,0.338,3.1,7.7,0.397,0.436,2.2,2.9,0.74,0.2,1.4,1.6,1.7,0.8,0.1,1.6,2.4,12.5,95.6,102.2,0.472,0.248,1.1,6.3,13.4,1.8,0.5,13.3,26.3,0.8,-1.0,-0.2,0.353,13.0,5.6,0.47777777777777775,0.011305998481397109,0.8,3400,2.1,-0.0,2.1,0.191
344,Jeremy Sochan,Baylor,B12,FR,F,30,754,3.3,7.0,0.474,0.8,2.7,0.296,2.5,4.3,0.585,0.531,1.8,3.0,0.589,2.0,4.4,6.4,1.8,1.3,0.7,1.6,3.7,9.2,108.8,89.0,0.546,0.427,8.9,20.6,12.3,2.9,3.2,18.1,20.0,3.3,3.8,7.1,0.386,10.0,16.9,0.39393939393939387,0.014450204967446348,1.0,6000,4.1,0.4,4.5,0.239
345,Thomas Sorber,Georgetown,BE,FR,C,24,752,5.5,10.4,0.532,0.2,1.5,0.162,5.3,8.9,0.596,0.544,3.2,4.4,0.724,2.7,5.8,8.5,2.4,1.5,2.0,2.3,2.8,14.5,111.8,95.6,0.58,0.42,9.5,21.9,15.6,2.7,7.6,17.4,24.2,3.3,4.0,7.3,0.144,16.0,18.0,0.4484848484848485,0.02310444874274661,1.6,4800,4.2,0.2,4.4,0.234
346,Cam Spencer,Connecticut,BE,SR,G,40,1312,4.9,10.1,0.484,2.5,5.6,0.44,2.4,4.5,0.539,0.606,2.0,2.2,0.911,1.0,3.8,4.8,3.6,1.5,0.2,1.0,2.6,14.3,137.1,96.6,0.64,0.222,4.0,12.5,18.9,2.7,0.8,10.0,18.5,7.2,4.0,11.2,0.554,16.0,10.7,0.29931972789115646,0.011322486311597813,0.8,8000,9.0,0.2,9.2,0.28
347,Pat Spencer,Northwestern,B10,SR,G,31,908,3.9,9.0,0.436,0.4,1.6,0.235,3.5,7.4,0.48,0.457,2.1,2.6,0.815,0.7,3.5,4.1,3.9,0.8,0.2,2.3,2.8,10.4,96.4,104.8,0.505,0.289,2.7,12.9,29.2,1.6,0.9,19.4,23.8,0.8,0.5,1.2,0.178,12.0,11.2,0.16666666666666663,0.009251101321585905,0.6,6200,4.4,-0.2,4.2,0.185
348,Isaiah Stevens,Colorado St.,MWC,SR,G,34,1182,5.8,12.4,0.468,1.7,4.1,0.421,4.1,8.3,0.491,0.538,2.6,3.1,0.841,0.5,2.7,3.2,6.8,1.2,0.2,2.4,1.7,16.0,114.9,104.2,0.575,0.253,1.7,8.9,38.8,2.1,0.5,15.6,26.0,5.4,1.2,6.6,0.331,19.0,7.8,0.08045977011494254,0.01148404224283797,0.8,6800,6.8,-0.2,6.6,0.223
349,Isaiah Stewart,Washington,P12,FR,C,32,1034,6.0,10.5,0.57,0.2,0.6,0.25,5.8,9.9,0.59,0.577,4.8,6.2,0.774,2.8,6.0,8.8,0.8,0.5,2.1,2.2,3.2,17.0,115.7,92.6,0.629,0.591,10.6,19.4,6.3,0.9,7.0,16.1,24.2,4.5,2.1,6.6,0.057,17.0,16.6,0.6,0.018368794326241136,1.3,6400,6.0,0.4,6.4,0.248
350,Julian Strawther,Gonzaga,WCC,JR,F,36,1123,5.2,11.1,0.468,2.2,5.4,0.405,3.0,5.7,0.527,0.566,2.9,3.6,0.792,0.8,5.5,6.2,1.3,0.8,0.4,1.5,2.6,15.3,117.4,103.5,0.602,0.325,3.0,19.6,6.7,1.4,1.5,12.9,20.6,4.5,0.5,5.0,0.486,16.0,17.5,0.5416666666666666,0.012516696349065005,0.9,7200,6.6,-0.2,6.3999999999999995,0.228
351,Max Strus,DePaul,BE,SR,F,35,1310,6.6,15.5,0.429,3.2,8.9,0.363,3.4,6.6,0.517,0.533,3.7,4.3,0.842,1.1,4.8,5.9,2.2,0.9,0.5,2.0,3.1,20.1,115.8,107.9,0.575,0.281,3.5,14.7,11.3,1.4,1.6,12.7,23.4,4.9,-1.0,3.9,0.574,21.0,12.6,0.49999999999999994,0.011475826972010179,0.8,7000,7.6,-0.5,7.1,0.217
352,Jalen Suggs,Gonzaga,WCC,FR,G,30,868,5.1,10.2,0.502,1.2,3.5,0.337,4.0,6.8,0.586,0.559,2.9,3.8,0.754,0.6,4.7,5.3,4.5,1.9,0.3,2.9,3.6,14.3,110.4,90.2,0.594,0.371,2.7,18.0,23.7,3.5,1.1,21.5,25.3,4.3,4.2,8.5,0.343,17.0,16.3,0.2254901960784313,0.015576714556790454,1.1,6000,4.8,0.4,5.2,0.24
353,Jae'Sean Tate,Ohio St.,B10,SR,F,34,1006,5.0,9.0,0.557,0.3,1.0,0.314,4.7,8.0,0.588,0.575,1.9,3.2,0.591,1.3,4.9,6.2,2.9,1.1,0.6,2.2,4.3,12.3,108.6,96.6,0.582,0.358,5.4,18.9,18.7,2.1,2.2,19.3,22.7,2.6,3.4,6.0,0.111,14.0,16.1,0.37666666666666665,0.012614811133200796,0.9,6800,5.5,0.2,5.7,0.227
354,Jayson Tatum,Duke,ACC,FR,F,29,966,5.7,12.6,0.452,1.4,4.0,0.342,4.3,8.6,0.504,0.507,4.1,4.8,0.849,1.3,6.0,7.3,2.1,1.3,1.1,2.6,3.6,16.8,108.9,96.6,0.566,0.381,4.9,19.7,12.4,2.3,3.2,17.7,25.4,4.0,2.6,6.7,0.317,18.0,17.1,0.48245614035087714,0.015925683774654028,1.1,5800,5.3,0.2,5.5,0.228
355,Jahmyl Telfort,Butler,BE,SR,F,33,1162,5.4,11.5,0.471,1.3,3.6,0.361,4.1,7.9,0.521,0.528,3.9,5.0,0.771,1.0,3.6,4.7,3.4,1.0,0.3,2.2,2.2,16.0,111.9,111.2,0.576,0.437,3.6,11.2,20.2,1.7,0.9,15.4,24.1,3.7,0.6,4.2,0.313,18.0,9.5,0.35185185185185186,0.010397144132083891,0.7,6600,6.5,-0.7,5.8,0.2
356,Garrett Temple,LSU,SEC,SR,,35,1060,2.2,6.0,0.362,0.8,2.7,0.309,1.3,3.3,0.405,0.431,1.9,2.3,0.805,1.3,3.2,4.5,3.8,1.7,0.7,1.9,3.7,7.1,104.4,95.6,0.496,0.39,4.8,11.7,21.3,3.3,2.3,23.4,15.9,0.7,3.1,3.9,0.45,9.0,9.7,-0.1969696969696969,0.009326758147512862,0.7,7000,5.5,0.2,5.7,0.215
357,Dalen Terry,Arizona,P12,SO,F,37,1029,3.1,6.2,0.502,0.8,2.1,0.364,2.4,4.1,0.572,0.563,1.1,1.4,0.736,1.2,3.7,4.8,3.9,1.2,0.3,1.4,3.3,8.0,121.1,93.6,0.584,0.231,5.0,12.8,22.1,2.5,1.1,18.0,15.1,3.1,3.5,6.7,0.339,10.0,10.9,0.037634408602150504,0.011110066146274177,0.8,7400,6.2,0.3,6.5,0.253
358,Adou Thiero,Arkansas,SEC,JR,F,27,743,5.1,9.4,0.545,0.4,1.6,0.256,4.7,7.8,0.605,0.567,4.4,6.5,0.686,1.8,4.0,5.8,1.9,1.6,0.7,1.7,3.7,15.1,116.1,97.9,0.605,0.692,7.7,15.9,14.0,3.4,2.9,13.6,25.9,5.2,3.9,9.1,0.17,16.0,13.4,0.48039215686274506,0.018632729000079166,1.3,5400,4.3,0.1,4.3999999999999995,0.237
359,Klay Thompson,Washington St.,P10,JR,G,34,1179,7.1,16.2,0.436,2.9,7.2,0.398,4.2,9.0,0.466,0.525,4.6,5.4,0.838,0.7,4.5,5.2,3.7,1.6,0.9,3.4,3.4,21.6,107.6,94.8,0.574,0.336,2.6,14.0,25.0,2.8,3.1,17.8,31.9,6.7,2.6,9.3,0.444,24.0,12.5,0.40610328638497645,0.012989642690750097,0.9,6800,6.3,0.3,6.6,0.224
360,Matisse Thybulle,Washington,P12,SR,G,36,1116,3.1,7.5,0.415,1.3,4.2,0.305,1.8,3.3,0.555,0.5,1.6,1.9,0.851,0.8,2.3,3.1,2.1,3.4,2.2,1.8,3.6,9.1,103.2,87.4,0.542,0.248,3.0,9.0,13.5,6.6,8.1,20.5,17.2,2.2,8.4,10.5,0.56,10.0,7.5,0.32795698924731176,0.010161579373337958,0.7,7200,5.8,0.7,6.5,0.233
361,Xavier Tillman,Michigan St.,B10,JR,C,31,995,5.3,9.7,0.55,0.4,1.6,0.26,4.9,8.1,0.608,0.572,2.6,4.0,0.667,2.7,7.6,10.3,3.0,1.2,2.1,2.0,3.3,13.7,116.6,85.6,0.593,0.41,9.9,23.9,18.3,2.1,6.9,16.4,21.6,5.7,5.7,11.5,0.165,15.0,20.2,0.38364779874213834,0.019327770930122314,1.4,6200,5.8,0.7,6.5,0.261
362,Nae'Qwan Tomlin,Memphis,Amer,SR,F,21,560,5.4,9.0,0.601,1.0,2.5,0.396,4.4,6.4,0.681,0.657,2.3,3.0,0.774,2.3,3.7,6.0,0.7,0.8,1.1,1.0,4.7,14.0,132.7,104.8,0.678,0.33,9.6,14.7,5.1,1.6,4.8,11.2,19.4,4.8,0.8,5.6,0.278,14.0,12.7,0.6018518518518519,0.028742559523809528,2.0,4200,3.7,-0.1,3.6,0.257
363,John Tonje,Wisconsin,B10,SR,F,37,1151,5.5,11.9,0.465,2.3,5.9,0.388,3.2,5.9,0.541,0.562,6.2,6.9,0.909,0.8,4.5,5.3,1.8,0.7,0.2,1.8,2.2,19.6,123.8,103.7,0.647,0.579,3.0,15.6,11.9,1.4,0.8,12.9,26.8,8.2,1.8,10.0,0.496,20.0,13.7,0.5030303030303029,0.013064528868177864,0.9,7400,7.1,-0.2,6.8999999999999995,0.24
364,Jacob Toppin,Kentucky,SEC,JR,F,33,1040,4.8,10.3,0.463,0.5,1.8,0.305,4.2,8.5,0.496,0.49,2.3,3.4,0.664,1.9,4.9,6.8,2.2,0.5,0.5,1.5,2.9,12.4,111.0,102.5,0.518,0.331,6.9,18.3,13.5,0.9,1.7,13.6,20.8,2.6,1.3,3.9,0.175,14.0,15.1,0.43749999999999994,0.011313100961538458,0.8,6600,5.8,-0.1,5.7,0.219
365,Obi Toppin,Dayton,A10,SO,F,31,981,7.9,12.5,0.633,1.0,2.6,0.39,6.9,9.8,0.698,0.674,3.2,4.5,0.702,1.2,6.4,7.5,2.2,1.0,1.2,2.2,2.1,20.0,122.5,89.6,0.684,0.364,5.2,22.0,14.5,1.8,4.1,15.4,26.2,8.6,3.3,11.9,0.208,21.0,19.3,0.5274261603375527,0.021288016619569288,1.5,6200,6.0,0.5,6.5,0.265
366,Karl-Anthony Towns,Kentucky,SEC,FR,C,39,824,3.7,6.6,0.566,0.1,0.2,0.25,3.7,6.4,0.577,0.57,2.8,3.4,0.813,2.4,4.3,6.7,1.1,0.5,2.3,1.4,5.6,10.3,122.7,77.3,0.627,0.523,14.1,22.2,11.5,1.4,11.4,16.6,24.2,6.3,6.8,13.1,0.03,11.0,19.3,0.518018018018018,0.017178890055103646,1.2,7800,5.1,0.9,6.0,0.291
367,Gary Trent Jr.,Duke,ACC,FR,F,37,1249,4.8,11.5,0.415,2.6,6.5,0.402,2.2,5.0,0.43,0.528,2.3,2.6,0.876,0.8,3.4,4.2,1.4,1.2,0.1,1.0,2.0,14.5,122.3,101.7,0.567,0.227,2.9,10.3,6.8,2.0,0.4,9.9,17.3,3.9,1.9,5.8,0.565,15.0,8.9,0.5208333333333333,0.009176507872965037,0.6,7400,7.6,-0.1,7.5,0.24
368,Oscar Tshiebwe,Kentucky,SEC,SR,C,32,1073,6.1,10.9,0.56,0.0,0.1,0.0,6.1,10.8,0.564,0.56,4.3,5.9,0.729,5.8,7.9,13.7,1.6,1.6,1.0,2.0,3.5,16.5,122.6,93.8,0.603,0.54,19.5,27.9,9.4,2.9,3.3,14.8,24.5,7.5,2.0,9.5,0.009,17.0,24.3,0.53551912568306,0.021670893618321543,1.5,6400,6.6,0.3,6.8999999999999995,0.257
369,Myles Turner,Texas,B12,FR,C,34,755,3.4,7.6,0.455,0.5,1.8,0.274,2.9,5.7,0.513,0.488,2.8,3.3,0.839,1.3,5.2,6.5,0.6,0.3,2.6,1.4,4.3,10.1,109.4,85.4,0.556,0.436,7.2,24.9,6.2,0.8,12.3,16.6,23.8,3.1,5.5,8.5,0.237,10.0,21.4,0.5784313725490196,0.016727697701597197,1.2,6800,4.1,0.6,4.699999999999999,0.249
370,Hunter Tyson,Clemson,ACC,SR,F,34,1181,5.1,10.6,0.479,2.4,6.0,0.405,2.6,4.5,0.578,0.595,2.7,3.3,0.838,1.3,8.2,9.5,1.5,0.9,0.1,1.0,2.0,15.3,124.0,95.9,0.631,0.309,4.7,26.1,8.3,1.6,0.4,9.1,19.2,5.8,1.8,7.7,0.566,16.0,23.2,0.5196078431372548,0.015281167505105345,1.1,6800,7.3,0.2,7.5,0.254
371,Jaylon Tyson,California,P12,JR,F,31,1065,7.2,15.4,0.465,1.6,4.5,0.36,5.5,10.9,0.509,0.518,3.6,4.6,0.796,1.6,5.1,6.8,3.5,1.2,0.5,3.1,2.5,19.6,107.4,107.0,0.557,0.298,5.2,16.9,23.5,2.0,1.5,17.3,30.0,5.3,0.8,6.1,0.292,21.0,14.1,0.42361111111111105,0.014378586332811683,1.0,6200,5.7,-0.4,5.3,0.199
372,Fred VanVleet,Wichita St.,MVC,SR,G,31,900,3.8,9.8,0.39,1.4,3.6,0.381,2.5,6.2,0.396,0.461,3.2,3.9,0.817,0.4,2.9,3.2,5.5,1.8,0.1,1.7,2.4,12.2,112.7,88.0,0.523,0.393,1.3,11.9,39.6,3.7,0.4,14.6,24.7,4.9,4.8,9.7,0.367,15.0,10.6,-0.05701754385964919,0.0121359649122807,0.8,6200,5.1,0.5,5.6,0.249
373,Jarred Vanderbilt,Kentucky,SEC,FR,C,14,238,2.1,4.9,0.426,0.0,0.1,0.0,2.1,4.8,0.433,0.426,1.7,2.7,0.632,3.3,4.6,7.9,1.0,0.4,0.8,1.1,6.2,5.9,107.3,92.9,0.476,0.559,23.2,27.9,10.7,1.4,5.3,15.7,22.9,3.0,2.1,5.0,0.02,6.0,25.9,0.42857142857142855,0.04080132052821129,2.9,2800,1.3,0.1,1.4000000000000001,0.235
374,Devin Vassell,Florida St.,ACC,SO,F,30,862,4.8,9.8,0.49,1.5,3.5,0.415,3.3,6.3,0.532,0.565,1.6,2.2,0.738,1.3,3.8,5.1,1.6,1.4,1.0,0.8,2.7,12.7,124.8,92.4,0.585,0.221,5.2,15.4,11.2,2.8,4.1,8.1,18.9,6.4,3.7,10.1,0.357,14.0,12.8,0.49999999999999994,0.0156999226604795,1.1,6000,5.4,0.3,5.7,0.265
375,Gabe Vincent,UC Santa Barbara,BW,SR,G,30,874,4.5,10.0,0.45,1.8,4.7,0.373,2.7,5.3,0.519,0.538,2.2,2.7,0.805,0.1,1.8,1.9,3.2,1.1,0.2,1.2,4.0,12.4,116.7,104.8,0.574,0.273,0.4,7.1,20.9,2.2,0.7,11.9,20.8,2.2,0.6,2.8,0.47,15.0,6.7,0.31111111111111106,0.010522501906941265,0.7,6000,5.1,-0.2,4.8999999999999995,0.224
376,Dean Wade,Kansas St.,B12,SR,C,25,761,4.9,9.9,0.492,0.9,2.2,0.418,4.0,7.7,0.513,0.538,2.2,2.8,0.789,2.0,4.1,6.1,2.8,0.8,0.5,1.4,2.7,12.9,116.3,92.5,0.573,0.286,8.0,16.8,21.3,1.7,2.2,12.9,22.6,5.4,3.5,8.9,0.222,14.0,13.9,0.38095238095238093,0.017392528627745447,1.2,5000,4.4,0.3,4.7,0.247
377,Franz Wagner,Michigan,B10,SO,F,28,887,4.4,9.3,0.477,1.2,3.6,0.343,3.2,5.6,0.563,0.544,2.4,2.8,0.835,0.7,5.8,6.5,3.0,1.2,1.0,1.3,2.8,12.5,119.5,91.2,0.587,0.304,2.9,19.6,17.4,2.3,3.2,12.5,19.4,5.2,5.4,10.6,0.387,14.0,17.8,0.32575757575757575,0.016362611458440094,1.1,5600,5.3,0.4,5.7,0.257
378,Moritz Wagner,Michigan,B10,JR,F,38,1050,5.6,10.6,0.526,1.6,4.2,0.392,3.9,6.4,0.612,0.603,1.9,2.8,0.698,1.5,5.7,7.1,0.8,1.0,0.5,1.4,4.5,14.6,114.8,91.4,0.618,0.263,6.5,25.0,6.7,2.2,2.0,13.1,24.6,5.0,3.3,8.3,0.396,15.0,21.1,0.5952380952380952,0.014775510204081629,1.0,7600,6.0,0.5,6.5,0.248
379,Jabari Walker,Colorado,P12,SO,C,33,928,4.8,10.5,0.461,1.1,3.2,0.346,3.8,7.4,0.51,0.513,3.8,4.9,0.784,2.1,7.3,9.4,1.2,0.7,0.7,2.3,3.6,14.6,106.7,92.7,0.57,0.467,8.9,29.3,10.0,1.5,2.6,17.8,27.0,3.3,1.4,4.7,0.305,15.0,24.7,0.5416666666666666,0.016338900862068965,1.1,6600,5.0,0.3,5.3,0.228
380,Jarace Walker,Houston,Amer,FR,F,36,998,4.4,9.4,0.463,1.0,2.8,0.347,3.4,6.6,0.513,0.515,1.5,2.2,0.662,2.3,4.5,6.8,1.8,1.0,1.3,1.5,3.0,11.2,112.3,86.3,0.533,0.236,9.5,18.1,12.4,2.2,6.2,14.9,22.0,4.0,3.7,7.7,0.298,12.0,15.2,0.4621212121212121,0.013065904536345417,0.9,7200,5.6,0.7,6.3,0.253
381,Cason Wallace,Kentucky,SEC,FR,G,32,1026,4.3,9.8,0.446,1.4,4.0,0.346,3.0,5.8,0.514,0.516,1.7,2.2,0.757,0.9,2.8,3.7,4.2,2.0,0.5,2.1,3.0,11.7,112.1,99.2,0.543,0.224,3.3,10.3,24.4,3.7,1.6,19.3,20.3,3.1,3.9,7.0,0.408,14.0,8.6,0.17829457364341078,0.010732014143886848,0.8,6400,5.8,0.0,5.8,0.226
382,Keaton Wallace,UTSA,CUSA,SR,F,22,739,5.8,14.3,0.408,2.2,7.1,0.312,3.6,7.1,0.503,0.486,2.6,3.2,0.803,0.6,4.9,5.5,3.4,1.0,0.3,2.2,2.6,16.8,101.7,105.1,0.52,0.226,1.4,16.9,18.3,1.5,0.7,15.2,24.8,2.6,-0.8,1.8,0.497,18.0,15.2,0.3735632183908046,0.016056180299566052,1.1,4400,3.8,-0.2,3.5999999999999996,0.195
383,Jordan Walsh,Arkansas,SEC,FR,F,36,878,2.6,6.0,0.433,0.6,2.0,0.278,2.1,4.0,0.51,0.479,1.3,1.8,0.712,1.2,2.7,3.9,0.9,1.1,0.5,1.0,4.8,7.1,103.5,97.0,0.513,0.304,5.8,12.9,6.7,2.6,2.0,15.1,15.8,0.0,2.7,2.7,0.333,8.0,10.7,0.49358974358974356,0.008449053793586824,0.6,7200,4.5,0.1,4.6,0.21
384,Ja'Kobe Walter,Baylor,B12,FR,F,34,1099,4.1,11.0,0.377,2.2,6.3,0.346,2.0,4.7,0.419,0.476,4.3,5.4,0.792,1.3,3.1,4.5,1.4,1.1,0.2,1.3,2.6,14.5,115.5,106.4,0.543,0.489,5.5,12.3,8.2,2.0,0.8,11.2,22.1,4.0,0.4,4.4,0.573,15.0,10.3,0.4959349593495934,0.009096406933132113,0.6,6800,6.3,-0.4,5.8999999999999995,0.215
385,Kel'el Ware,Indiana,B10,SO,C,30,963,6.3,10.7,0.588,0.6,1.3,0.425,5.7,9.3,0.611,0.614,2.8,4.5,0.634,2.1,7.8,9.9,1.5,0.6,1.9,1.6,2.5,15.9,117.2,101.2,0.623,0.419,8.0,26.1,9.9,1.1,6.5,12.7,22.1,5.6,2.5,8.1,0.121,17.0,22.3,0.5476190476190476,0.020780794145280123,1.5,6000,5.6,-0.1,5.5,0.228
386,Lindy Waters III,Oklahoma St.,B12,SR,F,31,981,3.6,9.4,0.381,1.3,4.0,0.317,2.3,5.4,0.429,0.448,2.1,2.6,0.825,0.5,3.6,4.2,2.4,1.2,0.1,1.6,2.9,10.5,100.2,97.8,0.497,0.275,1.9,12.8,15.8,2.2,0.3,15.6,19.1,1.1,2.0,3.1,0.426,12.0,11.5,0.3333333333333333,0.008282364933741076,0.6,6200,4.9,0.1,5.0,0.204
387,Trendon Watford,LSU,SEC,SO,F,28,968,6.1,12.6,0.48,0.6,2.0,0.316,5.4,10.6,0.512,0.506,3.5,5.4,0.651,1.7,5.7,7.4,2.9,1.1,0.6,2.6,2.9,16.3,105.6,102.5,0.536,0.429,5.3,16.8,15.6,1.8,2.0,16.9,24.9,3.5,0.7,4.1,0.159,18.0,14.2,0.4289617486338797,0.01425450480964639,1.0,5600,5.1,-0.1,5.0,0.207
388,Jamir Watkins,Florida St.,ACC,SR,F,32,990,5.5,13.0,0.427,1.7,5.2,0.321,3.9,7.8,0.496,0.49,5.7,7.7,0.747,1.0,4.7,5.7,2.4,1.2,0.5,2.7,4.1,18.4,105.7,102.1,0.555,0.59,3.9,16.9,16.3,2.2,2.0,16.3,30.3,3.5,1.0,4.6,0.4,20.0,14.6,0.4484848484848485,0.012198806244260786,0.9,6400,5.2,-0.1,5.1000000000000005,0.206
389,Peyton Watson,UCLA,P12,FR,F,32,405,1.2,3.7,0.322,0.2,1.0,0.226,1.0,2.7,0.356,0.352,0.7,1.0,0.688,0.9,2.0,2.9,0.8,0.6,0.6,0.9,5.0,3.3,83.6,90.7,0.394,0.271,8.1,18.7,10.1,2.8,5.3,21.0,21.2,-3.2,2.9,-0.3,0.27,4.0,15.4,0.33333333333333326,0.009074074074074075,0.6,6400,1.7,0.2,1.9,0.188
390,Jaylen Wells,Washington St.,P12,JR,F,34,994,4.1,9.4,0.436,2.1,4.9,0.417,2.0,4.4,0.457,0.545,2.3,2.8,0.811,1.2,3.4,4.6,1.2,0.5,0.1,0.7,2.5,12.5,125.4,103.1,0.584,0.298,5.0,13.1,7.9,1.1,0.5,7.4,18.9,5.2,1.1,6.3,0.521,13.0,11.0,0.5203252032520325,0.010797099671197918,0.8,6800,6.2,-0.2,6.0,0.241
391,Blake Wesley,Notre Dame,ACC,FR,G,34,998,5.1,12.6,0.401,1.5,5.1,0.302,3.5,7.6,0.467,0.462,2.8,4.1,0.667,0.7,3.0,3.7,2.4,1.3,0.1,2.2,2.6,14.4,94.4,100.4,0.494,0.329,2.9,11.4,17.4,2.6,0.2,15.2,30.7,0.3,0.4,0.7,0.405,16.0,9.8,0.4313725490196078,0.0081515973122716,0.6,6800,4.7,-0.0,4.7,0.188
392,Russell Westbrook,UCLA,P10,SO,,38,1284,4.7,10.1,0.462,0.6,2.0,0.32,4.0,8.1,0.497,0.493,2.8,3.9,0.709,1.6,2.4,3.9,4.3,1.6,0.2,2.5,2.9,12.7,109.0,92.7,0.533,0.386,5.9,8.4,24.0,2.9,0.6,19.9,22.5,3.1,3.5,6.6,0.198,15.0,7.4,0.2092198581560284,0.007886756810499105,0.6,7600,7.0,0.5,7.5,0.234
393,Coby White,North Carolina,ACC,FR,G,35,1000,5.4,12.7,0.423,2.3,6.7,0.352,3.0,6.0,0.502,0.516,3.0,3.7,0.8,0.3,3.2,3.5,4.1,1.1,0.3,2.7,2.7,16.1,108.7,98.1,0.556,0.293,1.3,11.4,24.4,2.0,1.3,19.0,26.1,4.7,2.3,7.0,0.528,18.0,10.5,0.28703703703703703,0.010537037037037037,0.7,7000,5.4,0.1,5.5,0.22
394,Derrick White,Colorado,P12,SR,G,33,1083,6.2,12.1,0.51,1.7,4.3,0.401,4.5,7.8,0.57,0.581,4.2,5.3,0.805,1.0,3.1,4.1,4.4,1.2,1.4,2.4,2.7,18.1,121.1,103.2,0.627,0.435,3.5,10.7,28.3,2.2,4.8,16.6,25.9,8.7,2.9,11.7,0.355,20.0,8.9,0.31182795698924726,0.01418848479432878,1.0,6600,6.6,-0.2,6.3999999999999995,0.236
395,Cam Whitmore,Villanova,BE,FR,F,26,709,4.7,9.8,0.478,1.4,4.2,0.343,3.3,5.7,0.578,0.551,1.7,2.5,0.703,0.8,4.5,5.3,0.7,1.4,0.3,1.6,2.5,12.5,103.6,98.8,0.571,0.251,3.7,20.3,6.4,3.2,1.6,15.1,24.3,3.1,2.1,5.3,0.429,13.0,17.8,0.5921985815602837,0.016310056117396398,1.1,5200,3.7,0.0,3.7,0.209
396,Aaron Wiggins,Maryland,B10,JR,F,30,993,5.3,12.0,0.443,1.8,5.1,0.346,3.5,6.9,0.515,0.517,1.9,2.4,0.767,1.1,4.7,5.8,2.5,1.1,0.5,2.0,2.5,14.5,103.8,99.3,0.542,0.203,4.5,15.9,17.2,2.1,2.0,14.5,24.9,4.1,1.7,5.8,0.425,16.0,13.7,0.43081761006289304,0.012477911417659464,0.9,6000,5.2,0.0,5.2,0.209
397,Andrew Wiggins,Kansas,B12,FR,F,35,1148,5.4,12.1,0.448,1.2,3.6,0.341,4.2,8.5,0.493,0.499,5.0,6.5,0.775,2.2,3.7,5.9,1.5,1.2,1.0,2.3,3.3,17.1,112.3,101.7,0.563,0.538,8.4,12.3,9.2,2.1,3.1,15.9,25.1,5.1,1.8,7.0,0.298,18.0,10.8,0.5277777777777778,0.011507936507936512,0.8,7000,6.4,-0.1,6.300000000000001,0.22
398,Amari Williams,Kentucky,SEC,SR,C,36,819,3.8,6.8,0.561,0.0,0.1,0.25,3.8,6.7,0.566,0.563,3.2,5.1,0.623,2.1,6.4,8.5,3.2,0.6,1.2,2.3,3.9,10.9,111.0,100.5,0.587,0.744,10.3,29.7,24.7,1.4,6.1,20.5,26.9,4.5,4.2,8.7,0.015,12.0,24.9,0.24561403508771923,0.01681768523873787,1.2,7200,4.5,-0.0,4.5,0.22
399,Cody Williams,Colorado,P12,FR,F,24,675,4.5,8.1,0.552,0.7,1.7,0.415,3.8,6.4,0.588,0.595,2.3,3.2,0.714,0.7,2.3,3.0,1.6,0.6,0.7,2.0,2.8,11.9,109.4,105.2,0.62,0.397,3.3,9.2,10.4,1.3,2.4,20.5,20.1,2.0,1.0,2.9,0.21,13.0,7.8,0.4888888888888888,0.013785185185185185,1.0,4800,3.7,-0.2,3.5,0.207
400,Jalen Williams,Santa Clara,WCC,JR,G,33,1149,6.6,12.9,0.513,1.3,3.2,0.396,5.4,9.7,0.551,0.562,3.5,4.3,0.809,0.6,3.8,4.4,4.2,1.2,0.5,2.1,3.0,18.0,116.1,101.6,0.601,0.33,2.0,11.7,22.7,1.9,1.5,13.6,24.9,4.6,0.9,5.5,0.248,20.0,10.4,0.3484848484848484,0.012884721892554789,0.9,6600,6.7,-0.1,6.6000000000000005,0.23
401,Jaylin Williams,Auburn,SEC,SR,F,34,820,4.5,7.8,0.574,1.0,2.5,0.395,3.5,5.3,0.659,0.638,2.5,3.0,0.832,1.1,3.4,4.4,1.9,0.7,0.7,1.1,2.9,12.4,129.9,97.7,0.674,0.381,5.1,14.7,14.8,1.7,2.9,13.3,20.1,6.9,3.1,9.9,0.321,13.0,12.4,0.4555555555555555,0.015746612466124656,1.1,6800,5.3,0.1,5.3999999999999995,0.263
402,Kenrich Williams,TCU,B12,SR,F,32,1153,4.8,10.2,0.475,1.4,3.6,0.391,3.4,6.6,0.521,0.544,2.1,3.0,0.688,2.8,6.5,9.3,3.9,1.8,0.5,2.0,2.8,13.2,117.8,102.3,0.567,0.294,9.7,21.5,18.1,2.8,1.4,16.5,19.5,5.2,2.7,7.9,0.353,15.0,17.9,0.26041666666666663,0.014772604076322639,1.0,6400,6.8,-0.1,6.7,0.232
403,Mark Williams,Duke,ACC,SO,C,39,922,4.9,6.8,0.718,0.0,0.0,0.0,4.9,6.8,0.721,0.718,1.4,2.0,0.727,2.6,4.9,7.5,0.9,0.5,2.8,0.9,3.5,11.2,138.6,92.1,0.724,0.289,13.2,21.4,6.9,1.3,11.3,12.3,18.6,7.8,4.3,12.1,0.0,12.0,18.6,0.5748299319727891,0.01981384744787286,1.4,7800,6.4,0.4,6.800000000000001,0.295
404,Patrick Williams,Florida St.,ACC,FR,F,29,651,3.3,7.2,0.457,0.6,1.7,0.32,2.7,5.4,0.5,0.495,2.1,2.6,0.838,1.3,2.7,4.0,1.0,1.0,1.0,1.7,2.9,9.2,104.2,92.9,0.551,0.356,6.8,13.9,8.4,2.6,5.6,20.2,21.9,1.8,2.7,4.5,0.236,10.0,11.6,0.5151515151515151,0.01331401573337057,0.9,5800,3.4,0.2,3.6,0.221
405,Ziaire Williams,Stanford,P12,FR,F,20,558,3.8,10.2,0.374,1.1,4.0,0.291,2.6,6.2,0.427,0.431,1.9,2.5,0.796,0.5,4.0,4.6,2.2,0.8,0.6,2.9,3.4,10.7,85.0,98.0,0.473,0.241,2.4,16.4,16.4,1.7,2.2,23.2,25.8,-1.6,1.3,-0.3,0.392,12.0,14.8,0.3771929824561403,0.011804376532729673,0.8,4000,2.4,0.1,2.5,0.179
406,Vince Williams Jr.,VCU,A10,SR,F,30,973,4.6,9.6,0.477,2.2,5.6,0.387,2.4,4.0,0.605,0.591,2.8,3.4,0.814,0.9,5.1,6.0,3.0,1.6,1.1,2.9,3.6,14.1,108.2,87.8,0.629,0.355,3.5,17.7,19.6,2.9,3.8,23.0,22.5,4.4,4.3,8.7,0.583,16.0,15.6,0.3405797101449275,0.014616381429018275,1.0,6000,5.3,0.6,5.8999999999999995,0.243
407,Zion Williamson,Duke,ACC,FR,F,33,989,9.0,13.2,0.68,0.7,2.2,0.338,8.2,11.0,0.747,0.708,3.9,6.2,0.64,3.5,5.4,8.9,2.1,2.1,1.8,2.4,2.8,22.6,129.2,86.8,0.702,0.467,12.8,18.0,15.0,3.9,5.8,15.2,28.2,12.8,5.9,18.7,0.167,24.0,16.0,0.5499999999999999,0.025826592517694643,1.8,6600,6.4,0.7,7.1000000000000005,0.287
408,Jalen Wilson,Kansas,B12,JR,F,36,1273,6.9,16.0,0.43,1.9,5.8,0.337,4.9,10.2,0.482,0.49,4.4,5.5,0.799,1.6,6.7,8.2,2.2,0.9,0.5,2.3,2.4,20.1,106.2,96.4,0.54,0.346,5.2,20.8,12.5,1.5,1.4,13.4,28.2,4.6,1.3,5.9,0.362,21.0,17.8,0.5072463768115941,0.012647289866457186,0.9,7200,6.8,0.2,7.0,0.22
409,James Wiseman,Memphis,Amer,FR,C,3,69,6.7,8.7,0.769,0.0,0.3,0.0,6.7,8.3,0.8,0.769,6.3,9.0,0.704,4.3,6.3,10.7,0.3,0.3,3.0,1.0,2.9,19.7,140.6,80.0,0.76,1.038,21.8,26.5,4.4,0.8,13.6,8.8,26.8,11.9,5.3,17.2,0.034,20.0,24.6,0.6442786069651741,0.382046290287692,26.7,600,0.5,0.1,0.6,0.348
410,Danny Wolf,Michigan,B10,JR,C,37,1128,5.0,10.1,0.497,1.0,3.1,0.336,4.0,7.1,0.567,0.548,2.1,3.6,0.594,2.3,7.4,9.7,3.6,0.7,1.4,3.2,2.7,13.2,103.5,94.9,0.559,0.356,9.1,25.0,22.8,1.3,4.6,23.9,25.2,3.8,4.5,8.3,0.307,15.0,21.2,0.30666666666666664,0.013734929078014187,1.0,7400,5.8,0.3,6.1,0.216
411,Jahmir Young,Maryland,B10,SR,G,32,1131,6.2,15.4,0.404,1.8,5.4,0.324,4.5,10.0,0.447,0.46,6.2,6.9,0.9,1.0,3.8,4.9,4.2,1.3,0.3,2.7,1.4,20.4,110.9,99.7,0.546,0.446,3.2,12.9,30.0,2.3,0.9,15.0,30.7,7.0,2.7,9.7,0.351,22.0,10.9,0.32795698924731176,0.011602635406862327,0.8,6400,6.3,0.0,6.3,0.223
412,Trae Young,Oklahoma,B12,FR,G,32,1133,8.2,19.3,0.423,3.7,10.2,0.361,4.5,9.1,0.493,0.519,7.4,8.6,0.861,0.4,3.5,3.9,8.7,1.7,0.2,5.2,2.0,27.4,112.1,106.9,0.586,0.444,1.3,9.9,48.3,2.5,0.7,20.0,38.4,9.4,0.8,10.1,0.528,32.0,9.0,0.13617886178861782,0.01465352076292166,1.0,6400,6.4,-0.4,6.0,0.212
413,Chris Youngblood,Alabama,SEC,SR,F,28,709,3.4,7.7,0.447,2.1,5.4,0.388,1.3,2.2,0.587,0.584,1.3,1.6,0.804,0.9,1.4,2.3,0.9,0.7,0.2,1.1,3.5,10.3,119.3,111.2,0.608,0.214,3.9,5.4,5.6,1.4,0.9,14.2,15.7,3.6,1.4,4.9,0.701,11.0,4.8,0.5343137254901961,0.01044864349124699,0.7,5600,4.2,-0.4,3.8000000000000003,0.214
414,Tristan da Silva,Colorado,P12,SR,F,34,1156,5.8,11.8,0.492,1.9,4.8,0.395,3.9,7.0,0.559,0.573,2.5,3.0,0.835,0.9,4.1,5.1,2.4,1.1,0.6,1.8,2.4,16.0,118.0,102.8,0.606,0.258,3.6,13.7,13.4,2.0,1.7,14.5,21.2,4.6,1.6,6.2,0.407,17.0,11.9,0.45977011494252873,0.012208417849898576,0.9,6800,6.8,-0.2,6.6,0.228
415,Donovan Mitchell,Louisville,ACC,SO,G,34,1098,5.3,13.1,0.408,2.4,6.6,0.354,3.0,6.4,0.463,0.498,2.6,3.2,0.806,1.1,3.8,4.9,2.7,2.1,0.5,1.6,3.2,15.6,114.4,93.2,0.534,0.243,3.7,12.9,16.0,3.7,1.7,12.7,23.3,5.3,4.8,10.1,0.504,17.0,10.8,0.41194968553459116,0.01166357356428498,0.8,6800,6.3,0.4,6.7,0.244
416,Kyle Anderson,UCLA,P12,SO,F,36,1196,5.0,10.5,0.48,0.8,1.6,0.483,4.2,8.9,0.48,0.517,3.8,5.2,0.737,1.2,7.5,8.8,6.5,1.8,0.8,3.1,2.0,14.6,110.6,94.3,0.566,0.493,4.5,25.5,34.3,3.1,2.7,20.2,26.0,6.0,4.0,10.0,0.152,18.0,22.6,0.016666666666666607,0.015083612040133778,1.1,7200,6.6,0.3,6.8999999999999995,0.231
417,Gary Harris,Michigan St.,B10,SO,G,35,1131,5.6,13.0,0.429,2.3,6.6,0.352,3.3,6.4,0.507,0.518,3.3,4.1,0.81,1.1,2.9,4.0,2.7,1.8,0.4,1.7,2.6,16.7,114.4,98.3,0.561,0.312,4.0,10.2,16.8,3.4,1.6,12.7,25.3,6.4,2.9,9.3,0.508,18.0,8.5,0.425595238095238,0.011077033598585324,0.8,7000,6.5,0.1,6.6,0.233
418,Isaiah Jackson,Kentucky,SEC,FR,C,25,516,3.0,5.5,0.54,0.0,0.1,0.0,3.0,5.4,0.548,0.54,2.5,3.6,0.7,2.1,4.5,6.6,0.7,0.8,2.6,1.5,5.8,8.4,108.0,89.6,0.587,0.657,11.3,23.4,7.5,2.1,12.8,19.8,21.3,1.9,5.5,7.4,0.018,9.0,19.6,0.5499999999999999,0.024633397932816537,1.7,5000,2.8,0.3,3.0999999999999996,0.24
419,Cameron Johnson,North Carolina,ACC,SR,F,36,1078,5.9,11.6,0.505,2.7,5.8,0.457,3.2,5.8,0.553,0.62,2.5,3.1,0.818,1.8,3.9,5.8,2.4,1.2,0.3,1.5,2.0,16.9,128.9,97.4,0.647,0.263,6.5,13.4,13.8,2.1,1.1,12.8,20.7,9.0,3.1,12.1,0.5,18.0,11.2,0.46327683615819204,0.014943319392471935,1.0,7200,6.9,0.1,7.0,0.26
420,Jalen Johnson,Duke,ACC,FR,C,13,278,4.4,8.3,0.528,0.6,1.4,0.444,3.8,6.9,0.544,0.565,1.8,2.9,0.632,1.5,4.5,6.0,2.2,1.2,1.2,2.5,4.2,11.2,102.6,94.7,0.579,0.352,7.9,25.3,20.5,3.1,6.0,23.8,28.8,4.0,3.7,7.7,0.169,12.0,21.0,0.41666666666666663,0.043075539568345325,3.0,2600,1.4,0.1,1.5,0.216
421,Isaac Jones,Washington St.,P12,SR,C,35,1113,5.7,9.9,0.575,0.0,0.4,0.071,5.7,9.5,0.596,0.577,3.9,5.5,0.715,2.3,5.3,7.6,1.5,0.5,1.0,1.9,2.6,15.3,117.7,99.3,0.614,0.558,8.5,19.0,9.8,1.0,3.3,15.3,23.6,4.5,2.1,6.7,0.04,16.0,15.8,0.5350877192982456,0.014075282545987612,1.0,7000,6.6,0.0,6.6,0.237
422,Tre Jones,Duke,ACC,SO,G,29,1028,5.6,13.2,0.423,1.3,3.7,0.361,4.2,9.5,0.447,0.474,3.7,4.8,0.771,0.7,3.6,4.2,6.4,1.8,0.3,2.7,2.0,16.2,110.8,93.7,0.524,0.366,2.1,10.8,31.4,2.8,0.9,16.8,24.6,4.6,2.3,6.9,0.28,19.0,9.4,0.09523809523809512,0.012427042801556423,0.9,5800,5.7,0.3,6.0,0.233
423,A.J. Lawson,South Carolina,SEC,SO,F,31,903,4.4,10.5,0.414,1.8,5.4,0.339,2.5,5.1,0.494,0.502,2.9,4.0,0.724,0.5,3.2,3.7,1.9,1.2,0.1,2.0,3.0,13.4,103.1,97.7,0.541,0.377,1.9,12.3,12.4,2.3,0.5,17.0,22.2,2.3,1.3,3.6,0.514,14.0,10.9,0.45075757575757575,0.009603719923487367,0.7,6200,4.7,0.1,4.8,0.213
424,Isaiah Stevens,Colorado St.,MWC,SR,G,34,1182,5.8,12.4,0.468,1.7,4.1,0.421,4.1,8.3,0.491,0.538,2.6,3.1,0.841,0.5,2.7,3.2,6.8,1.2,0.2,2.4,1.7,16.0,114.9,104.2,0.575,0.253,1.7,8.9,38.8,2.1,0.5,15.6,26.0,5.4,1.2,6.6,0.331,19.0,7.8,0.08045977011494254,0.01148404224283797,0.8,6800,6.8,-0.2,6.6,0.223
425,Brandon Williams,Arizona,P12,FR,G,26,731,3.3,8.9,0.377,1.4,4.4,0.316,2.0,4.5,0.436,0.455,3.3,4.0,0.819,0.2,2.6,2.8,3.3,0.8,0.2,1.8,2.8,11.4,105.4,100.9,0.527,0.455,0.8,11.1,23.7,1.7,0.8,16.1,22.9,1.6,1.7,3.3,0.494,13.0,10.4,0.16666666666666663,0.009575923392612855,0.7,5200,3.9,-0.0,3.9,0.213
426,Grant Williams,Tennessee,SEC,JR,F,36,1148,6.4,11.2,0.565,0.4,1.2,0.318,6.0,10.0,0.596,0.583,5.9,7.2,0.818,2.2,5.3,7.5,3.2,1.1,1.5,2.2,3.8,18.8,124.5,97.0,0.647,0.637,8.8,17.4,18.3,2.0,5.3,15.2,27.0,8.1,3.7,11.8,0.107,21.0,14.9,0.41666666666666663,0.01697517421602788,1.2,7200,7.1,0.2,7.3,0.254
427,Jaylin Williams,Arkansas,SEC,SO,C,37,1171,3.8,8.3,0.461,0.5,1.9,0.239,3.4,6.4,0.527,0.489,2.8,3.8,0.729,1.5,8.3,9.8,2.6,1.3,1.1,1.8,3.3,10.9,106.0,88.4,0.538,0.455,5.3,29.3,15.3,2.3,4.0,17.0,18.6,2.2,4.7,6.8,0.229,12.0,25.6,0.3245614035087719,0.013245539125353952,0.9,7400,6.2,0.7,6.9,0.236
