player,player_id,Career_MP,Career_WS,Career_VORP,All_Star_Selections,All_NBA_Selections,OutcomeClass
A.C. Green,greenac01,39044,104.2,17.1,1,0,Superstar
A.J. Bramlett,bramlaj01,61,-0.2,-0.2,0,0,Rotational
A.J. English,engliaj01,3108,1.1,-1.5,0,0,Rotational
A.J. Green,greenaj01,4888,7.1,-0.8,0,0,Rotational
A.J. Guyton,guytoaj01,1246,0.3,-0.2,0,0,Rotational
A.J. Hammons,hammoaj01,163,0,-0.2,0,0,Rotational
A.J. Lawson,lawsoaj01,1239,1.8,-0.4,0,0,Rotational
A.J. Price,priceaj01,4253,5,0.6,0,0,Rotational
A.J. Wynder,wyndeaj01,39,0,0,0,0,Rotational
A.W. Holt,holtaw01,14,-0.1,0,0,0,Rotational
AJ Griffin,griffaj01,1572,1.8000000000000003,0.10000000000000003,0,0,Rotational
AJ Johnson,johnsaj01,2186,-2.5,-3.5,0,0,Rotational
Aaron Brooks,brookaa01,17277,23.3,2.8,0,0,Starter
Aaron Gordon,gordoaa01,23465,52.2,14.1,0,0,All-Star
Aaron Gray,grayaa01,4517,7.1,-1.6,0,0,Rotational
Aaron Harrison,harriaa01,343,-0.2,-0.4,0,0,Rotational
Aaron Henry,henryaa01,17,-0.1,-0.1,0,0,Rotational
Aaron Holiday,holidaa01,9168,12.9,0.20000000000000004,0,0,Rotational
Aaron Jackson,jacksaa01,35,0,-0.1,0,0,Rotational
Aaron James,jamesaa01,7671,13.2,-0.6,0,0,Rotational
Aaron McKie,mckieaa01,22594,44.9,14.3,0,0,Starter
Aaron Miles,milesaa01,118,0,-0.1,0,0,Rotational
Aaron Nesmith,nesmiaa01,7512,11.2,-0.2,0,0,Rotational
Aaron Swinson,swinsaa01,51,0,-0.1,0,0,Rotational
Aaron Wiggins,wiggiaa01,6892,15,1.9,0,0,Rotational
Aaron Williams,williaa01,13669,31.7,0.39999999999999997,0,0,Starter
Abdel Nader,naderab01,2583,2.8,-0.3,0,0,Rotational
Abdul Jeelani,jeelaab01,2394,5.4,1.3,0,0,Rotational
Ace Bailey,baileac01,1988,-0.1,-1.2,0,0,Rotational
Acie Earl,earlac01,3012,0.3,-2.8,0,0,Rotational
Acie Law,lawac01,3345,2.6,-1.5,0,0,Rotational
Adam Flagler,flaglad01,217,-0.3,-0.4,0,0,Rotational
Adam Harrington,harriad01,222,0.1,-0.2,0,0,Rotational
Adam Keefe,keefead01,10334,24.9,1.6,0,0,Starter
Adam Mokoka,mokokad01,168,0.1,-0.2,0,0,Rotational
Adam Morrison,morriad01,3989,-1.4,-3,0,0,Rotational
Adama Sanogo,sanogad01,87,0.2,-0.1,0,0,Rotational
Adama-Alpha Bal,balad01,241,0.3,-0.2,0,0,Rotational
Ade Murkey,murkead01,1,0,0,0,0,Rotational
Adem Bona,bonaad01,2139,5.199999999999999,-0.5,0,0,Rotational
Admiral Schofield,schofad01,1372,1.2,-0.9,0,0,Rotational
Adonal Foyle,foylead01,13122,19,1,0,0,Starter
Adonis Jordan,jordaad01,97,-0.1,-0.1,0,0,Rotational
Adonis Thomas,thomaad01,74,0,0,0,0,Rotational
Adou Thiero,thierad01,149,0.2,-0.1,0,0,Rotational
Adreian Payne,paynead01,2142,-1.1,-2.3,0,0,Rotational
Adrian Branch,brancad01,1429,2.1,0,0,0,Rotational
Adrian Caldwell,caldwad01,2172,1.2,-2,0,0,Rotational
Adrian Dantley,dantlad01,39506,154,49.2,6,5,Superstar
Adrian Griffin,griffad01,8304,16.3,4.4,0,0,Rotational
Adrian Smith,smithad01,20097,34.1,0,1,0,All-Star
Ahmad Caver,caverah01,1,0,0,0,0,Rotational
Ajay Mitchell,mitchaj01,2070,6.3,1.5,0,0,Rotational
Al Attles,attleal01,17826,36.6,0,0,0,Starter
Al Beard,beardal01,118,0.3,0,0,0,Rotational
Al Bianchi,biancal01,13649,8.299999999999999,0,0,1,All-Star
Al Brightman,brighal01,0,0.4,0,0,0,Rotational
Al Butler,butleal01,7071,11.1,0,0,0,Rotational
Al Carlson,carlsal01,279,0.1,-0.2,0,0,Rotational
Al Cervi,cervial01,1151,22,0,0,0,Starter
Al Cueto,cuetoal01,2239,2.2,0,0,0,Rotational
Al Eberhard,eberhal01,4138,5.3,-0.5,0,0,Rotational
Al Ferrari,ferraal01,7582,8.899999999999999,0,0,0,Rotational
Al Fleming,flemial01,97,0,-0.1,0,0,Rotational
Al Guokas,guokaal01,0,-2,0,0,0,Rotational
Al Hairston,hairsal01,294,-0.5,0,0,0,Rotational
Al Harrington,harrial01,33118,50.8,5.4,0,0,All-Star
Al Henry,henryal01,447,0.7,0,0,0,Rotational
Al Horford,horfoal01,36887,119.5,45.300000000000004,5,0,Superstar
Al Jackson,jacksal01,17,-0.1,0,0,0,Rotational
Al Jefferson,jeffeal01,26299,71,21.2,0,1,All-Star
Al Lucas,lucasal01,0,0,0,0,0,Rotational
Al Lujack,lujacal01,0,0,0,0,0,Rotational
Al Masino,masinal01,2135,4,0,0,0,Rotational
Al McGuire,mcguial01,2966,5.4,0,0,0,Rotational
Al Miksis,miksial01,0,0.1,0,0,0,Rotational
Al Negratti,negraal01,0,-0.1,0,0,0,Rotational
Al Roges,rogesal01,2339,0.7,0,0,0,Rotational
Al Salvadori,salvaal01,186,-0.1,0,0,0,Rotational
Al Sanders,sandeal01,25,0.1,0,0,0,Rotational
Al Skinner,skinnal01,9509,16.2,2.7,0,0,Rotational
Al Smith,smithal01,8971,11.1,-0.6,0,0,Rotational
Al Thornton,thornal01,11736,10,-4.3,0,0,Starter
Al Tucker,tuckeal01,10182,15.6,0,0,0,Starter
Al Williams,willial01,70,0,0,0,0,Rotational
Al Wood,woodal01,10869,16.1,1.7,0,0,Starter
Al-Farouq Aminu,aminual01,18132,27.8,6.2,0,0,Starter
Alaa Abdelnaby,abdelal01,5017,7.1,-2.4,0,0,Rotational
Alan Anderson,anderal01,6793,7.2,-0.9,0,0,Rotational
Alan Hardy,hardyal01,421,0,-0.3,0,0,Rotational
Alan Henderson,hendeal01,13780,28.1,0.7000000000000001,0,0,Starter
Alan Ogg,oggal01,686,0.8,-0.5,0,0,Rotational
Alan Sawyer,sawyeal01,0,0.9,0,0,0,Rotational
Alan Williams,willial03,872,2.5000000000000004,0.1,0,0,Rotational
Alando Tucker,tuckeal02,522,0.4,-0.3,0,0,Rotational
Albert King,kingal01,12836,16.4,1.1,0,0,Starter
Alec Burks,burksal01,21917,38.5,7.9,0,0,Starter
Alec Kessler,kesslal01,2937,1.9999999999999998,-2.8,0,0,Rotational
Alec Peters,peteral01,225,0.3,0,0,0,Rotational
Aleem Ford,fordal03,74,-0.2,-0.2,0,0,Rotational
Aleksandar Djordjevic,djordal01,61,0.1,0.1,0,0,Rotational
Aleksandar Radojević,radojal01,152,-0.4,-0.4,0,0,Rotational
Aleksej Pokusevski,pokusal01,3834,0.30000000000000027,-1,0,0,Rotational
Alen Smailagić,smailal01,223,0.2,-0.1,0,0,Rotational
Alex Acker,ackeral01,433,-0.2,-0.3,0,0,Rotational
Alex Antetokounmpo,antetal01,21,0.1,0,0,0,Rotational
Alex Blackwell,blackal01,109,0,-0.1,0,0,Rotational
Alex Bradley,bradlal02,331,0.4,0,0,0,Rotational
Alex Caruso,carusal01,10307,23.1,7.8999999999999995,0,0,Starter
Alex Ducas,ducasal01,125,0.3,0,0,0,Rotational
Alex English,englial01,40464,105.9,39.6,8,6,Superstar
Alex Fudge,fudgeal01,80,0,-0.1,0,0,Rotational
Alex Garcia,garcial01,159,-0.2,0,0,0,Rotational
Alex Groza,grozaal01,0,35.9,0,1,0,All-Star
Alex Hannum,hannual01,9863,14.8,0,0,0,Rotational
Alex Kirk,kirkal01,14,0,0,0,0,Rotational
Alex Len,lenal01,14083,29.8,1.2000000000000002,0,0,Starter
Alex Morales,moralal01,24,-0.1,-0.1,0,0,Rotational
Alex Poythress,poythal01,566,0.9,-0.2,0,0,Rotational
Alex Reese,reeseal01,432,1,0,0,0,Rotational
Alex Sarr,sarral01,3119,1.3,0.30000000000000004,0,0,Rotational
Alex Scales,scaleal01,0,0,0,0,0,Rotational
Alex Stepheson,stephal01,146,0.2,0,0,0,Rotational
Alex Stivrins,stivral01,166,-0.1,-0.2,0,0,Rotational
Alexander Johnson,johnsal01,1302,1.5,-0.9,0,0,Rotational
Alexander Volkov,volkoal01,2453,4.4,1.5,0,0,Rotational
Alexey Shved,shvedal01,4038,5.300000000000001,1.9,0,0,Rotational
Alexis Ajinça,ajincal01,4245,7.9,-0.9,0,0,Rotational
Alfonzo McKinnie,mckinal01,2113,3.1000000000000005,-1.2,0,0,Rotational
Alfredrick Hughes,hugheri01,866,-0.5,-0.8,0,0,Rotational
Alijah Martin,martial01,146,0,-0.1,0,0,Rotational
Alize Johnson,johnsal02,735,1.4,-0.3,0,0,Rotational
Allan Bristow,bristal01,14159,24.7,6.6000000000000005,0,0,Starter
Allan Houston,houstal01,28311,55.2,14.9,2,0,All-Star
Allan Ray,rayal01,710,0.6,-0.1,0,0,Rotational
Allen Crabbe,crabbal01,9778,13.700000000000001,0.3999999999999999,0,0,Rotational
Allen Iverson,iversal01,43303,108.7,53.4,11,8,Superstar
Allen Leavell,leaveal01,16248,29.8,9.8,0,0,Starter
Allen Murphy,murphal01,266,-0.1,-0.3,0,0,Rotational
Allie McGuire,mcguial02,10,0,0,0,0,Rotational
Allonzo Trier,trieral01,1750,1.4,-0.3,0,0,Rotational
Alondes Williams,willial06,126,0.1,0,0,0,Rotational
Alonzo Bradley,bradlal01,1139,-0.2,-0.8,0,0,Rotational
Alonzo Gee,geeal01,10851,11.799999999999999,-0.2,0,0,Starter
Alonzo Mourning,mournal01,26677,90.9,27.5,7,4,Superstar
Alperen Sengun,sengual01,10499,30.5,13.4,2,0,All-Star
Alphonso Ford,fordal01,114,-0.3,-0.2,0,0,Rotational
Alton Ford,fordal02,524,0.8,-0.6,0,0,Rotational
Alton Lister,listeal01,19700,37.5,2.5999999999999996,0,1,All-Star
Alvan Adams,adamsal01,27203,73.4,32.9,1,0,All-Star
Alvin Heggs,heggsal01,14,0.1,0,0,0,Rotational
Alvin Jones,jonesal01,126,0.1,-0.2,0,0,Rotational
Alvin Robertson,roberal01,26675,55.5,29.8,4,1,All-Star
Alvin Scott,scottal01,10853,23.1,6.1,0,0,Starter
Alvin Sims,simsal01,25,-0.1,0,0,0,Rotational
Alvin Williams,willial02,13681,22.900000000000002,4.7,0,0,Starter
Amal McCaskill,mccasam01,968,0.39999999999999997,-0.7,0,0,Rotational
Amar'e Stoudemire,stoudam01,27499,96.1,22.900000000000002,6,5,Superstar
Amari Bailey,baileam01,65,-0.1,-0.1,0,0,Rotational
Amari Williams,william01,146,0.2,0,0,0,Rotational
Amen Thompson,thompam01,6566,22.6,8.1,0,0,Starter
Amida Brimah,brimaam01,29,0,0,0,0,Rotational
Amile Jefferson,jeffeam01,142,0.4,0,0,0,Rotational
Amir Coffey,coffeam01,6933,13.3,-0.1,0,0,Rotational
Amir Johnson,johnsam01,18323,55.3,10.6,0,0,All-Star
Anderson Varejão,varejan01,15583,47.6,8.700000000000001,0,0,Starter
Andersson Garcia,garcian01,169,0.1,-0.2,0,0,Rotational
Andrae Patterson,pattean01,304,0.7999999999999999,0,0,0,Rotational
Andray Blatche,blatcan01,12462,19.3,3.8000000000000003,0,0,Starter
Andre Barrett,barrean01,1584,0.5,-0.4,0,0,Rotational
Andre Brown,brownan01,598,0.30000000000000004,-0.5,0,0,Rotational
Andre Dawkins,dawkian01,22,-0.1,-0.1,0,0,Rotational
Andre Drummond,drumman01,30009,91.5,21.6,2,0,All-Star
Andre Emmett,emmetan01,73,0.1,-0.1,0,0,Rotational
Andre Iguodala,iguodan01,39507,100.5,41.2,1,0,Superstar
Andre Ingram,ingraan01,79,0.1,0,0,0,Rotational
Andre Jackson Jr.,jacksan01,1960,1.7999999999999998,-1,0,0,Rotational
Andre McCarter,mccaran01,1182,1.1,-0.2,0,0,Rotational
Andre Miller,millean02,45930,112,35.6,0,0,Superstar
Andre Moore,moorean01,100,0,-0.1,0,0,Rotational
Andre Owens,owensan01,602,0.2,-0.2,0,0,Rotational
Andre Roberson,roberan03,6801,12.6,2.3,0,0,Rotational
Andre Spencer,spencan01,1542,2.8,0.30000000000000004,0,0,Rotational
Andre Turner,turnean01,2638,1.4999999999999998,-0.3,0,0,Rotational
Andre Wakefield,wakefan01,1219,-2,-1.7,0,0,Rotational
Andrea Bargnani,bargnan01,15806,18.8,1.5,0,0,Starter
Andreas Glyniadakis,glynian01,81,-0.2,-0.2,0,0,Rotational
Andrei Kirilenko,kirilan01,23916,75.39999999999999,41.7,1,1,All-Star
Andrew Bogut,bogutan01,20445,51.2,15.9,0,0,All-Star
Andrew Bynum,bynuman01,11206,37.8,9.200000000000001,1,0,All-Star
Andrew DeClercq,declean01,10949,22.5,-2.3,0,0,Starter
Andrew Funk,funkan01,13,-0.1,0,0,0,Rotational
Andrew Gaze,gazean01,128,0.1,0,0,0,Rotational
Andrew Goudelock,goudean01,475,0.1,-0.3,0,0,Rotational
Andrew Harrison,harrian01,3174,3.1,-0.8,0,0,Rotational
Andrew Lang,langan01,17709,30.9,-0.3,0,0,Starter
Andrew Levane,levanan01,68,0.8000000000000002,0,0,0,Rotational
Andrew Nembhard,nembhan01,7437,8.799999999999999,-0.2,0,0,Rotational
Andrew Nicholson,nichoan01,4422,3.7,-1.9,0,0,Rotational
Andrew Toney,toneyan01,12608,26.9,4.6,2,1,All-Star
Andrew White,whitean01,209,-0.1,-0.2,0,0,Rotational
Andrew Wiggins,wiggian01,31650,43.6,8.2,1,0,All-Star
Andris Biedriņš,biedran01,11146,30.8,4.5,0,0,Starter
Andrés Guibert,guibean01,200,-0.3,-0.3,0,0,Rotational
Andrés Nocioni,nocioan01,14004,24.6,3.4,0,0,Starter
Andy Anderson,anderan01,7678,7.5,0,0,0,Rotational
Andy Duncan,duncaan01,0,6.800000000000001,0,0,0,Rotational
Andy Johnson,johnsan01,6772,8,0,0,0,Rotational
Andy Kostecka,kostean01,0,1.7,0,0,0,Rotational
Andy O'Donnell,odonnan01,0,0.3,0,0,0,Rotational
Andy Panko,pankoan01,1,0,0,0,0,Rotational
Andy Phillip,phillan01,18068,67.9,0,5,0,All-Star
Andy Rautins,rautian01,24,-0.2,-0.1,0,0,Rotational
Andy Tonkovich,tonkoan01,0,-0.4,0,0,0,Rotational
Andy Toolson,toolsan01,523,0.6,-0.2,0,0,Rotational
Andy Walker,walkean01,438,0.7,0.1,0,0,Rotational
Anfernee Hardaway,hardaan01,25806,64,27,4,3,Superstar
Anfernee Simons,simonan01,13164,18.6,3.6,0,0,Starter
Angelo Musi,musian01,0,5.9,0,0,0,Rotational
Ansley Truitt,truitan01,86,-0.1,0,0,0,Rotational
Ansu Sesay,sesayan01,1301,1.4,-0.4,0,0,Rotational
Antawn Jamison,jamisan01,40044,93.7,25.7,2,1,All-Star
Ante Žižić,zizican01,1517,3.5,-0.2,0,0,Rotational
Anthony Avent,aventan01,8100,0.7999999999999999,-7.4,0,0,Rotational
Anthony Bennett,bennean01,1905,0.5,-1.3,0,0,Rotational
Anthony Black,blackan01,4961,6.6,0.39999999999999997,0,0,Rotational
Anthony Bonner,bonnean01,7372,10.6,0.10000000000000009,0,0,Rotational
Anthony Bowie,bowiean01,8349,12.2,1.2999999999999998,0,0,Rotational
Anthony Brown,brownan02,921,-0.3,-0.7,0,0,Rotational
Anthony Carter,cartean01,12647,10.7,-0.1,0,0,Starter
Anthony Cook,cookan01,1702,1.2000000000000002,-0.8,0,0,Rotational
Anthony Davis,davisan02,29447,126.7,58,10,4,Superstar
Anthony Edwards,edwaran01,15400,31.3,15.8,4,2,All-Star
Anthony Frederick,fredean01,1640,0.7,-0.2,0,0,Rotational
Anthony Gill,gillan01,3119,5.8999999999999995,-1,0,0,Rotational
Anthony Goldwire,goldwan01,6846,9.5,0.8,0,0,Rotational
Anthony Grundy,grundan01,108,0.2,0,0,0,Rotational
Anthony Johnson,johnsan02,19532,26.5,1.1000000000000003,0,0,Starter
Anthony Jones,jonesan01,2758,1.6,-0.2,0,0,Rotational
Anthony Lamb,lamban01,1618,2.6,-0.1,0,0,Rotational
Anthony Mason,masonan01,30605,88.5,23.1,1,2,All-Star
Anthony Miller,millean01,1648,3.7,-0.1,0,0,Rotational
Anthony Morrow,morroan01,13377,24.9,4.3,0,0,Starter
Anthony Parker,parkean01,13752,24.5,6,0,0,Starter
Anthony Peeler,peelean01,21657,33.5,7.7,0,0,Starter
Anthony Pullard,pullaan01,37,-0.1,-0.1,0,0,Rotational
Anthony Randolph,randoan01,4431,6.300000000000001,0.5,0,0,Rotational
Anthony Roberson,roberan02,867,0.7,0.1,0,0,Rotational
Anthony Roberts,roberan01,3867,3.3,-2.3,0,0,Rotational
Anthony Taylor,tayloan01,368,0.2,0,0,0,Rotational
Anthony Tolliver,tollian01,17928,31.7,3.2,0,0,Starter
Anthony Tucker,tuckean01,982,0.6,-0.3,0,0,Rotational
Antoine Carr,carran01,21507,45.5,4.6,0,0,Starter
Antoine Rigaudeau,rigauan01,91,-0.4,-0.3,0,0,Rotational
Antoine Walker,walkean02,34486,39.1,19.3,3,1,All-Star
Antoine Wright,wrighan01,6946,3.8,-2.7,0,0,Rotational
Anton Watson,watsoan02,22,0,0,0,0,Rotational
Antonio Anderson,anderan02,15,0,0,0,0,Rotational
Antonio Blakeney,blakean01,1143,-0.5,-1,0,0,Rotational
Antonio Burks,burksan01,789,0.1,-0.6,0,0,Rotational
Antonio Daniels,daniean01,20692,48.5,10,0,0,Starter
Antonio Davis,davisan01,29594,63.8,3.8000000000000003,1,0,All-Star
Antonio Harvey,harvean01,2775,5.551115123125783e-17,-2.2,0,0,Rotational
Antonio Lang,langan02,1433,1.7,-0.6,0,0,Rotational
Antonio McDyess,mcdyean01,28980,71,12.899999999999999,1,0,All-Star
Antonio Reeves,reevean01,728,0.6000000000000001,-0.1,0,0,Rotational
Antonis Fotsis,fotsian01,320,0.1,-0.1,0,0,Rotational
Antonius Cleveland,clevean01,292,-0.1,-0.3,0,0,Rotational
Anžejs Pasečņiks,pasecan01,443,0.4,-0.5,0,0,Rotational
Archie Clark,clarkar01,26866,75.8,2.4,2,1,All-Star
Archie Dees,deesar01,3380,6.1000000000000005,0,0,0,Rotational
Archie Goodwin,goodwar01,2610,1.9,-0.5,0,0,Rotational
Ariel Hukporti,hukpoar01,715,1.3,-0.2,0,0,Rotational
Ariel Maughan,maughar01,0,5.2,0,0,0,Rotational
Arinze Onuaku,onuakar01,156,0.3,0.1,0,0,Rotational
Armand Cure,curear01,0,0,0,0,0,Rotational
Armel Traoré,armeltr01,67,-0.1,-0.1,0,0,Rotational
Armen Gilliam,gilliar01,31491,67.3,9.6,0,0,All-Star
Armon Johnson,johnsar02,525,-0.1,-0.2,0,0,Rotational
Armond Hill,hillar01,14246,11.8,-2,0,0,Starter
Armoni Brooks,brookar01,2312,0.7,-1.1,0,0,Rotational
Arnett Moultrie,moultar01,729,1.7,-0.2,0,0,Rotational
Arnie Ferrin,ferriar01,0,7.6,0,0,0,Rotational
Arnie Johnson,johnsar01,4142,39.2,0,0,0,Starter
Arnie Risen,risenar01,12690,55.9,0,4,0,All-Star
Arnoldas Kulboka,kulboar01,5,0,0,0,0,Rotational
Aron Baynes,baynear01,8370,20.2,-0.8,0,0,Starter
Arron Afflalo,afflaar01,23331,36.2,2.1,0,0,Starter
Art Becker,beckear01,12293,32.8,0,2,0,All-Star
Art Burris,burriar01,1028,-1.9,0,0,0,Rotational
Art Collins,colliar01,395,-0.4,-0.4,0,0,Rotational
Art Harris,harriar01,6759,-3.2,0,0,0,Rotational
Art Heyman,heymaar01,11231,28.2,0,1,0,All-Star
Art Hillhouse,hillhar01,0,6.1000000000000005,0,0,0,Rotational
Art Long,longar01,1431,0.6,-1.3,0,0,Rotational
Art Spector,spectar01,0,2.8,0,0,0,Rotational
Art Spoelstra,spoelar01,6553,10.1,0,0,0,Rotational
Art Stolkey,stolkar01,0,1.6,0,0,0,Rotational
Art Williams,williar01,9418,17.7,0.3,0,0,Rotational
Artis Gilmore,gilmoar01,48027,190.7,50.8,11,4,Superstar
Arvesta Kelly,kellyar01,4187,6.000000000000001,0,0,0,Rotational
Arvid Kramer,kramear01,45,-0.1,-0.1,0,0,Rotational
Arvydas Macijauskas,macijar01,135,0,-0.1,0,0,Rotational
Arvydas Sabonis,sabonar01,11375,47.1,18.4,0,1,All-Star
Asa Newell,newelas01,500,1.2,0.1,0,0,Rotational
Ashraf Amaya,amayaas01,1248,1.9000000000000001,-1,0,0,Rotational
Ashton Hagans,haganas01,320,0,-0.1,0,0,Rotational
Askia Jones,jonesas01,139,-0.1,-0.2,0,0,Rotational
Aubrey Davis,davisau01,0,3.9,0,0,0,Rotational
Aud Brindley,brindau01,0,0.2,0,0,0,Rotational
Audie Norris,norriau01,2585,2.9,-1.1,0,0,Rotational
Aulcie Perry,perryau01,415,0.1,-0.1,0,0,Rotational
Ausar Thompson,thompau01,4807,11.3,3.5,0,0,Rotational
Austin Carr,carrau01,20317,32.7,4.6,1,0,All-Star
Austin Croshere,croshau01,11580,27.7,5.6,0,0,Starter
Austin Daye,dayeau01,5300,6.4,0.19999999999999998,0,0,Rotational
Austin Reaves,reaveau01,10202,27.4,7.5,0,0,Starter
Austin Rivers,riverau01,21294,19.2,-5.9,0,0,Starter
Avery Bradley,bradlav01,22091,17.3,-3.9,0,0,Starter
Avery Johnson,johnsav01,30161,62.5,15,0,0,All-Star
Awvee Storey,storeaw01,407,0.30000000000000004,-0.3,0,0,Rotational
Axel Toupane,toupaax01,460,0.6,-0.3,0,0,Rotational
Ayo Dosunmu,dosunay01,11576,22.3,3.4,0,0,Starter
B.J. Armstrong,armstbj01,18979,48,8.5,1,0,All-Star
B.J. Johnson,johnsbj01,246,0.2,-0.1,0,0,Rotational
B.J. Tyler,tylerbj01,809,-0.7,-0.6,0,0,Rotational
Bailey Howell,howelba01,30627,114.7,0,6,1,Superstar
Bam Adebayo,adebaba01,19719,64,22.2,3,0,All-Star
Barney Cable,cableba01,10596,9.2,0,0,0,Starter
Baron Davis,davisba01,31822,70.3,37.1,2,2,All-Star
Barry Clemens,clemeba01,12585,18.7,0.7,0,0,Starter
Barry Kramer,krameba01,1070,0.29999999999999993,0,0,0,Rotational
Barry Leibowitz,leiboba01,4336,3,0,0,0,Rotational
Barry Nelson,nelsoba01,102,0.1,0,0,0,Rotational
Barry Orms,ormsba01,5098,-1,0,0,0,Rotational
Barry Parkhill,parkhba01,3116,-2.9,-3.2,0,0,Rotational
Barry Stevens,steveba01,6,0,0,0,0,Rotational
Barry Sumpter,sumptba01,1,0,0,0,0,Rotational
Barry Yates,yatesba01,144,-0.2,0,0,0,Rotational
Bart Kofoed,kofoeba01,702,0,-0.5,0,0,Rotational
Bato Govedarica,govedba01,258,0.2,0,0,0,Rotational
Bayard Forrest,forreba01,2130,2.5999999999999996,0.7,0,0,Rotational
Baylor Scheierman,scheiba01,1813,4.5,0.9,0,0,Rotational
Belus Smawley,smawlbe01,139,28.4,0,0,0,Starter
Ben Bentil,bentibe01,10,-0.1,-0.1,0,0,Rotational
Ben Clyde,clydebe01,157,0.2,-0.1,0,0,Rotational
Ben Coleman,colembe01,5110,6.9,-1.6,0,0,Rotational
Ben Davis,davisbe01,154,0.2,-0.1,0,0,Rotational
Ben Gillery,gillebe01,84,0,-0.2,0,0,Rotational
Ben Goldfaden,goldfbe01,0,0,0,0,0,Rotational
Ben Gordon,gordobe01,20366,33.4,8.7,0,0,Starter
Ben Handlogten,handlbe01,469,0.8999999999999999,-0.2,0,0,Rotational
Ben Hansbrough,hansbbe01,200,0.2,-0.1,0,0,Rotational
Ben Kelso,kelsobe01,298,0,-0.2,0,0,Rotational
Ben McDonald,mcdonbe01,3692,2.5,-2,0,0,Rotational
Ben McLemore,mclembe01,13439,9.299999999999999,-3.8,0,0,Starter
Ben Moore,moorebe01,9,0,0,0,0,Rotational
Ben Poquette,poquebe01,16367,31.6,5.4,0,0,Starter
Ben Saraf,sarafbe01,916,-1.1,-1.2,0,0,Rotational
Ben Schadler,schadbe01,0,-0.5,0,0,0,Rotational
Ben Scharnus,scharbe01,0,-0.1,0,0,0,Rotational
Ben Sheppard,sheppbe01,3432,4.3,-0.7,0,0,Rotational
Ben Simmons,simmobe01,13030,37.1,15.299999999999999,3,1,All-Star
Ben Uzoh,uzohbe01,1178,0.9,0.4,0,0,Rotational
Ben Wallace,wallabe01,34290,97.1,37.4,4,3,Superstar
Ben Warley,warlebe01,9077,17.2,0,1,0,All-Star
Bennedict Mathurin,mathube01,9149,10.4,-2.5,0,0,Rotational
Bennie Swain,swainbe01,708,1.9,0,0,0,Rotational
Beno Udrih,udrihbe01,20992,34.9,4.7,0,0,Starter
Benoit Benjamin,benjabe01,26797,38.8,4.6000000000000005,0,0,Starter
Bernard James,jamesbe01,761,1.7999999999999998,0,0,0,Rotational
Bernard King,kingbe01,29417,75.2,27,4,6,Superstar
Bernard Robinson,robinbe01,2187,2.1,0,0,0,Rotational
Bernard Thompson,thompbe01,2935,3.3000000000000003,-0.6,0,0,Rotational
Bernard Toone,toonebe01,124,-0.1,-0.1,0,0,Rotational
Bernie Fryer,fryerbe01,2370,2,-0.3,0,0,Rotational
Bernie Harris,harribe01,25,-0.1,-0.1,0,0,Rotational
Bernie Williams,willibe01,5167,1.6000000000000003,-0.1,0,0,Rotational
Bert Cook,cookbe01,424,0,0,0,0,Rotational
Bevo Nordmann,nordmbe01,2887,3.6999999999999997,0,0,0,Rotational
Bez Mbeng,mbengbe01,492,0.5,-0.4,0,0,Rotational
Bilal Coulibaly,coulibi01,5131,1.7,-1.8,0,0,Rotational
Bill Allen,allenbi01,857,0.6,0,0,0,Rotational
Bill Bolger,bolgebi01,202,0.2,0,0,0,Rotational
Bill Bradley,bradlbi01,22799,38.800000000000004,-0.5,1,1,All-Star
Bill Bradley,bradlbi02,521,-0.4,0,0,0,Rotational
Bill Bridges,bridgbi01,36916,73.2,-0.2,3,1,All-Star
Bill Buntin,buntibi01,713,0.9,0,0,0,Rotational
Bill Bunting,buntibi02,3062,4.7,0,0,0,Rotational
Bill Calhoun,calhobi01,10369,22.4,0,0,0,Starter
Bill Cartwright,cartwbi01,27491,72.8,9.8,1,0,All-Star
Bill Chamberlain,chambbi01,1697,0.7,0.1,0,0,Rotational
Bill Closs,clossbi01,1120,7.2,0,0,0,Rotational
Bill Crow,crowbi01,16,-0.2,0,0,0,Rotational
Bill Curley,curlebi01,2115,1.7999999999999998,-2,0,0,Rotational
Bill Davis,davisbi01,0,0.2,0,0,0,Rotational
Bill Dinwiddie,dinwibi01,2760,-2.2,0,0,0,Rotational
Bill Downey,downebi01,0,-0.1,0,0,0,Rotational
Bill Ebben,ebbenbi01,50,-0.2,0,0,0,Rotational
Bill Edwards,edwarbi01,44,-0.3,-0.1,0,0,Rotational
Bill Franklin,frankwi01,1264,0.19999999999999998,-0.2,0,0,Rotational
Bill Gabor,gaborbi01,3680,11.2,0,1,0,All-Star
Bill Gaines,gainebi01,5,0,0,0,0,Rotational
Bill Garner,garnebi01,514,-0.7,0,0,0,Rotational
Bill Garnett,garnebi02,5260,10.9,1.6,0,0,Rotational
Bill Hanzlik,hanzlbi01,15534,24.7,2.1999999999999997,0,0,Starter
Bill Henry,henrybi01,0,7.9,0,0,0,Rotational
Bill Herman,hermabi01,0,0.1,0,0,0,Rotational
Bill Hewitt,hewitbi01,8740,5,0.1,0,0,Rotational
Bill Higgins,higgibi01,348,-0.6,-0.4,0,0,Rotational
Bill Hosket,hoskebi01,1395,3.1,0,0,0,Rotational
Bill Jones,jonesbi01,307,0.6,0.1,0,0,Rotational
Bill Keller,kellebi01,13609,30.3,3,0,0,Starter
Bill Laimbeer,laimbbi01,35785,110.3,29.7,4,1,Superstar
Bill Ligon,ligonbi01,272,-0.2,-0.2,0,0,Rotational
Bill Martin,martibi01,860,0.29999999999999993,-0.5,0,0,Rotational
Bill Mayfield,mayfibi01,54,0,-0.1,0,0,Rotational
Bill Melchionni,melchbi01,16787,28.9,1,3,0,All-Star
Bill Meyer,meyerbi01,45,0.1,0,0,0,Rotational
Bill Miller,millebi01,0,0,0,0,0,Rotational
Bill Mlkvy,mlkvybi01,608,-1,0,0,0,Rotational
Bill Newton,newtobi01,190,0.1,-0.1,0,0,Rotational
Bill Roberts,roberbi01,0,1.5999999999999999,0,0,0,Rotational
Bill Robinzine,robinbi01,13448,25.6,0.4000000000000001,0,0,Starter
Bill Russell,russebi01,40726,163.4,0,12,12,Superstar
Bill Sharman,sharmbi01,21793,82.8,0,8,2,All-Star
Bill Smith,smithbi01,83,-0.2,0,0,0,Rotational
Bill Stricker,stricbi01,2,0,0,0,0,Rotational
Bill Thieben,thiebbi01,876,-0.5,0,0,0,Rotational
Bill Tosheff,toshebi01,6339,5.1,0,0,0,Rotational
Bill Turner,turnebi01,5355,5.7,0,0,0,Rotational
Bill Walton,waltobi01,13250,39.3,21.4,2,3,Superstar
Bill Wennington,wennibi01,9740,17.6,-4.4,0,0,Rotational
Bill Willoughby,willobi01,9793,14.5,0.8999999999999999,0,0,Rotational
Bill Zopf,zopfbi01,398,-0.1,0,0,0,Rotational
Billy Cunningham,cunnibi01,26844,78.5,5.1,5,4,Superstar
Billy DeAngelis,deangbi01,47,0.1,0,0,0,Rotational
Billy Donovan,donovbi01,364,-0.1,-0.2,0,0,Rotational
Billy Evans,evansbi01,602,0.4,0,0,0,Rotational
Billy Garrett,garrebi01,63,0,-0.1,0,0,Rotational
Billy Harris,harribi01,1221,-0.4,-0.8,0,0,Rotational
Billy Hassett,hassebi01,0,3.4000000000000004,0,0,0,Rotational
Billy James,jamesbi01,10,0,0,0,0,Rotational
Billy Kenville,kenvibi01,6778,13.7,0,0,0,Rotational
Billy Knight,knighbi01,26641,68,19.5,3,0,All-Star
Billy McGill,mcgilbi01,7844,24.5,0,0,0,Starter
Billy McKinney,mckinbi01,11355,19.1,1.9,0,0,Starter
Billy Owens,owensbi01,20906,33,8.8,0,0,Starter
Billy Paultz,paultbi01,33405,74.9,16.5,4,0,All-Star
Billy Ray Bates,batesbi01,3632,6.8,2,0,0,Rotational
Billy Reid,reidbi01,597,-0.6,-0.5,0,0,Rotational
Billy Schaeffer,schaebi01,2425,4,-0.1,0,0,Rotational
Billy Shepherd,shephbi01,3121,2.7,1.1,0,0,Rotational
Billy Thomas,thomabi01,571,0.30000000000000004,-0.2,0,0,Rotational
Billy Thompson,thompbi01,6697,9.6,1.2,0,0,Rotational
Bimbo Coles,colesbi01,23625,32.5,2.4999999999999996,0,0,Starter
Bingo Smith,smithbi02,24530,35.4,2.8000000000000003,0,0,Starter
Bird Averitt,averibi01,9248,3.3000000000000003,-2.6,0,0,Rotational
Bismack Biyombo,biyombi01,17844,34.5,-3,0,0,Starter
Bison Dele,delebi01,10004,22.6,3.5,0,0,Starter
Blackie Towery,towerbl01,0,5.800000000000001,0,0,0,Rotational
Blaine Denning,dennibl01,9,0,0,0,0,Rotational
Blair Rasmussen,rasmubl01,11409,19.1,-3.4,0,0,Starter
Blake Ahearn,ahearbl01,226,-0.1,-0.2,0,0,Rotational
Blake Griffin,griffbl01,27540,87.9,35.7,6,3,Superstar
Blake Hinson,hinsobl01,285,0.7,0.1,0,0,Rotational
Blake Wesley,weslebl01,2589,-0.2,-2.2,0,0,Rotational
Blue Edwards,edwarbl01,19521,25.4,1.8,0,0,Starter
Bo Ellis,ellisbo02,1984,2.5,-0.3,0,0,Rotational
Bo Erias,eriasbo01,401,-0.1,0,0,0,Rotational
Bo Kimble,kimblbo01,1336,0.1,-1.2,0,0,Rotational
Bo Lamar,lamarbo01,9166,6.5,1.6,0,0,Rotational
Bo Outlaw,outlabo01,22668,54.4,21.4,0,0,All-Star
Bob Allen,allenbo01,232,0.1,0,0,0,Rotational
Bob Anderegg,anderbo01,373,0,0,0,0,Rotational
Bob Armstrong,armstbo01,110,-0.1,0,0,0,Rotational
Bob Arnzen,arnzebo01,952,1.5,0,0,0,Rotational
Bob Bedell,bedelbo01,4477,5.5,0,0,0,Rotational
Bob Bigelow,bigelbo01,786,0.30000000000000004,-0.3,0,0,Rotational
Bob Boozer,boozebo01,27928,67,0,1,0,All-Star
Bob Brannum,brannbo01,6576,5.5,0,0,0,Rotational
Bob Brown,brownbo01,0,1.6,0,0,0,Rotational
Bob Burrow,burrobo01,1199,1.9,0,0,0,Rotational
Bob Carney,carnebo01,244,0.3,0,0,0,Rotational
Bob Carpenter,carpebo01,0,8.8,0,0,0,Rotational
Bob Carrington,carribo01,3440,2.7,-1,0,0,Rotational
Bob Christian,chrisbo01,3034,5.7,0,0,0,Rotational
Bob Cluggish,cluggbo01,0,1.1,0,0,0,Rotational
Bob Cousy,cousybo01,30165,91,0,13,8,Superstar
Bob Dandridge,dandrbo01,29502,80.2,15.3,4,2,All-Star
Bob Davies,daviebo01,8617,49.8,0,4,0,All-Star
Bob Davis,davisbo01,41,-0.3,0,0,0,Rotational
Bob Dille,dillebo01,0,-0.9,0,0,0,Rotational
Bob Doll,dollbo01,0,10.2,0,0,0,Rotational
Bob Donham,donhabo01,4866,17.9,0,0,0,Rotational
Bob Duffy,duffybo01,0,0,0,0,0,Rotational
Bob Duffy,duffybo02,1785,0.8999999999999999,0,0,0,Rotational
Bob Elliott,elliobo01,2324,3.1,-0.1,0,0,Rotational
Bob Evans,evansbo01,0,-0.3,0,0,0,Rotational
Bob Faught,faughbo01,0,1.7,0,0,0,Rotational
Bob Feerick,feeribo01,0,41.6,0,0,0,Starter
Bob Ferry,ferrybo01,12828,20.1,0,0,0,Starter
Bob Fitzgerald,fitzgbo01,0,-0.2,0,0,0,Rotational
Bob Ford,fordbo01,74,-0.1,0,0,0,Rotational
Bob Gantt,ganttbo01,0,1.3,0,0,0,Rotational
Bob Greacen,greacbo01,355,-0.1,0,0,0,Rotational
Bob Gross,grossbo01,12575,30.6,12.299999999999999,0,0,Starter
Bob Hansen,hansebo01,11913,16.3,-1.6,0,0,Starter
Bob Harris,harribo01,5768,16.6,0,0,0,Rotational
Bob Harrison,harribo02,16179,16.8,0,1,0,All-Star
Bob Hogsett,hogsebo01,141,0,0,0,0,Rotational
Bob Hopkins,hopkibo01,5122,9.5,0,0,0,Rotational
Bob Houbregs,houbrbo01,10021,21.5,0,0,0,Starter
Bob Hubbard,hubbabo01,0,-1,0,0,0,Rotational
Bob Kauffman,kauffbo01,13568,31.5,0.4,3,0,All-Star
Bob Kinney,kinnebo01,0,12,0,0,0,Rotational
Bob Knight,knighbo01,29,0.1,0,0,0,Rotational
Bob Lackey,lackebo01,1200,-0.1,0,0,0,Rotational
Bob Lanier,laniebo01,34234,124.6,42.199999999999996,8,7,Superstar
Bob Lavoy,lavoybo01,6710,19.4,0,0,0,Rotational
Bob Lochmueller,lochmbo01,802,0.5,0,0,0,Rotational
Bob Love,lovebo01,26836,52.199999999999996,-0.3,3,6,Superstar
Bob Martin,martibo01,549,0.3,-0.5,0,0,Rotational
Bob McAdoo,mcadobo01,33677,104.6,33.4,5,4,Superstar
Bob McCann,mccanbo01,2385,2.1,-1,0,0,Rotational
Bob McIntyre,mcintbo01,545,-0.2,0,0,0,Rotational
Bob McNeill,mcneibo01,2269,2.5999999999999996,0,0,0,Rotational
Bob Miller,millebo01,8,0.1,0,0,0,Rotational
Bob Mullens,mullebo01,0,4.1,0,0,0,Rotational
Bob Naber,naberbo01,11,-0.1,0,0,0,Rotational
Bob Nash,nashbo01,2732,2.4000000000000004,-0.2,0,0,Rotational
Bob Netolicky,netolbo01,22199,52.2,2,4,0,All-Star
Bob O'Brien,obriebo01,0,-0.4,0,0,0,Rotational
Bob Peterson,peterbo01,1402,1.6,0,0,0,Rotational
Bob Pettit,pettibo01,30690,136.1,0,11,9,Superstar
Bob Portman,portmbo01,2937,4.4,0,0,0,Rotational
Bob Priddy,priddbo01,149,0,0,0,0,Rotational
Bob Quick,quickbo01,2289,4.9,0,0,0,Rotational
Bob Rensberger,rensbro01,0,-0.1,0,0,0,Rotational
Bob Riedy,riedybo01,331,0,0,0,0,Rotational
Bob Riley,rileybo01,39,0,0,0,0,Rotational
Bob Royer,royerbo01,0,0,0,0,0,Rotational
Bob Rule,rulebo01,14544,25.3,-0.2,1,0,All-Star
Bob Santini,santibo01,23,0.1,0,0,0,Rotational
Bob Schafer,schafbo01,1323,-1.3,0,0,0,Rotational
Bob Shea,sheabo01,0,-0.4,0,0,0,Rotational
Bob Sims,simsbo01,2709,0.8,0,0,0,Rotational
Bob Sura,surabo01,17260,32.8,10.700000000000001,0,0,Starter
Bob Thornton,thornbo01,3979,1.6,-4.1,0,0,Rotational
Bob Tough,toughbo01,0,-1.4,0,0,0,Rotational
Bob Verga,vergabo01,14587,24.4,0,2,0,All-Star
Bob Warlick,warlibo01,4168,1,0,0,0,Rotational
Bob Warren,warrebo01,14079,30.4,0.5,0,0,Starter
Bob Weiss,weissbo01,18755,32.9,2.7,0,0,Starter
Bob Wiesenhahn,wiesebo01,326,-0.7,0,0,0,Rotational
Bob Wilkerson,wilkebo01,14883,8.3,-0.7,0,0,Starter
Bob Williams,willibo01,193,0.5,0,0,0,Rotational
Bob Wilson,wilsobo01,1308,0.2,0,0,0,Rotational
Bob Wood,woodbo01,0,-0.2,0,0,0,Rotational
Bob Woollard,woollbo01,234,0.1,0,0,0,Rotational
Boban Marjanović,marjabo01,3900,17.8,4.5,0,0,Rotational
Bobby Brown,brownbo02,3138,-2.4,-2.4,0,0,Rotational
Bobby Cattage,cattabo01,522,0.30000000000000004,-0.6,0,0,Rotational
Bobby Cook,cookbo01,0,1.9,0,0,0,Rotational
Bobby Croft,croftbo01,1478,-1.2,0,0,0,Rotational
Bobby Edmonds,edmonbo01,1350,2.4,0,0,0,Rotational
Bobby Fields,fieldbo01,124,0.2,0,0,0,Rotational
Bobby Hooper,hoopebo01,955,1.1,0,0,0,Rotational
Bobby Hurley,hurlebo01,5045,-1.7,-4.5,0,0,Rotational
Bobby Jackson,jacksbo01,18179,34.6,11,0,0,Starter
Bobby Jones,jonesbo01,25728,93.9,40.9,5,1,All-Star
Bobby Jones,jonesbo02,1398,1.8,-0.7,0,0,Rotational
Bobby Lewis,lewisbo01,4303,1.2,0,0,0,Rotational
Bobby Lloyd,lloydbo01,2353,5.300000000000001,0,0,0,Rotational
Bobby Phills,phillbo01,13426,27.1,7.3999999999999995,0,0,Starter
Bobby Portis,portibo01,17825,38.3,6.5,0,0,Starter
Bobby Rascoe,rascobo01,2887,5.9,0,0,0,Rotational
Bobby Simmons,simmobo01,11513,20.2,3.6,0,0,Starter
Bobby Smith,smithbo01,137,-0.3,0,0,0,Rotational
Bobby Wanzer,wanzebo01,12128,64,0,5,0,All-Star
Bobby Washington,washibo01,1795,2.2,0,0,0,Rotational
Bobby Watson,watsobo01,1404,-0.2,0,0,0,Rotational
Bobby Wilson,wilsobo02,1562,0.6,0,0,0,Rotational
Bobby Wilson,wilsobo03,1498,1.7000000000000002,-0.2,0,0,Rotational
Bobi Klintman,klintbo01,113,0.1,-0.1,0,0,Rotational
Bogdan Bogdanović,bogdabo01,16098,27,7.699999999999999,0,0,Starter
Bojan Bogdanović,bogdabo02,24451,41.5,5.3,0,0,Starter
Bol Bol,bolbo01,2750,5,1.1,0,0,Rotational
Bones Hyland,hylanbo01,5675,9.3,2.7,0,0,Rotational
Bones McKinney,mckinbo01,1083,15,0,0,0,Rotational
Boniface N'Dong,ndongbo01,152,0.2,-0.1,0,0,Rotational
Bonzi Wells,wellsbo01,18567,33.2,8.5,0,0,Starter
Bonzie Colson,colsobo01,98,0.2,0,0,0,Rotational
Boo Ellis,ellisbo01,1873,3.1,0,0,0,Rotational
Boris Diaw,diawbo01,32946,56.800000000000004,17.9,0,0,All-Star
Boris Nachamkin,nachabo01,59,0,0,0,0,Rotational
Boštjan Nachbar,nachbbo01,7471,10.5,0.3,0,0,Rotational
Bracey Wright,wrighbr02,325,0.5,0.1,0,0,Rotational
Brad Branson,bransbr01,856,0.9,0,0,0,Rotational
Brad Daugherty,daughbr01,20029,65.1,21.2,5,3,Superstar
Brad Davis,davisbr01,22868,54.6,12.5,0,0,All-Star
Brad Holland,hollabr01,880,0.19999999999999998,-0.4,0,0,Rotational
Brad Lohaus,lohaubr01,14133,20.6,4.500000000000001,0,0,Starter
Brad Miller,millebr01,28900,89.9,27,2,0,All-Star
Brad Sellers,sellebr01,7854,10,-0.7,0,0,Rotational
Brad Wanamaker,wanambr01,4458,6.3,-1,0,0,Rotational
Brad Wright,wrighbr01,145,-0.1,-0.3,0,0,Rotational
Bradley Beal,bealbr01,27681,58.3,23.6,3,0,All-Star
Brady Walker,walkebr01,699,9.7,0,0,0,Rotational
Brandan Wright,wrighbr03,9158,34.3,10.1,0,0,Starter
Branden Carlson,carlsbr01,734,2.6,0.6000000000000001,0,0,Rotational
Branden Dawson,dawsobr01,29,0,0,0,0,Rotational
Brandin Knight,knighbr02,3,0,0,0,0,Rotational
Brandin Podziemski,podzibr01,6017,13.399999999999999,3.4,0,0,Rotational
Brandon Armstrong,armstbr01,699,-0.6,-1,0,0,Rotational
Brandon Bass,bassbr01,16410,42.9,5.2,0,0,Starter
Brandon Boston Jr.,bostobr01,2346,1,-1,0,0,Rotational
Brandon Clarke,clarkbr01,6412,24.7,7.3,0,0,Starter
Brandon Davies,daviebr01,1421,0.5,-1.2,0,0,Rotational
Brandon Goodwin,goodwbr01,1609,1,-0.3,0,0,Rotational
Brandon Hunter,huntebr01,630,0.8,-0.2,0,0,Rotational
Brandon Ingram,ingrabr01,18920,31.999999999999996,10.5,2,0,All-Star
Brandon Jennings,jennibr01,19514,33.1,11.9,0,0,Starter
Brandon Knight,knighbr03,16435,16,2.4,0,0,Starter
Brandon Miller,millebr02,5275,5.7,1.9000000000000001,0,0,Rotational
Brandon Paul,paulbr01,576,0.5,-0.2,0,0,Rotational
Brandon Roy,roybr01,11561,37.5,16.2,3,1,All-Star
Brandon Rush,rushbr01,10564,11.200000000000001,1.6,0,0,Starter
Brandon Sampson,sampsbr01,214,0,-0.1,0,0,Rotational
Brandon Williams,willibr01,163,-0.5,-0.4,0,0,Rotational
Brandon Williams,willibr03,2703,3.2,0.6000000000000001,0,0,Rotational
Brant Weidner,weidnbr01,38,0,-0.1,0,0,Rotational
Braxton Key,keybr01,474,0.5,-0.1,0,0,Rotational
Brendan Haywood,haywobr01,21035,50.5,4,0,0,All-Star
Brendan McCann,mccanbr01,331,-0.6,0,0,0,Rotational
Brent Barry,barrybr01,25243,73.4,28.7,0,0,All-Star
Brent Price,pricebr01,7007,12.100000000000001,2.3,0,0,Rotational
Brent Scott,scottbr01,55,0,-0.1,0,0,Rotational
Brett Szabo,szabobr01,662,0.4,-0.7,0,0,Rotational
Brett Vroman,vromabr01,93,0.1,0,0,0,Rotational
Brevin Knight,knighbr01,20670,35.9,11.1,0,0,Starter
Brian Bowen,bowenbr02,46,-0.1,-0.1,0,0,Rotational
Brian Brunkhorst,brunkbr01,56,0.2,0,0,0,Rotational
Brian Cardinal,cardibr01,6477,15.4,3.1,0,0,Rotational
Brian Cook,cookbr01,6725,10.5,-0.4,0,0,Rotational
Brian Davis,davisbr02,374,0,-0.3,0,0,Rotational
Brian Evans,evansbr01,2135,3.3,0.6000000000000001,0,0,Rotational
Brian Grant,grantbr01,21417,54.6,6.2,0,0,All-Star
Brian Heaney,heanebr01,70,0.2,0,0,0,Rotational
Brian Howard,howarbr01,1613,0.8999999999999999,-0.7,0,0,Rotational
Brian Mahoney,mahonbr01,181,-0.4,0,0,0,Rotational
Brian Martin,martibr01,42,-0.1,-0.2,0,0,Rotational
Brian Oliver,olivebr01,1182,-0.5,-1.1,0,0,Rotational
Brian Quinnett,quinnbr01,1856,0.9,-0.7,0,0,Rotational
Brian Roberts,roberbr01,5677,8.5,0.5,0,0,Rotational
Brian Rowsom,rowsobr01,1092,2.5,0.1,0,0,Rotational
Brian Scalabrine,scalabr01,6772,7.5,-1.1,0,0,Rotational
Brian Shaw,shawbr01,24619,24.700000000000003,5.1000000000000005,0,0,Starter
Brian Skinner,skinnbr01,12795,18.599999999999998,-1.4,0,0,Starter
Brian Taylor,taylobr01,19149,46.8,14.7,2,0,All-Star
Brian Winters,wintebr01,19938,38.7,7.7,2,0,All-Star
Briante Weber,weberbr01,1222,1.4,-0.4,0,0,Rotational
Brice Johnson,johnsbr02,205,0.30000000000000004,0.1,0,0,Rotational
Brice Sensabaugh,sensabr01,3778,2,-0.5,0,0,Rotational
Britton Johnsen,johnsbr01,377,-0.8,-0.6,0,0,Rotational
Brodric Thomas,thomabr01,858,0.30000000000000004,-0.4,0,0,Rotational
Bronny James,jamesbr02,556,-0.1,-0.4,0,0,Rotational
Brook Lopez,lopezbr01,35157,94.5,28.5,1,0,All-Star
Brook Steppe,steppbr01,2858,4.7,0.1,0,0,Rotational
Brooks Barnhizer,barnhbr01,348,0.6,-0.1,0,0,Rotational
Brooks Thompson,thompbr01,2936,3.4,0.4,0,0,Rotational
Bruce Bowen,bowenbr01,24930,44.2,7.1,0,0,Starter
Bruce Brown,brownbr01,16162,25.7,0.3999999999999999,0,0,Starter
Bruce Douglas,douglbr01,98,-0.2,0,0,0,Rotational
Bruce Flowers,flowebr01,699,1.7,0.4,0,0,Rotational
Bruce Hale,halebr01,0,13.5,0,0,0,Rotational
Bruce Kuczenski,kuczebr01,238,-0.8,-0.6,0,0,Rotational
Bruce Seals,sealsbr01,7463,7.8,-1.9,0,0,Rotational
Bruce Spraggins,spragbr01,1590,4.3,0,0,0,Rotational
Bruno Caboclo,cabocbr01,1644,1.9000000000000001,-0.4,0,0,Rotational
Bruno Fernando,fernabr01,2882,5.1000000000000005,-0.5,0,0,Rotational
Bruno Šundov,sundobr01,557,-0.8,-1,0,0,Rotational
Bryan Warrick,warribr01,3064,2.6,-0.7,0,0,Rotational
Bryant Reeves,reevebr01,12071,13,-4.4,0,0,Starter
Bryant Stith,stithbr01,16417,29.5,4.9,0,0,Starter
Bryce Cotton,cottobr01,237,-0.1,-0.2,0,0,Rotational
Bryce Dejean-Jones,dejeabr01,279,0.2,0,0,0,Rotational
Bryce Drew,drewbr01,3970,2.3,-1.2,0,0,Rotational
Bryce McGowens,mcgowbr01,2581,2.3,-1.7,0,0,Rotational
Bryn Forbes,forbebr01,9868,13,-1.1,0,0,Rotational
Bryon Russell,russebr01,19805,47.5,11.9,0,0,Starter
Bub Carrington,carrica01,4729,-0.2,-3.2,0,0,Rotational
Bubba Wells,wellsbu01,395,0.1,-0.2,0,0,Rotational
Bubba Wilson,wilsobu01,143,-0.2,-0.2,0,0,Rotational
Bubbles Hawkins,hawkiro01,2005,2.9,1.4,0,0,Rotational
Buck Johnson,johnsbu01,11849,20.7,1.7,0,0,Starter
Buck Sydnor,sydnobu01,0,-0.1,0,0,0,Rotational
Buck Williams,willibu01,42464,120.1,21.7,3,5,Superstar
Bucky Bockhorn,bockhbu01,14791,7.9,0,0,0,Starter
Bucky McConnell,mcconbu01,297,0.5,0,0,0,Rotational
Bud Acton,actonbu01,195,0.1,0,0,0,Rotational
Bud Grant,grantbu01,0,1.1,0,0,0,Rotational
Bud Koper,koperbu01,631,1,0,0,0,Rotational
Bud Ogden,ogdenbu01,490,0.7,0,0,0,Rotational
Bud Olsen,olsenbu01,6308,6.3,0,0,0,Rotational
Bud Palmer,palmebu01,0,18.5,0,0,0,Rotational
Bud Stallworth,stallbu01,5489,0.7,-2.4,0,0,Rotational
Buddy Boeheim,boehebu01,189,-0.1,-0.2,0,0,Rotational
Buddy Hield,hieldbu01,28365,36.4,13.7,0,0,Starter
Buddy Jeannette,jeannbu01,0,15.7,0,0,0,Rotational
Buddy O'Grady,ogradbu01,0,1.0999999999999999,0,0,0,Rotational
Bulbs Ehlers,ehlerbu01,0,3,0,0,0,Rotational
Butch Beard,beardbu01,15987,36.6,7.4,1,0,All-Star
Butch Booker,bookebu01,221,0.4,0,0,0,Rotational
Butch Carter,cartebu01,6881,8.3,-0.3,0,0,Rotational
Butch Feher,feherbu01,487,1.5,0.3,0,0,Rotational
Butch Graves,gravebu01,11,-0.1,0,0,0,Rotational
Butch Joyner,joynebu01,5,0,0,0,0,Rotational
Butch Lee,leebu01,3668,4.7,0.7,0,0,Rotational
Butch van Breda Kolff,vanbrbu01,0,9.4,0,0,0,Rotational
Byron Beck,beckby01,19197,55.1,2.3,2,0,All-Star
Byron Dinkins,dinkiby01,660,0.3,-0.4,0,0,Rotational
Byron Houston,houstby01,2674,3.9,-1.3,0,0,Rotational
Byron Irvin,irvinby01,849,2.1,0.6000000000000001,0,0,Rotational
Byron Mullens,mulleby01,3860,0.9,-1.8,0,0,Rotational
Byron Scott,scottby01,30152,75.3,21,0,0,All-Star
C.J. Kupec,kupeccj01,1589,1.8,-0.5,0,0,Rotational
C.J. Miles,milescj01,18140,30.7,6.6000000000000005,0,0,Starter
C.J. Watson,watsocj01,12093,24,5,0,0,Starter
C.J. Wilcox,wilcocj01,376,0.1,-0.3,0,0,Rotational
C.J. Williams,willicj01,835,0.7999999999999999,-0.1,0,0,Rotational
CJ Elleby,ellebcj01,1366,0.5,-1.1,0,0,Rotational
CJ Huntley,huntlcj01,40,0.1,0,0,0,Rotational
CJ McCollum,mccolcj01,31937,61.4,24.799999999999997,0,0,All-Star
Cade Cunningham,cunnica01,9186,15,9.799999999999999,2,1,All-Star
Cal Bowdler,bowdlca01,1383,1.7,-0.4,0,0,Rotational
Cal Christensen,chrisca01,4009,8.2,0,0,0,Rotational
Cal Ramsey,ramseca01,417,0.2,0,0,0,Rotational
Calbert Cheaney,cheanca01,22007,23.3,-2.9,0,0,Starter
Caldwell Jones,jonesca01,37755,72.4,12,1,1,All-Star
Caleb Houstan,houstca01,2490,4.2,-0.4,0,0,Rotational
Caleb Love,loveca01,1013,0.6,-0.3,0,0,Rotational
Caleb Martin,martica02,9632,13.2,0.6000000000000001,0,0,Rotational
Caleb Swanigan,swanica01,1121,-0.5,-1.2,0,0,Rotational
Calvin Booth,boothca01,5917,11.3,1.1,0,0,Rotational
Calvin Fowler,fowleca01,1234,2.1,0,0,0,Rotational
Calvin Garrett,garreca01,3008,2.5999999999999996,-0.5,0,0,Rotational
Calvin Graham,grahaca01,52,0,0,0,0,Rotational
Calvin Murphy,murphca01,30607,84.10000000000001,15.8,1,0,All-Star
Calvin Natt,nattca01,22028,64.4,17.2,1,1,All-Star
Cam Christie,chrisca02,539,0.2,-0.3,0,0,Rotational
Cam Reddish,reddica01,7878,5.2,-1.8,0,0,Rotational
Cam Spencer,spencca01,1966,6.1,2,0,0,Rotational
Cam Thomas,thomaca02,6742,4.6,-1.1,0,0,Rotational
Cam Whitmore,whitmca01,2061,3.3,0.9,0,0,Rotational
Cameron Bairstow,bairsca01,167,-0.1,-0.2,0,0,Rotational
Cameron Johnson,johnsca02,11866,30,10.2,0,0,Starter
Cameron McGriff,mcgrica01,46,0.1,0,0,0,Rotational
Cameron Oliver,oliveca01,130,0.4,0,0,0,Rotational
Cameron Payne,payneca01,11208,17.5,2.9,0,0,Starter
Cameron Reynolds,reynoca01,339,0.4,-0.2,0,0,Rotational
Campy Russell,russeca02,16781,35.8,9.9,1,0,All-Star
Carey Scurry,scurrca01,2831,6.2,2.7,0,0,Rotational
Caris LeVert,leverca01,20569,34,9.4,0,0,Starter
Carl Bailey,baileca01,7,0,0,0,0,Rotational
Carl Braun,braunca01,18409,64.3,0,5,0,All-Star
Carl Fuller,fulleca01,1214,1.2000000000000002,0,0,0,Rotational
Carl Henry,henryca01,149,0.2,0,0,0,Rotational
Carl Herrera,herreca01,8349,8.7,-3.6,0,0,Rotational
Carl Kilpatrick,kilpaca01,6,0,0,0,0,Rotational
Carl Landry,landrca01,16001,47.6,6.7,0,0,Starter
Carl McNulty,mcnulca01,14,-0.1,0,0,0,Rotational
Carl Meinhold,meinhca01,0,2.3,0,0,0,Rotational
Carl Nicks,nicksca01,3688,-0.5,-2.2,0,0,Rotational
Carl Shaeffer,shaefca01,0,0.7000000000000001,0,0,0,Rotational
Carl Thomas,thomaca01,960,1.4,0.30000000000000004,0,0,Rotational
Carldell Johnson,johnsca01,119,0,0,0,0,Rotational
Carlik Jones,jonesca03,102,-0.1,-0.2,0,0,Rotational
Carlos Arroyo,arroyca01,14849,26.1,2.5,0,0,Starter
Carlos Boozer,boozeca01,26901,80.2,23.1,2,2,All-Star
Carlos Clark,clarkca01,689,0.6,0,0,0,Rotational
Carlos Delfino,delfica01,11580,22.599999999999998,7.3,0,0,Starter
Carlos Rogers,rogerca01,6030,11.5,1.4,0,0,Rotational
Carlos Terry,terryca01,1078,1.5,0.5,0,0,Rotational
Carlton McKinney,mckinca01,113,-0.4,-0.3,0,0,Rotational
Carmelo Anthony,anthoca01,46265,116.5,39.4,10,6,Superstar
Caron Butler,butleca01,32535,56.2,13.2,2,0,All-Star
Carrick Felix,felixca01,38,0,0,0,0,Rotational
Carroll Hooser,hooseca01,720,0.9,0,0,0,Rotational
Carsen Edwards,edwarca01,706,0.3,-0.5,0,0,Rotational
Carter Bryant,bryanca01,818,1.3,-0.2,0,0,Rotational
Cartier Martin,martica01,4611,5.1,-0.2,0,0,Rotational
Casey Jacobsen,jacobca01,7118,8.9,-0.1,0,0,Rotational
Casey Shaw,shawca01,14,-0.1,-0.1,0,0,Rotational
Cason Wallace,wallaca01,5614,14.4,4.1,0,0,Rotational
Casper Ware,wareca01,116,0.2,0,0,0,Rotational
Cassius Stanley,stanlca01,248,0,-0.4,0,0,Rotational
Cassius Winston,winstca01,137,0.1,-0.1,0,0,Rotational
Cat Barber,barbeca01,13,-0.1,-0.1,0,0,Rotational
Cazzie Russell,russeca01,22213,51.5,3.3,1,1,All-Star
Cecil Hankins,hankice01,0,3.4,0,0,0,Rotational
Cedi Osman,osmande01,10815,12.6,-0.4,0,0,Starter
Cedric Ball,ballce01,26,0,0,0,0,Rotational
Cedric Bozeman,bozemce01,199,-0.3,-0.3,0,0,Rotational
Cedric Ceballos,cebalce01,17687,46.800000000000004,11.4,1,1,All-Star
Cedric Coward,cowarce01,1598,2.5,0.7,0,0,Rotational
Cedric Henderson,hendece01,32,0,0,0,0,Rotational
Cedric Henderson,hendece02,6182,3.4,-1.3,0,0,Rotational
Cedric Hunter,huntece01,1,0,0,0,0,Rotational
Cedric Jackson,jacksce01,148,-0.4,-0.1,0,0,Rotational
Cedric Lewis,lewisce01,4,0.1,0,0,0,Rotational
Cedric Maxwell,maxwece01,25737,84,23.5,0,0,All-Star
Cedric Simmons,simmoce01,876,0,-0.8,0,0,Rotational
Cedrick Hordges,hordgce01,2971,2.2,-1.5,0,0,Rotational
Cezary Trybański,trybace01,116,-0.5,-0.3,0,0,Rotational
Chad Gallagher,gallach01,3,0.1,0,0,0,Rotational
Chad Kinch,kinchch01,706,-1.1,-0.7,0,0,Rotational
Chance Comanche,comanch01,21,0,0,0,0,Rotational
Chandler Hutchison,hutchch01,2136,1.2,-1.1,0,0,Rotational
Chandler Parsons,parsoch01,13246,29,10.3,0,0,Starter
Chaney Johnson,johnsch06,348,0.9,0.2,0,0,Rotational
Channing Frye,fryech01,21667,43.4,9.200000000000001,0,0,Starter
Charles Barkley,barklch01,39330,177.1,80.6,11,12,Superstar
Charles Bassey,bassech01,1563,5.2,1.2,0,0,Rotational
Charles Bradley,bradlch01,910,0.30000000000000004,-0.4,0,0,Rotational
Charles Claxton,claxtch01,7,0,0,0,0,Rotational
Charles Cooke,cookech01,38,-0.2,-0.1,0,0,Rotational
Charles Davis,davisch02,6050,6.4,-2,0,0,Rotational
Charles Dudley,dudlech01,6337,13.9,3.5,0,0,Rotational
Charles Edge,edgech01,3090,6.5,1.4,0,0,Rotational
Charles Jenkins,jenkich01,1775,0.5,-1.2,0,0,Rotational
Charles Johnson,johnsch01,11271,14.4,1.2,0,0,Starter
Charles Jones,jonesch01,14762,26.8,4.7,0,0,Starter
Charles Jones,jonesch02,3009,4.5,0.8999999999999999,0,0,Rotational
Charles Jones,jonesch03,1138,0,-0.5,0,0,Rotational
Charles Jordan,jordach01,855,0.3,-0.7,0,0,Rotational
Charles O'Bannon,obannch01,399,0.5,0,0,0,Rotational
Charles Oakley,oaklech01,40280,89.4,15.4,1,0,All-Star
Charles Pittman,pittmch01,3292,4.2,-0.6,0,0,Rotational
Charles Shackleford,shackch01,4614,7.4,-1.1,0,0,Rotational
Charles Smith,smithch01,18094,42.8,7.6000000000000005,0,0,Starter
Charles Smith,smithch02,588,0.9000000000000001,0,0,0,Rotational
Charles Smith,smithch04,2475,1.5,0.2,0,0,Rotational
Charles Thomas,thomach01,156,-0.1,-0.2,0,0,Rotational
Charley Parks,parksch01,5,0,0,0,0,Rotational
Charley Shipp,shippch01,0,-0.6,0,0,0,Rotational
Charlie Beasley,beaslch01,7856,16.1,0,0,0,Rotational
Charlie Bell,bellch01,9412,12.3,0.8999999999999999,0,0,Rotational
Charlie Black,blackch01,117,8.9,0,0,0,Rotational
Charlie Brown Jr.,brownch02,583,-0.1,-0.6,0,0,Rotational
Charlie Criss,crissch01,10567,16.1,2.2,0,0,Starter
Charlie Davis,davisch01,4072,2.2,-0.1,0,0,Rotational
Charlie Hardnett,hardnch01,2474,3,0,0,0,Rotational
Charlie Hentz,hentzch01,1075,1.3,0,0,0,Rotational
Charlie Hoefer,hoefech01,0,1.9,0,0,0,Rotational
Charlie Lowery,lowerch01,134,0.2,0,0,0,Rotational
Charlie Parsley,parslch01,0,0,0,0,0,Rotational
Charlie Paulk,paulkch01,1852,-1.4,0,0,0,Rotational
Charlie Scott,scottch01,27997,43.9,2.2,5,0,All-Star
Charlie Sitton,sittoch01,304,0.1,-0.2,0,0,Rotational
Charlie Tyra,tyrach01,7811,4.9,0,0,0,Rotational
Charlie Villanueva,villach01,13578,22.5,4.9,0,0,Starter
Charlie Ward,wardch01,15332,35.9,16,0,0,Starter
Charlie Williams,willich01,14056,6.9,0,2,0,All-Star
Charlie Yelverton,yelvech01,1227,-0.5,0,0,0,Rotational
Chase Budinger,budinch01,8927,15.2,3,0,0,Rotational
Chasson Randle,randlch01,2218,2,-1.2,0,0,Rotational
Chauncey Billups,billuch01,40323,141.7,50.7,5,4,Superstar
Chaundee Brown Jr.,brownch05,208,0,-0.2,0,0,Rotational
Chaz Lanier,laniech01,262,0.3,-0.2,0,0,Rotational
Cheese Johnson,johnsch02,53,0,-0.1,0,0,Rotational
Cheick Diallo,diallch01,2186,6.4,0.30000000000000004,0,0,Rotational
Cheikh Samb,sambch01,197,-0.3,-0.4,0,0,Rotational
Cherokee Parks,parksch02,8513,13.6,-0.4,0,0,Rotational
Chet Aubuchon,aubucch01,0,1.2,0,0,0,Rotational
Chet Carlisle,carlich01,0,1.6,0,0,0,Rotational
Chet Holmgren,holmgch01,5287,21.2,7.4,1,0,All-Star
Chet McNabb,mcnabch01,0,0,0,0,0,Rotational
Chet Walker,walkech01,33433,117.5,5.9,7,1,Superstar
Chick Halbert,halbech01,0,32.3,0,0,0,Starter
Chick Reiser,reisech01,0,13.1,0,0,0,Rotational
Chico Vaughn,vaughch01,13828,18.7,0,1,0,All-Star
Chima Moneke,monekch01,8,0,0,0,0,Rotational
Chimezie Metu,metuch01,4424,7.2,0.6,0,0,Rotational
Chinanu Onuaku,onuakch01,74,0,-0.1,0,0,Rotational
Chink Crossin,crossch01,0,3.8,0,0,0,Rotational
Chips Sobek,sobekch01,0,3.1,0,0,0,Rotational
Chris Andersen,anderch01,12675,41,9.3,0,0,Starter
Chris Anstey,anstech01,2157,2.8,-0.5,0,0,Rotational
Chris Babb,babbch01,132,0,-0.1,0,0,Rotational
Chris Bosh,boshch01,31936,106,31.3,11,2,Superstar
Chris Boucher,bouchch01,7310,26.099999999999998,5.6000000000000005,0,0,Starter
Chris Carr,carrch01,6116,3.8000000000000003,-1.9,0,0,Rotational
Chris Childs,childch01,15476,25.2,2.5,0,0,Starter
Chris Chiozza,chiozch01,1439,1.3,-0.1,0,0,Rotational
Chris Clemons,clemoch01,291,0.4,0.1,0,0,Rotational
Chris Copeland,copelch01,2111,2.9000000000000004,0.1,0,0,Rotational
Chris Corchiani,corchch01,1418,1.9,0.2,0,0,Rotational
Chris Crawford,crawfch01,3985,6.4,-0.8,0,0,Rotational
Chris Douglas-Roberts,douglch01,4381,5.4,-0.2,0,0,Rotational
Chris Duarte,duartch01,3231,1.9,-0.8,0,0,Rotational
Chris Dudley,dudlech02,17677,26.3,-5.2,0,0,Starter
Chris Duhon,duhonch01,15526,25,3.0999999999999996,0,0,Starter
Chris Engler,englech01,1682,1.3,-1.4,0,0,Rotational
Chris Ford,fordch01,24780,39,12.7,0,0,Starter
Chris Garner,garnech01,442,-0.8,-0.8,0,0,Rotational
Chris Gatling,gatlich01,19056,44.7,4.7,1,0,All-Star
Chris Harris,harrich01,840,-1.6,0,0,0,Rotational
Chris Herren,herrech01,1005,0.5,-0.6,0,0,Rotational
Chris Hunter,huntech01,783,1.3,-0.4,0,0,Rotational
Chris Jefferies,jeffech01,1056,-0.5,-1,0,0,Rotational
Chris Jent,jentch01,88,0.2,0,0,0,Rotational
Chris Johnson,johnsch03,910,1.9000000000000001,-0.2,0,0,Rotational
Chris Johnson,johnsch04,2800,4.3,0.30000000000000004,0,0,Rotational
Chris Kaman,kamanch01,19642,24.7,0.40000000000000013,1,0,All-Star
Chris King,kingch01,2058,1,-0.4,0,0,Rotational
Chris Livingston,livinch01,213,0.30000000000000004,-0.2,0,0,Rotational
Chris Mañon,manonch01,46,0.1,0,0,0,Rotational
Chris McCray,mccrach01,12,-0.1,-0.1,0,0,Rotational
Chris McCullough,mcculch01,612,0.7,0,0,0,Rotational
Chris McNealy,mcneach01,1864,2.6,0,0,0,Rotational
Chris Mihm,mihmch01,10088,16.3,-4.7,0,0,Starter
Chris Mills,millsch01,17282,37.7,6.8,0,0,Starter
Chris Morris,morrich01,18748,37.3,13.5,0,0,Starter
Chris Mullin,mullich01,32163,93.1,41.6,5,2,All-Star
Chris Munk,munkch01,29,0,0,0,0,Rotational
Chris Owens,owensch01,6,0,0,0,0,Rotational
Chris Paul,paulch01,45836,215.3,98.7,12,11,Superstar
Chris Porter,portech01,1147,0.2,-0.7,0,0,Rotational
Chris Quinn,quinnch01,3303,5.3,0.4,0,0,Rotational
Chris Richard,richach01,780,0.7,-0.7,0,0,Rotational
Chris Robinson,robinch01,1509,-0.4,-0.9,0,0,Rotational
Chris Silva,silvach01,715,2.3,-0.3,0,0,Rotational
Chris Singleton,singlch01,2605,2.2,-0.9,0,0,Rotational
Chris Smith,smithch03,3956,3.2,-0.3,0,0,Rotational
Chris Smith,smithch05,2,0,0,0,0,Rotational
Chris Taft,taftch01,144,0.5,0,0,0,Rotational
Chris Washburn,washbch01,905,-0.4,-1.1,0,0,Rotational
Chris Webber,webbech01,35038,91.5,45.1,5,5,Superstar
Chris Welp,welpch01,1371,1.0999999999999999,-1.2,0,0,Rotational
Chris Whitney,whitnch01,11104,21.900000000000002,4.1,0,0,Starter
Chris Wilcox,wilcoch01,15052,32.3,1.4,0,0,Starter
Chris Wright,wrighch01,312,0.8999999999999999,0.2,0,0,Rotational
Chris Wright,wrighch02,4,0,0,0,0,Rotational
Chris Youngblood,youngch01,370,1,0,0,0,Rotational
Christian Braun,braunch01,6910,16.3,1.8,0,0,Rotational
Christian Eyenga,eyengch01,1151,-0.6,-0.7,0,0,Rotational
Christian Koloko,kolokch01,1858,3.2,-0.9,0,0,Rotational
Christian Laettner,laettch01,29918,75.4,22.1,1,0,All-Star
Christian Wood,woodch01,8109,21,6.4,0,0,Starter
Chubby Cox,coxch01,78,-0.2,-0.2,0,0,Rotational
Chuck Aleksinas,aleksch01,1114,0.4,-1,0,0,Rotational
Chuck Connors,connoch01,0,-0.3,0,0,0,Rotational
Chuck Cooper,coopech01,9108,12.7,0,0,0,Rotational
Chuck Gardner,gardnch01,487,1,0,0,0,Rotational
Chuck Gilmur,gilmuch01,0,15,0,0,0,Rotational
Chuck Grigsby,grigsch01,45,0,0,0,0,Rotational
Chuck Hayes,hayesch01,12569,30.1,5.2,0,0,Starter
Chuck Lloyd,lloydch01,118,0.2,0,0,0,Rotational
Chuck Mencel,mencech01,2821,1.9000000000000001,0,0,0,Rotational
Chuck Mrazovich,mrazoch01,0,0.4,0,0,0,Rotational
Chuck Nevitt,nevitch01,952,0.6,-0.6,0,0,Rotational
Chuck Noble,noblech01,9212,-0.9,0,1,0,All-Star
Chuck Osborne,osborch01,21,-0.1,0,0,0,Rotational
Chuck Person,persoch01,28941,38.8,9,0,0,Starter
Chuck Share,sharech01,15250,47.6,0,0,0,Starter
Chuck Terry,terrych01,5049,6.5,0,0,0,Rotational
Chuck Williams,willich02,21637,37.3,1.5999999999999999,2,0,All-Star
Chuckie Williams,willich03,65,-0.2,-0.1,0,0,Rotational
Chucky Atkins,atkinch01,20973,33.8,4.2,0,0,Starter
Chucky Brown,brownch01,14585,22.6,-2.5,0,0,Starter
Chucky Hepburn,hepbuch01,13,-0.1,-0.1,0,0,Rotational
Chuma Okeke,okekech01,4224,5.7,1,0,0,Rotational
Cincy Powell,powelci01,18636,41.1,-0.5,2,0,All-Star
Clarence Brookins,brookcl01,59,-0.2,0,0,0,Rotational
Clarence Glover,glovecl01,119,0.3,0,0,0,Rotational
Clarence Kea,keacl01,447,1,-0.2,0,0,Rotational
Clarence Weatherspoon,weathcl01,30929,65.8,13.299999999999999,0,0,All-Star
Clark Kellogg,kellocl01,8514,20.9,7.3,0,0,Starter
Claude English,englicl01,70,-0.3,0,0,0,Rotational
Claude Gregory,gregocl01,315,0.1,-0.2,0,0,Rotational
Claude Overton,overtcl01,182,-0.4,0,0,0,Rotational
Claude Terry,terrycl01,4848,7.8999999999999995,1,1,0,All-Star
Claude Virden,virdecl01,825,0.4,0,0,0,Rotational
Clay Johnson,johnscl02,688,0.7,-0.3,0,0,Rotational
Cleanthony Early,earlycl01,801,-0.6,-0.8,0,0,Rotational
Clem Haskins,haskicl01,17624,35.8,1.5,0,0,Starter
Clemon Johnson,johnscl01,15224,29.8,5.5,0,0,Starter
Cleo Hill,hillcl01,1050,0.3,0,0,0,Rotational
Cleveland Buckner,buckncl01,723,1.4000000000000001,0,0,0,Rotational
Cliff Alexander,alexacl01,36,0,0,0,0,Rotational
Cliff Anderson,andercl01,801,0.4,0,0,0,Rotational
Cliff Barker,barkecl01,494,2.1,0,0,0,Rotational
Cliff Hagan,hagancl01,24074,85.2,0,6,4,Superstar
Cliff Levingston,levincl01,16962,44.2,7.7,0,0,Starter
Cliff Meely,meelycl01,6642,4.800000000000001,-0.9,0,0,Rotational
Cliff Pondexter,pondecl01,2856,4.7,1.1,0,0,Rotational
Cliff Robinson,robincl01,21459,34.2,7.9,0,0,Starter
Cliff Williams,willicl01,18,-0.1,0,0,0,Rotational
Clifford Lett,lettcl01,127,-0.1,-0.2,0,0,Rotational
Clifford Ray,raycl01,19940,56.699999999999996,10.3,0,2,All-Star
Clifford Robinson,robincl02,44250,91.4,27,1,0,All-Star
Clifford Rozier,roziecl01,3721,5.5,-1,0,0,Rotational
Clint Capela,capelca01,18329,72.4,16.4,0,0,All-Star
Clint McDaniel,mcdancl01,71,0.2,0.1,0,0,Rotational
Clint Richardson,richacl01,11818,16.7,1.5999999999999999,0,0,Starter
Clint Wager,wagercl01,0,1.5,0,0,0,Rotational
Clinton Smith,smithcl01,386,0.30000000000000004,0,0,0,Rotational
Clinton Wheeler,wheelcl01,1221,1.6,0.6000000000000001,0,0,Rotational
Clyde Dickey,dickecl01,472,-0.8,-0.6,0,0,Rotational
Clyde Drexler,drexlcl01,40265,147.3,76.3,10,7,Superstar
Clyde Lee,leecl01,22341,36.7,-0.6,1,1,All-Star
Clyde Lovellette,lovelcl01,19075,70.6,0,4,2,All-Star
Clyde Mayes,mayescl01,1052,0.8,-0.6,0,0,Rotational
Coby Dietrick,dietrco01,16287,27.9,9.4,0,0,Starter
Coby Karl,karlco01,297,-0.2,-0.3,0,0,Rotational
Coby White,whiteco01,15064,22,1.9,0,0,Starter
Cody Martin,martico01,6906,8.4,0.39999999999999997,0,0,Rotational
Cody Williams,willico04,2691,-1.1,-2.9,0,0,Rotational
Cody Zeller,zelleco01,11510,33.6,4.1,0,0,Starter
Colby Jones,jonesco02,1229,1.2,-0.3,0,0,Rotational
Cole Aldrich,aldrico01,3777,10.2,1.7,0,0,Rotational
Cole Anthony,anthoco01,8462,10.4,2.6,0,0,Rotational
Cole Swider,swideco01,466,0,-0.6,0,0,Rotational
Colin Castleton,castlco01,944,1.6,-0.7,0,0,Rotational
Collin Gillespie,gilleco01,2968,7.9,3.1,0,0,Rotational
Collin Murray-Boyles,murraco01,1246,4,1,0,0,Rotational
Collin Sexton,sextoco01,15385,23.6,4,0,0,Starter
Collis Jones,jonesco01,6231,10.700000000000001,0.9,0,0,Rotational
Collis Temple,templco01,102,0.1,0,0,0,Rotational
Conner Henry,henryco01,1512,0.1,-0.7,0,0,Rotational
Connie Dierking,dierkco01,17505,14.9,0,0,0,Starter
Connie Hawkins,hawkico01,24993,83.9,7.9,6,2,All-Star
Connie Norman,normaco01,1213,1.2,0,0,0,Rotational
Connie Rea,reaco01,154,-0.6,0,0,0,Rotational
Connie Simmons,simmoco01,7898,30.8,0,0,0,Starter
Cooper Flagg,flaggco01,2344,3.8,2,0,0,Rotational
Corey Beck,beckco01,1131,0.7000000000000001,-0.5,0,0,Rotational
Corey Benjamin,benjaco01,2191,-0.9,-1.6,0,0,Rotational
Corey Brewer,breweco01,25349,31,2.3,0,0,Starter
Corey Crowder,crowdco01,357,0.30000000000000004,-0.2,0,0,Rotational
Corey Gaines,gaineco01,1002,1.0999999999999999,0,0,0,Rotational
Corey Kispert,kispeco01,9723,12.9,-0.7,0,0,Rotational
Corey Maggette,maggeco01,23358,62.199999999999996,13.299999999999999,0,0,All-Star
Corey Williams,willico01,288,0.2,-0.2,0,0,Rotational
Corie Blount,blounco01,12810,22.5,-1.6,0,0,Starter
Corky Calhoun,calhoco01,12279,15.4,0.4999999999999999,0,0,Starter
Corky Devlin,devlico01,4025,3.8,0,0,0,Rotational
Corliss Williamson,willico02,21962,41.2,-0.1,0,0,Starter
Cormac Ryan,ryanco01,271,0.6,0.1,0,0,Rotational
Cornelius Cash,cashco01,49,0,-0.1,0,0,Rotational
Cornell Warner,warneco01,13283,20.8,1.2999999999999998,0,0,Starter
Corny Thompson,thompco01,520,-0.1,-0.5,0,0,Rotational
Corsley Edwards,edwarco01,110,0.1,-0.1,0,0,Rotational
Cory Alexander,alexaco01,6145,5.2,1.2,0,0,Rotational
Cory Blackwell,blackco01,551,-0.9,-0.8,0,0,Rotational
Cory Carr,carrco01,624,-1.2,-1,0,0,Rotational
Cory Higgins,higgico01,455,-1.3,-0.9,0,0,Rotational
Cory Jefferson,jeffeco01,581,0.9,-0.2,0,0,Rotational
Cory Joseph,josepco01,19742,34.3,4.3,0,0,Starter
Cotton Nash,nashco01,1500,0.9,0,0,0,Rotational
Coty Clarke,clarkco01,6,0,0,0,0,Rotational
Coulby Gunther,gunthco01,0,8.6,0,0,0,Rotational
Courtney Alexander,alexaco02,5449,4.9,-2.6,0,0,Rotational
Courtney Fortson,fortsco01,190,-0.1,-0.1,0,0,Rotational
Courtney Lee,leeco01,26673,48.3,10,0,0,Starter
Courtney Sims,simsco01,37,0,0,0,0,Rotational
Cozell McQueen,mcqueco01,7,0.1,0,0,0,Rotational
Craig Brackins,brackcr01,121,-0.2,-0.3,0,0,Rotational
Craig Dill,dillcr01,1354,0.4,0,0,0,Rotational
Craig Dykema,dykemcr01,103,0.2,0,0,0,Rotational
Craig Ehlo,ehlocr01,21071,41.1,14.1,0,0,Starter
Craig Hodges,hodgecr01,17726,32.6,5.5,0,0,Starter
Craig Neal,nealcr01,1125,-0.7,-1,0,0,Rotational
Craig Porter Jr.,portecr01,2310,5.4,2,0,0,Rotational
Craig Raymond,raymocr01,7216,12.100000000000001,0,0,0,Rotational
Craig Shelton,sheltcr01,607,0,-0.7,0,0,Rotational
Craig Smith,smithcr01,6826,16,1.5,0,0,Rotational
Craig Spitzer,spitzcr01,44,0,0,0,0,Rotational
Craig Sword,swordcr01,19,0.1,0,0,0,Rotational
Cristiano Felício,feliccr01,3554,9,-0.5,0,0,Rotational
Cui Yongxi,cuiyo01,10,-0.1,-0.1,0,0,Rotational
Cuonzo Martin,marticu01,32,-0.1,0,0,0,Rotational
Curly Armstrong,armstcu01,0,7.2,0,0,0,Rotational
Curtis Borchardt,borchcu01,1117,0.9,-0.5,0,0,Rotational
Curtis Jones,jonescu01,88,0.1,0,0,0,Rotational
Curtis Kitchen,kitchcu01,31,0.1,0.1,0,0,Rotational
Curtis Perry,perrycu01,15482,30.9,5.6,0,0,Starter
Curtis Rowe,rowecu01,18277,34.2,3.3,1,0,All-Star
Cuttino Mobley,moblecu01,30006,56.599999999999994,14,0,0,All-Star
D'Angelo Russell,russeda01,24476,35.4,16.5,1,0,All-Star
D'Moi Hodge,hodgedm01,41,0,0,0,0,Rotational
D.C. Wilcutt,wilcudc01,0,1,0,0,0,Rotational
D.J. Augustin,augusdj01,29944,62.7,9.7,0,0,All-Star
D.J. Carton,cartodj01,69,-0.1,-0.1,0,0,Rotational
D.J. Kennedy,kennedj01,59,0,-0.1,0,0,Rotational
D.J. Mbenga,mbengdj01,1892,2.8,-0.9,0,0,Rotational
D.J. Stephens,stephdj01,22,0,0,0,0,Rotational
D.J. Strawberry,strawdj01,270,-0.2,-0.2,0,0,Rotational
D.J. White,whitedj01,2796,5.7,0.10000000000000003,0,0,Rotational
D.J. Wilson,wilsodj01,2251,3.1,-0.3,0,0,Rotational
DaJuan Summers,summeda01,820,-0.1,-0.8,0,0,Rotational
DaQuan Jeffries,jeffrda01,2313,1.5,-1.5,0,0,Rotational
DaRon Holmes,holmeda01,210,0.4,0.1,0,0,Rotational
Daequan Cook,cookda02,6434,4.7,-1.3,0,0,Rotational
Daeqwon Plowden,plowdda01,916,1,-0.5,0,0,Rotational
Dahntay Jones,jonesda02,10815,10.4,-4.9,0,0,Starter
Dairis Bertāns,bertada02,167,-0.2,-0.3,0,0,Rotational
Daishen Nix,nixda01,1238,-1.5,-1.3,0,0,Rotational
Dajuan Wagner,wagneda02,2202,0,-1.6,0,0,Rotational
Dakari Johnson,johnsda04,161,0.6,0.1,0,0,Rotational
Dakota Mathias,mathida01,139,0.2,0,0,0,Rotational
Dalano Banton,bantoda01,4313,2.4000000000000004,0.5,0,0,Rotational
Dale Davis,davisda01,30913,90.2,18.7,1,0,All-Star
Dale Ellis,ellisda01,36766,88.4,23.599999999999998,1,0,All-Star
Dale Hamilton,hamilda01,0,-0.3,0,0,0,Rotational
Dale Schlueter,schluda01,9624,20.8,0.8,0,0,Starter
Dale Wilkinson,wilkida01,90,-0.2,-0.2,0,0,Rotational
Dalen Terry,terryda01,2984,3.9000000000000004,-0.3,0,0,Rotational
Dalibor Bagarić,bagarda01,973,-0.9,-1.4,0,0,Rotational
Dallas Comegys,comegda01,2241,1.0999999999999999,-0.9,0,0,Rotational
Dallas Thornton,thornda01,870,1.3,0,0,0,Rotational
Dalton Knecht,knechda01,2047,3.1,-0.1,0,0,Rotational
Damian Jones,jonesda03,4806,14,0.9999999999999999,0,0,Rotational
Damian Lillard,lillada01,32614,118.3,54.6,9,5,Superstar
Damien Inglis,inglida01,156,-0.1,-0.1,0,0,Rotational
Damien Wilkins,wilkida02,10991,12.1,0.1,0,0,Starter
Damion Baugh,baughda01,370,-0.5,-0.5,0,0,Rotational
Damion James,jamesda01,623,-0.1,-0.3,0,0,Rotational
Damion Lee,leeda03,6187,10.700000000000001,0.5,0,0,Rotational
Damir Markota,markoda01,170,-0.2,-0.3,0,0,Rotational
Damjan Rudež,rudezda01,1638,1.5,-0.5,0,0,Rotational
Damon Jones,jonesda01,14417,29.3,7.4,0,0,Starter
Damon Stoudamire,stoudda01,32982,60.1,18,0,0,All-Star
Damone Brown,brownda02,351,-0.6,-0.6,0,0,Rotational
Damyean Dotson,dotsoda01,4242,3,-0.8,0,0,Rotational
Dan Anderson,anderda01,5424,13.9,0,0,0,Rotational
Dan Anderson,anderda02,1067,1.6,0.1,0,0,Rotational
Dan Dickau,dickada01,7001,9.2,1.6,0,0,Rotational
Dan Gadzuric,gadzuda01,8256,16.1,-1.3,0,0,Rotational
Dan Godfread,godfrda01,22,0.1,0,0,0,Rotational
Dan Hester,hesteda01,1110,1,0,0,0,Rotational
Dan Issel,isselda01,41784,158,33.9,7,1,Superstar
Dan King,kingda01,103,0,0,0,0,Rotational
Dan Kraus,krausda01,0,-0.3,0,0,0,Rotational
Dan Langhi,langhda01,1290,0.20000000000000004,-1,0,0,Rotational
Dan Majerle,majerda01,30206,78.4,29.8,3,0,All-Star
Dan McClintock,mcclida01,58,0,-0.1,0,0,Rotational
Dan O'Sullivan,osullda01,314,0.4,-0.4,0,0,Rotational
Dan Roundfield,roundda01,24210,66.3,19.6,3,3,Superstar
Dan Sparks,sparkda01,1190,0.7,0,0,0,Rotational
Dan Swartz,swartda01,335,1,0,0,0,Rotational
Dan Tieman,tiemada01,176,-0.5,0,0,0,Rotational
Dana Barros,barroda01,19480,49.699999999999996,18.2,1,0,All-Star
Dana Pagett,pagetda01,34,-0.1,0,0,0,Rotational
Dane Suttle,suttlda01,493,0.9,0.2,0,0,Rotational
Daniel Ewing,ewingda01,1683,0.8,-0.4,0,0,Rotational
Daniel Gafford,gaffoda01,11290,46.5,11.1,0,0,Starter
Daniel Gibson,gibsoda01,9316,15.899999999999999,2.3,0,0,Rotational
Daniel Hamilton,hamilda02,232,0,-0.1,0,0,Rotational
Daniel Ochefu,ochefda01,75,0,-0.1,0,0,Rotational
Daniel Orton,ortonda01,542,1.1,-0.1,0,0,Rotational
Daniel Oturu,oturuda01,188,0.4,-0.1,0,0,Rotational
Daniel Santiago,santida01,1418,1.7999999999999998,-0.6,0,0,Rotational
Daniel Theis,theisda01,11326,32.1,4.3,0,0,Starter
Danilo Gallinari,gallida01,25144,72.5,22.4,0,0,All-Star
Daniss Jenkins,jenkida01,1478,2.8,0.4,0,0,Rotational
Danny Ainge,aingeda01,30132,78.2,24.6,1,0,All-Star
Danny Doyle,doyleda01,25,0.1,0,0,0,Rotational
Danny Ferry,ferryda01,18133,34.7,4.9,0,0,Starter
Danny Finn,finnda01,3397,0.9999999999999999,0,0,0,Rotational
Danny Fortson,fortsda01,8832,22.4,-2.6,0,0,Starter
Danny Granger,grangda01,19334,49.8,17.8,1,0,All-Star
Danny Green,greenda02,21037,49.3,20.4,0,0,Starter
Danny Manning,mannida01,26722,58.6,20,2,1,All-Star
Danny Schayes,schayda01,24622,50.5,-0.9,0,0,All-Star
Danny Vranes,vraneda01,10624,15.3,0.8999999999999999,0,0,Starter
Danny Wagner,wagneda01,0,0.6,0,0,0,Rotational
Danny Wolf,wolfda01,1187,0.8,-0.2,0,0,Rotational
Danny Young,youngda01,10559,22,7,0,0,Starter
Dante Cunningham,cunnida01,18074,29.2,0.7,0,0,Starter
Dante Exum,exumda01,6490,7,-1.3,0,0,Rotational
Danuel House Jr.,houseda01,6998,11.1,0.6000000000000001,0,0,Rotational
Darel Carrier,carrida01,12338,30.5,0,3,0,All-Star
Darington Hobson,hobsoda01,39,-0.2,-0.1,0,0,Rotational
Dario Saric,saricda01,13949,25.9,3.6999999999999997,0,0,Starter
Dariq Whitehead,whiteda01,453,-0.1,-0.4,0,0,Rotational
Darius Bazley,bazleda01,6304,4.5,-0.3,0,0,Rotational
Darius Brown II,brownda04,3,0,0,0,0,Rotational
Darius Days,daysda01,25,0.1,0,0,0,Rotational
Darius Garland,garlada01,15381,29.799999999999997,8.4,2,0,All-Star
Darius Johnson-Odom,johnsda03,21,-0.3,-0.1,0,0,Rotational
Darius Miles,milesda01,13809,13.1,4.3,0,0,Starter
Darius Miller,milleda01,5358,6.4,-0.3,0,0,Rotational
Darius Morris,morrida01,1777,-0.3,-1.3,0,0,Rotational
Darius Songaila,songada01,9229,15.9,-0.1,0,0,Rotational
Darius Washington,washida01,146,0,-0.1,0,0,Rotational
Darko Miličić,milicda01,10090,8.8,-0.4,0,0,Starter
Darnell Hillman,hillmda01,19575,34.5,2.9,0,0,Starter
Darnell Jackson,jacksda01,1162,1,-1.2,0,0,Rotational
Darnell Mee,meeda01,293,-0.1,-0.1,0,0,Rotational
Darnell Valentine,valenda01,15612,23.1,5.7,0,0,Starter
Darrall Imhoff,imhofda01,18354,29.8,0,1,0,All-Star
Darrel Brown,brownda01,0,0,0,0,0,Rotational
Darrell Allums,allumda01,276,-0.3,-0.3,0,0,Rotational
Darrell Armstrong,armstda01,20903,50.5,21.6,0,2,All-Star
Darrell Arthur,arthuda01,8945,12.5,-0.3,0,0,Rotational
Darrell Elston,elstoda01,1909,-0.3,-0.6,0,0,Rotational
Darrell Griffith,griffda01,21403,22,3.5,0,0,Starter
Darrell Hardy,hardyda01,172,0.5,0,0,0,Rotational
Darrell Lockhart,lockhda01,14,0,0,0,0,Rotational
Darrell Walker,walkeda01,19112,27.599999999999998,13,0,0,Starter
Darren Collison,collida01,20833,49.7,13.4,0,0,Starter
Darren Daye,dayeda01,5939,9.9,1.9,0,0,Rotational
Darren Morningstar,mornida01,734,0.7,-0.4,0,0,Rotational
Darren Tillis,tillida01,1782,1.5,-1,0,0,Rotational
Darrick Martin,martida01,10314,10.2,-1.5,0,0,Starter
Darrin Hancock,hancoda01,1528,1.2000000000000002,-0.5,0,0,Rotational
Darrun Hilliard,hillida01,859,0.3,-0.5,0,0,Rotational
Darryl Dawkins,dawkida01,17268,46.2,7.6,0,0,Starter
Darryl Johnson,johnsda02,28,0,0,0,0,Rotational
Darryl Watkins,watkida01,169,-0.1,-0.2,0,0,Rotational
Darvin Ham,hamda01,5496,5.7,-2,0,0,Rotational
Darwin Cook,cookda01,15299,23.8,9.1,0,0,Starter
Daryl Macon,maconda01,104,0,-0.1,0,0,Rotational
Dave Batton,battoda01,589,0.7,0,0,0,Rotational
Dave Bing,bingda01,32769,68.7,5.6,7,5,Superstar
Dave Britton,brittda01,9,0,0,0,0,Rotational
Dave Budd,buddda01,6389,11.7,0,0,0,Rotational
Dave Corzine,corzida01,20772,37.5,7,0,0,Starter
Dave Cowens,cowenda01,29565,86.3,21.6,8,5,Superstar
Dave DeBusschere,debusda01,34145,66.2,2.5,8,3,Superstar
Dave Deutsch,deutsda01,93,-0.5,0,0,0,Rotational
Dave Fedor,fedorda01,27,-0.1,0,0,0,Rotational
Dave Feitl,feitlda01,3001,1.5,-3,0,0,Rotational
Dave Gambee,gambeda01,16247,39.3,0,0,0,Starter
Dave Greenwood,greenda01,24773,48.6,7.2,0,0,Starter
Dave Gunther,gunthda01,5,0,0,0,0,Rotational
Dave Henderson,hendeda01,351,-0.4,-0.4,0,0,Rotational
Dave Hoppen,hoppeda01,3198,4.5,-2.1,0,0,Rotational
Dave Jamerson,jamerda01,608,0.1,-0.4,0,0,Rotational
Dave Johnson,johnsda01,475,-0.3,-0.8,0,0,Rotational
Dave Lattin,lattida01,4157,6.4,0,0,0,Rotational
Dave Lee,leeda01,769,1.9000000000000001,0,0,0,Rotational
Dave Magley,magleda01,56,-0.1,-0.1,0,0,Rotational
Dave Meyers,meyerda01,7471,13.5,2.5,0,0,Rotational
Dave Minor,minorda01,4778,6.300000000000001,0,0,0,Rotational
Dave Newmark,newmada01,2228,1.9,0,0,0,Rotational
Dave Piontek,piontda01,9456,8.2,0,0,0,Rotational
Dave Popson,popsoda01,302,-0.3,-0.4,0,0,Rotational
Dave Robisch,robisda01,29302,78.6,14,0,0,All-Star
Dave Schellhase,schelda01,513,-0.6,0,0,0,Rotational
Dave Scholz,scholda01,1,0,0,0,0,Rotational
Dave Sorenson,sorenda01,4612,6.1,0,0,0,Rotational
Dave Stallworth,stallda01,12534,23.1,0.2,0,0,Starter
Dave Twardzik,twardda01,13241,33.4,7.2,1,0,All-Star
Dave Wohl,wohlda01,12116,9,-1.8,0,0,Starter
Dave Zeller,zelleda01,278,-0.1,0,0,0,Rotational
David Andersen,anderda03,1637,1.9,-0.3,0,0,Rotational
David Benoit,benoida01,10437,18.3,-0.2,0,0,Starter
David Burns,burnsda01,174,-0.3,-0.3,0,0,Rotational
David Bustion,bustida01,355,0.7,0,0,0,Rotational
David Cooke,cookeda01,38,0,0,0,0,Rotational
David Duke Jr.,dukeda01,654,0.3,-0.5,0,0,Rotational
David Harrison,harrida01,2686,3.0999999999999996,-1.7,0,0,Rotational
David Johnson,johnsda08,2,0,0,0,0,Rotational
David Jones Garcia,jonesda06,68,0.3,0.1,0,0,Rotational
David Lee,leeda02,25196,78.9,19.9,2,1,All-Star
David Noel,noelda01,792,0.4,-0.2,0,0,Rotational
David Nwaba,nwabada01,4583,8,0.4,0,0,Rotational
David Pope,popeda01,203,-0.1,-0.3,0,0,Rotational
David Rivers,riverda01,1286,-0.3,-0.7,0,0,Rotational
David Robinson,robinda01,34271,178.8,82.1,10,10,Superstar
David Roddy,roddyda01,4505,2.6,-2.3,0,0,Rotational
David Stockton,stockda01,42,0.1,0,0,0,Rotational
David Thirdkill,thirdda01,1652,1.3,-1.2,0,0,Rotational
David Thompson,thompda01,19406,63.1,21.3,5,3,Superstar
David Vanterpool,vanteda01,411,0,-0.2,0,0,Rotational
David Vaughn,vaughda01,2593,1.5,0.1,0,0,Rotational
David Vaughn,vaughda02,1645,1,-1.7,0,0,Rotational
David Wear,wearda01,7,0,0,0,0,Rotational
David Wesley,wesleda01,33046,66.5,16.8,0,0,All-Star
David West,westda01,29144,86,27.6,2,0,All-Star
David Wingate,wingada01,13243,11.799999999999999,-1.2,0,0,Starter
David Wood,woodda01,6323,11.4,-1.4,0,0,Rotational
Davion Mitchell,mitchda01,10678,13.2,-1.6,0,0,Starter
Davon Reed,reedda01,1641,1.5000000000000002,-0.6,0,0,Rotational
Day'Ron Sharpe,sharpda01,3931,11.9,2.1,0,0,Rotational
De'Aaron Fox,foxde01,22132,44.7,16.4,2,1,All-Star
De'Andre Hunter,huntede01,13912,18.6,-1.8,0,0,Starter
De'Anthony Melton,meltode01,9272,14.8,5.2,0,0,Rotational
DeAndre Jordan,jordade01,30735,108.6,24.5,1,0,Superstar
DeAndre Liggins,liggide01,3408,2.6,-0.3,0,0,Rotational
DeAndre' Bembry,bembrde01,6696,6.6000000000000005,-2.78E-17,0,0,Rotational
DeJon Jarreau,jarrede01,382,-0.2,-0.3,0,0,Rotational
DeJuan Blair,blairde01,7054,19,1.5,0,0,Rotational
DeJuan Wheat,wheatde01,740,0.5,0,0,0,Rotational
DeMar DeRozan,derozde01,43634,114.2,30.5,6,3,Superstar
DeMarco Johnson,johnsde02,37,-0.1,-0.1,0,0,Rotational
DeMarcus Cousins,couside01,23405,57.2,27.7,4,0,All-Star
DeMarcus Nelson,nelsode01,171,-0.3,-0.2,0,0,Rotational
DeMarre Carroll,carrode01,14363,30.4,6.699999999999999,0,0,Starter
DeQuan Jones,jonesde01,803,0.1,-0.5,0,0,Rotational
DeSagana Diop,diopde01,10734,17.299999999999997,0.5999999999999999,0,0,Starter
DeShawn Stevenson,stevede01,21723,13.399999999999999,-4.8,0,0,Starter
DeVaughn Akoon-Purcell,akoonde01,22,0,0,0,0,Rotational
DeWayne Scales,scalede01,521,0.19999999999999998,-0.4,0,0,Rotational
Dean Garrett,garrede01,7152,14,0.7,0,0,Rotational
Dean Meminger,meminde01,8554,16.7,2.6,0,0,Rotational
Dean Oliver,olivede01,232,-0.2,-0.3,0,0,Rotational
Dean Tolson,tolsode01,681,2.2,0.7,0,0,Rotational
Dean Wade,wadede01,6832,14.9,2.9,0,0,Rotational
Deandre Ayton,aytonde01,14230,43.7,9.2,0,0,Starter
Deb Smith,smithde01,0,0.7,0,0,0,Rotational
Dedric Willoughby,willode01,508,0.4,0.1,0,0,Rotational
Dee Brown,brownde01,18562,36.8,12.6,0,0,Starter
Dee Brown,brownde03,972,0,-0.4,0,0,Rotational
Dee Gibson,gibsode01,0,2.7,0,0,0,Rotational
Deividas Sirvydis,sirvyde01,160,-0.1,-0.1,0,0,Rotational
Dejounte Murray,murrade01,15134,26.8,12.9,1,0,All-Star
Del Beshore,beshode01,870,-0.9,-0.7,0,0,Rotational
Delaney Rudd,ruddde01,2357,0.7,-1.2,0,0,Rotational
Dell Curry,curryde01,23549,41.4,17.2,0,0,Starter
Dell Demps,dempsde01,108,0.2,0,0,0,Rotational
Delon Wright,wrighde01,15999,39.8,15,0,0,Starter
Delonte West,westde01,13375,25.7,9.1,0,0,Starter
Demetris Nichols,nichode01,116,-0.4,-0.2,0,0,Rotational
Demetrius Calip,calipde01,58,-0.2,-0.1,0,0,Rotational
Demetrius Jackson,jacksde01,216,0.1,0,0,0,Rotational
Deng Adel,adelde01,194,-0.2,-0.3,0,0,Rotational
Deng Gai,gaide01,5,0,0,0,0,Rotational
Deni Avdija,avdijde01,11878,21.7,5.9,1,0,All-Star
Dennis Awtrey,awtrede01,16592,28.3,2.1,0,0,Starter
Dennis Bell,bellde01,545,0.1,0,0,0,Rotational
Dennis Boyd,boydde01,40,-0.2,-0.1,0,0,Rotational
Dennis DuVal,duvalde01,267,0,-0.1,0,0,Rotational
Dennis Grey,greyde01,1391,0.49999999999999994,0,0,0,Rotational
Dennis Hamilton,hamilde01,1861,4,0,0,0,Rotational
Dennis Holman,holmade01,554,0.3,0,0,0,Rotational
Dennis Hopson,hopsode01,8823,9.200000000000001,1.4,0,0,Rotational
Dennis Horner,hornede01,22,0,0,0,0,Rotational
Dennis Johnson,johnsde01,35954,82.7,24.6,5,4,Superstar
Dennis Nutt,nuttde01,91,0.3,0.1,0,0,Rotational
Dennis Rodman,rodmade01,28839,89.8,21.2,2,4,Superstar
Dennis Schroder,schrode01,32846,45.5,2.7,0,0,Starter
Dennis Scott,scottde01,21011,37,10.3,0,0,Starter
Dennis Smith Jr.,smithde03,9529,2.9000000000000004,0.10000000000000003,0,0,Rotational
Dennis Stewart,stewade01,72,-0.2,0,0,0,Rotational
Dennis Van Zant,vanzade01,2,0,0,0,0,Rotational
Dennis Wuycik,wuycide01,1684,2.2,-0.3,0,0,Rotational
Denzel Valentine,valende01,5039,4.7,0.2,0,0,Rotational
Deonte Burton,burtode02,602,-0.4,-0.5,0,0,Rotational
DerMarr Johnson,johnsde03,5930,6.4,0.5999999999999999,0,0,Rotational
Dereck Lively II,livelde01,2242,8.6,2,0,0,Rotational
Derek Anderson,anderde01,19022,45.3,13.600000000000001,0,0,Starter
Derek Fisher,fishede01,34802,63.9,8.1,0,0,All-Star
Derek Grimm,grimmde01,34,0,0,0,0,Rotational
Derek Harper,harpede01,39990,90.8,36.9,0,0,All-Star
Derek Hood,hoodde01,4,-0.1,0,0,0,Rotational
Derek Smith,smithde02,11120,19.2,2.9,0,0,Starter
Derek Strong,stronde01,8548,18.5,-0.4,0,0,Rotational
Dereon Seabron,seabrde01,67,0.1,0,0,0,Rotational
Derik Queen,queende01,2023,2.7,0.6,0,0,Rotational
Dermie O'Connell,oconnde01,0,-5.6,0,0,0,Rotational
Deron Williams,willide01,32987,87.1,31.6,3,2,All-Star
Derrek Dickey,dickede01,5838,11.6,0.7,0,0,Rotational
Derrick Alston,alstode01,2657,2.5999999999999996,-0.6,0,0,Rotational
Derrick Brown,brownde04,3130,5.6,0.5,0,0,Rotational
Derrick Byars,byarsde01,37,0.1,0,0,0,Rotational
Derrick Caracter,caracde01,215,0.3,-0.3,0,0,Rotational
Derrick Chievous,chievde01,2831,3.9000000000000004,-0.7,0,0,Rotational
Derrick Coleman,colemde01,25903,64.2,22.3,1,0,All-Star
Derrick Dial,dialde01,986,0.8,-0.1,0,0,Rotational
Derrick Favors,favorde01,20737,63,13.4,0,0,All-Star
Derrick Gervin,gervide01,1082,2.1,0.30000000000000004,0,0,Rotational
Derrick Jones Jr.,jonesde02,11679,26.8,3.6,0,0,Starter
Derrick McKey,mckeyde01,27229,61.7,20.3,0,0,All-Star
Derrick Phelps,phelpde01,5,0,0,0,0,Rotational
Derrick Rose,rosede01,23753,47.6,19,3,3,Superstar
Derrick Rowland,rowlade01,9,0,0,0,0,Rotational
Derrick Walton,waltode01,751,1.4,0.1,0,0,Rotational
Derrick White,whitede01,18905,51.8,20.2,0,0,All-Star
Derrick Williams,willide02,11488,17.8,0.6000000000000001,0,0,Starter
Derrick Zimmerman,zimmede01,32,0,-0.1,0,0,Rotational
Desmon Farmer,farmede01,86,-0.1,-0.1,0,0,Rotational
Desmond Bane,banede01,12030,32.9,12.6,0,0,Starter
Desmond Ferguson,fergude01,32,0,0,0,0,Rotational
Desmond Mason,masonde01,22404,28.3,-1.7,0,0,Starter
Desmond Penigar,penigde01,89,0.1,-0.1,0,0,Rotational
Detlef Schrempf,schrede01,35447,113.8,33.2,3,1,Superstar
Devean George,georgde01,11682,18.3,1.4,0,0,Starter
Devin Booker,bookede01,25295,57.9,20.2,5,1,All-Star
Devin Brown,brownde02,10175,13.299999999999999,0.30000000000000004,0,0,Starter
Devin Cannady,cannade01,219,0.2,0,0,0,Rotational
Devin Carter,cartede02,1096,0.6000000000000001,-0.2,0,0,Rotational
Devin Durrant,durrade01,807,-0.2,-0.6,0,0,Rotational
Devin Ebanks,ebankde01,711,0.6,-0.5,0,0,Rotational
Devin Gray,grayde01,222,-0.1,-0.4,0,0,Rotational
Devin Green,greende01,135,-0.1,-0.2,0,0,Rotational
Devin Harris,harride01,29579,67.2,18.6,1,0,All-Star
Devin Robinson,robinde01,108,0.3,0.1,0,0,Rotational
Devin Vassell,vassede01,10446,16.7,4.3,0,0,Starter
Devon Dotson,dotsode01,188,0.30000000000000004,0,0,0,Rotational
Devon Hall,hallde01,81,-0.2,-0.1,0,0,Rotational
Devontae Cacok,cacokde01,228,0.8,0.2,0,0,Rotational
Devonte' Graham,grahade01,9697,15.3,3.8000000000000003,0,0,Rotational
Devyn Marble,marblde01,457,-0.2,-0.4,0,0,Rotational
Dewan Hernandez,hernade01,28,0,-0.1,0,0,Rotational
Dewayne Dedmon,dedmode01,10486,25,1.2000000000000002,0,0,Starter
Dewitt Menyard,menyade01,1756,1.1,0,1,0,All-Star
Dexter Boney,boneyde01,48,0,0,0,0,Rotational
Dexter Cambridge,cambrde01,885,0.4,-0.5,0,0,Rotational
Dexter Dennis,dennide01,30,0,0,0,0,Rotational
Dexter Pittman,pittmde01,379,0.29999999999999993,-0.5,0,0,Rotational
Dexter Shouse,shousde01,18,-0.1,0,0,0,Rotational
Dexter Westbrook,westbde01,254,0.6,0,0,0,Rotational
Deyonta Davis,davisde01,1299,3.6,-0.1,0,0,Rotational
Diamond Stone,stonedi01,24,-0.1,-0.1,0,0,Rotational
Diante Garrett,garredi02,1197,-1,-0.8,0,0,Rotational
Dick Atha,athadi01,448,0.7,0,0,0,Rotational
Dick Barnett,barnedi01,28937,68.8,0,1,0,All-Star
Dick Bunt,buntdi01,542,-0.6,0,0,0,Rotational
Dick Clark,clarkri01,1137,-0.2,0,0,0,Rotational
Dick Cunningham,cunnidi01,3792,4.2,0,0,0,Rotational
Dick Dickey,dickedi01,440,0.3,0,0,0,Rotational
Dick Duckett,duckedi01,424,0.2,0,0,0,Rotational
Dick Farley,farledi01,3822,8.3,0,0,0,Rotational
Dick Fitzgerald,fitzgdi01,0,-0.9,0,0,0,Rotational
Dick Garmaker,garmadi01,14087,28.7,0,4,0,All-Star
Dick Garrett,garredi01,9055,5.9,-0.8,0,0,Rotational
Dick Gibbs,gibbsdi01,5045,2,-1,0,0,Rotational
Dick Groat,groatdi01,663,2,0,0,0,Rotational
Dick Grubar,grubadi01,8,0,0,0,0,Rotational
Dick Hemric,hemridi01,2384,5.2,0,0,0,Rotational
Dick Holub,holubdi01,0,4.2,0,0,0,Rotational
Dick Knostman,knostdi01,47,0.2,0,0,0,Rotational
Dick Lee,leedi01,2,0,0,0,0,Rotational
Dick McGuire,mcguidi01,17170,51,0,7,1,All-Star
Dick Mehen,mehendi01,2294,10,0,0,0,Rotational
Dick Miller,milledi01,106,-0.3,-0.1,0,0,Rotational
Dick Murphy,murphdi01,0,-1,0,0,0,Rotational
Dick Nemelka,nemeldi01,504,0.5,0,0,0,Rotational
Dick O'Keefe,okeefdi01,0,1.7000000000000002,0,0,0,Rotational
Dick Ricketts,rickedi01,7620,2,0,0,0,Rotational
Dick Rosenthal,rosendi01,1594,1.9,0,0,0,Rotational
Dick Schnittker,schnidi01,6744,22,0,0,0,Starter
Dick Schulz,schuldi01,0,5.6,0,0,0,Rotational
Dick Shrider,shriddi01,0,0,0,0,0,Rotational
Dick Snyder,snydedi01,28113,64.4,5.4,0,0,All-Star
Dick Surhoff,surhodi01,545,0.19999999999999996,0,0,0,Rotational
Dick Triptow,triptdi01,0,1.4,0,0,0,Rotational
Dick Van Arsdale,vanardi01,31771,75.1,2.5,3,0,All-Star
Dick Wehr,wehrdi01,0,-0.1,0,0,0,Rotational
Dickey Simpkins,simpkdi01,5634,5.3999999999999995,-3.4,0,0,Rotational
Didi Louzada,louzama01,314,-0.1,-0.5,0,0,Rotational
Dijon Thompson,thompdi01,93,0.2,0.1,0,0,Rotational
Dike Eddleman,eddledi01,5379,7.2,0,2,0,All-Star
Dikembe Mutombo,mutomdi01,39382,125.2,36.3,8,1,Superstar
Dillard Crocker,crockdi01,2342,3.0000000000000004,0,0,0,Rotational
Dillon Brooks,brookdi01,16205,16.9,-5.3,0,0,Starter
Dillon Jones,jonesdi01,590,0.9,-0.3,0,0,Rotational
Dino Martin,martidi01,0,1.7999999999999998,0,0,0,Rotational
Dino Radja,radjadi01,7308,14.2,3,0,0,Rotational
Dion Glover,glovedi01,7775,7,0.2,0,0,Rotational
Dion Waiters,waitedi01,14250,10,-1,0,0,Starter
Dionte Christmas,chrisdi01,198,0.3,0,0,0,Rotational
Dirk Minniefield,minnidi01,6471,6.3,0.19999999999999996,0,0,Rotational
Dirk Nowitzki,nowitdi01,51368,206.4,85,14,12,Superstar
Dmytro Skapintsev,skapidm01,2,0,0,0,0,Rotational
Doc Rivers,riverdo01,24556,70.2,31.5,1,0,All-Star
Dolph Schayes,schaydo01,29800,142.3,0,12,6,Superstar
Domantas Sabonis,sabondo01,22599,78.1,30.8,3,2,All-Star
Dominic McGuire,mcguido01,6042,4.1,-0.4,0,0,Rotational
Dominic Pressley,pressdo01,248,-0.3,-0.2,0,0,Rotational
Dominick Barlow,barlodo01,2892,6.7,0.10000000000000003,0,0,Rotational
Dominique Jones,jonesdo02,741,0.2,-0.1,0,0,Rotational
Dominique Wilkins,wilkido01,40748,126.1,53.6,9,7,Superstar
Don Ackerman,ackerdo01,220,-0.6,0,0,0,Rotational
Don Adams,adamsdo01,17419,13.3,0,0,0,Starter
Don Anielak,anieldo01,10,-0.1,0,0,0,Rotational
Don Asmonga,asmondo01,46,-0.3,0,0,0,Rotational
Don Barksdale,barksdo01,7460,9.1,0,1,0,All-Star
Don Bielke,bielkdo01,38,0.2,0,0,0,Rotational
Don Boven,bovendo01,4728,9.7,0,0,0,Rotational
Don Buse,busedo01,26180,57.2,22.9,2,0,All-Star
Don Carlos,carlodo01,1527,2.7,0,0,0,Rotational
Don Carlson,carlsdo01,0,11.4,0,0,0,Rotational
Don Chaney,chanedo01,19716,36.6,4.1,0,0,Starter
Don Collins,collido02,7979,13,4.2,0,0,Rotational
Don Dee,deedo01,989,-0.3,0,0,0,Rotational
Don Eliason,eliasdo01,0,0,0,0,0,Rotational
Don Ford,forddo01,10300,14.3,0.39999999999999997,0,0,Starter
Don Grate,gratedo01,0,0,0,0,0,Rotational
Don Hanrahan,hanrado01,121,0.2,0,0,0,Rotational
Don Henriksen,henrido01,5591,5.3,0,0,0,Rotational
Don Kojis,kojisdo01,19241,35.8,1.1,2,0,All-Star
Don Lofgran,lofgrdo01,3422,2.9,0,0,0,Rotational
Don MacLean,macledo01,6679,9.299999999999999,-0.9,0,0,Rotational
Don Martin,martido01,0,1.1,0,0,0,Rotational
Don May,maydo01,7538,12.6,-0.3,0,0,Rotational
Don Nelson,nelsodo01,21685,74.6,4.1,0,0,All-Star
Don Ohl,ohldo01,24332,33.5,0,5,0,All-Star
Don Otten,ottendo01,3962,40.1,0,0,0,Starter
Don Putman,putnado01,0,2,0,0,0,Rotational
Don Ray,raydo01,0,1.3,0,0,0,Rotational
Don Rehfeldt,rehfedo01,1576,4.300000000000001,0,0,0,Rotational
Don Reid,reiddo01,5872,14.799999999999999,-0.3,0,0,Rotational
Don Savage,savagdo01,173,-0.1,0,0,0,Rotational
Don Sidle,sidledo01,11699,30.9,0,0,0,Starter
Don Smith,smithdo01,0,-0.1,0,0,0,Rotational
Don Smith,smithdo02,538,0,-0.2,0,0,Rotational
Don Sunderlage,sundedo01,2636,2.7,0,1,0,All-Star
Don Washington,washido01,496,0.4,-0.4,0,0,Rotational
Donald Hodge,hodgedo01,3616,1.9,-2,0,0,Rotational
Donald Royal,royaldo01,9623,20.5,0.2,0,0,Starter
Donald Sloan,sloando01,4681,3.8,-0.8,0,0,Rotational
Donald Whiteside,whitedo01,275,0.1,-0.1,0,0,Rotational
Donatas Motiejūnas,motiedo01,4566,7.2,-0.5,0,0,Rotational
Donell Taylor,taylodo01,834,0,-0.1,0,0,Rotational
Donnell Harvey,harvedo01,4942,7.4,-0.8,0,0,Rotational
Donnie Boyce,boycedo01,195,-0.3,-0.2,0,0,Rotational
Donnie Butcher,butchdo01,7056,5.7,0,0,0,Rotational
Donnie Forman,formado01,0,0.8,0,0,0,Rotational
Donnie Freeman,freemdo01,23440,65.6,1.6,5,0,All-Star
Donny Marshall,marshdo02,919,0.8,-0.4,0,0,Rotational
Donovan Clingan,clingdo01,3418,12.6,3.2,0,0,Rotational
Donovan Mitchell,mitchdo01,20585,60.1,29.400000000000002,7,2,All-Star
Donovan Williams,willido02,4,0,0,0,0,Rotational
Donta Hall,halldo01,445,1.6,0,0,0,Rotational
Donta Smith,smithdo04,560,0.5,-0.2,0,0,Rotational
Dontae' Jones,jonesdo01,91,-0.3,-0.2,0,0,Rotational
Donte DiVincenzo,divindo01,14111,29.8,9.9,0,0,Starter
Donte Grantham,grantdo01,2,0,0,0,0,Rotational
Dontell Jefferson,jeffedo01,84,0.2,0,0,0,Rotational
Dontonio Wingfield,wingfdo01,1146,1.7000000000000002,-0.1,0,0,Rotational
Donté Greene,greendo01,4259,1.5999999999999999,-1,0,0,Rotational
Donyell Marshall,marshdo01,30441,70,22.6,0,0,All-Star
Dorell Wright,wrighdo01,12280,26,9.3,0,0,Starter
Dorian Finney-Smith,finnedo01,20968,33.8,4.1,0,0,Starter
Dorie Murrey,murredo01,5202,8.100000000000001,0,0,0,Rotational
Doron Lamb,lambdo01,1849,-0.2,-2.1,0,0,Rotational
Doug Bolstorff,bolstdo01,21,0,0,0,0,Rotational
Doug Christie,chrisdo01,28640,58.1,21.2,0,0,All-Star
Doug Collins,collido01,13945,38,8.5,4,1,All-Star
Doug Edwards,edwardo01,838,0.30000000000000004,-0.7,0,0,Rotational
Doug Holcomb,holcodo01,0,0.1,0,0,0,Rotational
Doug Kistler,kistldo01,13,0,0,0,0,Rotational
Doug Lee,leedo01,415,0.8,-0.1,0,0,Rotational
Doug McDermott,mcderdo01,18191,27.599999999999998,-1.2,0,0,Starter
Doug Moe,moedo01,12081,25.5,0,3,0,All-Star
Doug Overton,overtdo01,9027,1.9,-4.8,0,0,Rotational
Doug Roth,rothdo01,412,0.4,-0.3,0,0,Rotational
Doug Sims,simsdo01,12,0,0,0,0,Rotational
Doug Smith,smithdo03,5833,2.9999999999999996,-2.4,0,0,Rotational
Doug West,westdo01,16649,17.8,-4.2,0,0,Starter
Doyle Parrack,parrado01,0,1.1,0,0,0,Rotational
Dragan Bender,bendedr01,4041,0.9,-2,0,0,Rotational
Dragan Tarlać,tarladr01,598,-0.2,-0.8,0,0,Rotational
Drake Powell,poweldr01,1320,-0.1,-1.3,0,0,Rotational
Draymond Green,greendr01,27151,66.3,28.1,4,1,All-Star
Dražen Petrović,petrodr01,8684,24,5.6,0,0,Starter
Drew Barry,barrydr01,757,0.7,-0.3,0,0,Rotational
Drew Eubanks,eubandr01,8427,21.7,2.2,0,0,Starter
Drew Gooden,goodedr01,27141,56,3.4,0,0,All-Star
Drew Gordon,gordodr01,71,-0.1,-0.1,0,0,Rotational
Drew Peterson,peterdr01,273,0.4,0,0,0,Rotational
Drew Timme,timmedr01,489,0.4,-0.3,0,0,Rotational
Dru Smith,smithdr01,1856,4.7,1.7,0,0,Rotational
Duane Causwell,causwdu01,9409,15.799999999999999,-0.7,0,0,Rotational
Duane Cooper,coopedu01,781,-0.5,-0.8,0,0,Rotational
Duane Ferrell,ferredu01,8734,15.6,0.5,0,0,Rotational
Duane Klueh,kluehdu01,0,9.7,0,0,0,Rotational
Duane Washington,washidu01,184,0.30000000000000004,0.2,0,0,Rotational
Duane Washington Jr.,washidu02,1362,-0.5,-1,0,0,Rotational
Duck Williams,willidu01,1794,-0.3,-0.9,0,0,Rotational
Dudley Bradley,bradldu01,11629,18.4,7.800000000000001,0,0,Starter
Duje Dukan,dukandu01,24,0,0,0,0,Rotational
Duncan Robinson,robindu01,13126,26,4.2,0,0,Starter
Duop Reath,reathdu01,1941,4,0.6,0,0,Rotational
Dusty Hannahs,hannadu01,39,-0.1,-0.1,0,0,Rotational
Dwaine Dillard,dilladw01,19,0,0,0,0,Rotational
Dwayne Bacon,bacondw01,4012,0.7999999999999999,-3.1,0,0,Rotational
Dwayne Jones,jonesdw02,636,1.4000000000000001,-0.3,0,0,Rotational
Dwayne McClain,mccladw01,461,-0.3,-0.2,0,0,Rotational
Dwayne Morton,mortodw01,395,0.2,-0.1,0,0,Rotational
Dwayne Polee,poleedw01,6,0,0,0,0,Rotational
Dwayne Schintzius,schindw01,1950,0.9,-1.4,0,0,Rotational
Dwayne Whitfield,whitfdw01,122,0,-0.2,0,0,Rotational
Dwight Anderson,anderdw01,33,0,0,0,0,Rotational
Dwight Buycks,buyckdw01,696,0.30000000000000004,-0.1,0,0,Rotational
Dwight Davis,davisdw01,8010,11.4,0.3,0,0,Rotational
Dwight Howard,howardw01,39457,142,39.1,8,5,Superstar
Dwight Jones,jonesdw01,19064,30.7,1.1,0,0,Starter
Dwight Powell,poweldw01,13705,51.1,9.1,0,0,All-Star
Dwight Waller,walledw01,126,0,0,0,0,Rotational
Dwyane Wade,wadedw01,37309,121.9,63.1,13,8,Superstar
Dylan Cardwell,cardwdy01,907,2.3,0,0,0,Rotational
Dylan Harper,harpedy01,1558,4.2,1.3,0,0,Rotational
Dylan Windler,windldy01,1198,1.9,0.1,0,0,Rotational
Dyron Nix,nixdy01,109,0,-0.1,0,0,Rotational
Dyson Daniels,daniedy01,7491,15.799999999999999,5.3,0,0,Rotational
Dāvis Bertāns,bertada01,10027,20.4,4.7,0,0,Starter
Džanan Musa,musadz01,526,0.1,-0.4,0,0,Rotational
E'Twaun Moore,mooreet01,12564,14.8,0.3,0,0,Starter
E.C. Coleman,colemec01,9310,12.8,0,0,0,Rotational
E.J. Liddell,liddeej01,425,0.6,-0.1,0,0,Rotational
Earl Barron,barroea01,2449,-1,-3.5,0,0,Rotational
Earl Boykins,boykiea01,15477,31.2,8,0,0,Starter
Earl Clark,clarkea01,4862,3.4,-1,0,0,Rotational
Earl Cureton,curetea01,14393,17.2,-2.3,0,0,Starter
Earl Dodd,doddea01,0,-0.3,0,0,0,Rotational
Earl Evans,evansea01,381,0.1,-0.2,0,0,Rotational
Earl Gardner,gardnea01,0,0.7,0,0,0,Rotational
Earl Jones,jonesea01,50,0,-0.1,0,0,Rotational
Earl Lloyd,lloydea01,14477,19.3,0,0,0,Starter
Earl Monroe,monroea01,30973,80,9.700000000000001,4,3,Superstar
Earl Shannon,shannea01,0,7.6,0,0,0,Rotational
Earl Tatum,tatumea01,8984,12.9,3.4000000000000004,0,0,Rotational
Earl Watson,watsoea01,21072,21.9,3.5,0,0,Starter
Earl Williams,williea01,1882,2.7,0.30000000000000004,0,0,Rotational
Earle Higgins,higgiea01,467,0.8,0,0,0,Rotational
Earnie Killum,killuea01,12,-0.1,0,0,0,Rotational
Easy Parham,parhaea01,0,0.4,0,0,0,Rotational
Ed Bartels,barteed01,0,-1.7,0,0,0,Rotational
Ed Beach,beached01,0,-0.6,0,0,0,Rotational
Ed Biedenbach,biedeed01,18,-0.1,0,0,0,Rotational
Ed Burton,burtoed01,70,0,0,0,0,Rotational
Ed Conlin,conlied01,13347,16.1,0,0,0,Starter
Ed Dahler,dahleed01,112,0.1,0,0,0,Rotational
Ed Davis,davised01,15387,48.6,7,0,0,Starter
Ed Earle,earleed01,12,0,0,0,0,Rotational
Ed Fleming,flemied01,6186,10,0,0,0,Rotational
Ed Gayda,gaydaed01,0,0.6,0,0,0,Rotational
Ed Gray,grayed01,809,0.10000000000000009,-0.4,0,0,Rotational
Ed Horton,hortoed01,374,0.4,-0.3,0,0,Rotational
Ed Johnson,johnsed01,5650,9.5,0,0,0,Rotational
Ed Kalafat,kalafed01,4358,5.4,0,0,0,Rotational
Ed Kasid,kasided01,0,0,0,0,0,Rotational
Ed Leede,leedeed01,0,5.8,0,0,0,Rotational
Ed Macauley,macaued01,18071,100.5,0,7,0,Superstar
Ed Manning,mannied01,11011,14.2,0.7,0,0,Starter
Ed Melvin,melvied01,0,0.7,0,0,0,Rotational
Ed Mikan,mikaned01,3706,8.5,0,0,0,Rotational
Ed Nealy,nealyed01,7358,16.1,2,0,0,Rotational
Ed O'Bannon,obanned01,2871,1.5,-1.1,0,0,Rotational
Ed Peterson,petered01,0,8.1,0,0,0,Rotational
Ed Pinckney,pincked01,19420,52.6,11.4,0,0,All-Star
Ed Rains,rainsed01,929,0.7,-0.5,0,0,Rotational
Ed Ratleff,ratleed01,8433,13.7,5.3,0,0,Rotational
Ed Sadowski,sadowed01,0,52.2,0,0,0,All-Star
Ed Searcy,searced01,12,0,0,0,0,Rotational
Ed Sherod,sheroed01,1624,2.5,1.1,0,0,Rotational
Ed Smith,smithed01,127,-0.3,0,0,0,Rotational
Ed Stanczak,stanced01,0,6.5,0,0,0,Rotational
Ed Stokes,stokeed01,17,0,0,0,0,Rotational
Eddie Basden,basdeed01,141,0.2,0,0,0,Rotational
Eddie Gill,gilled01,2187,2.1,2.7755575615628914e-17,0,0,Rotational
Eddie Griffin,griffed01,6729,10.8,2.7,0,0,Rotational
Eddie House,houseed01,14513,22.9,6.6,0,0,Starter
Eddie Hughes,hugheed01,1158,1.4,0,0,0,Rotational
Eddie Johnson,johnsed02,21452,42.4,12.4,2,0,All-Star
Eddie Johnson,johnsed03,35602,72.9,12,0,0,All-Star
Eddie Jones,jonesed02,36253,109.7,46.2,3,0,Superstar
Eddie Jordan,jordaed01,11156,11.1,4.7,0,0,Starter
Eddie Lee Wilkins,wilkied01,3787,2.6,-4.2,0,0,Rotational
Eddie Mast,masted01,881,0.30000000000000004,0,0,0,Rotational
Eddie Miles,milesed01,16976,25.5,0,1,0,All-Star
Eddie Miller,milleed01,5693,5.300000000000001,0,0,0,Rotational
Eddie Owens,owensed01,63,0,0,0,0,Rotational
Eddie Phillips,philled01,416,0.1,-0.3,0,0,Rotational
Eddie Robinson,robined01,5345,10.2,2.3,0,0,Rotational
Eddy Curry,curryed01,13109,21.8,-1.3,0,0,Starter
Edgar Jones,jonesed01,9387,19.3,2.2,0,0,Rotational
Edgar Lacey,laceyed01,609,0.5,0,0,0,Rotational
Edmond Sumner,sumneed01,2256,3.2,-0.6,0,0,Rotational
Edmund Lawrence,lawreed01,19,0.1,0,0,0,Rotational
Eduardo Nájera,najered01,13083,27.1,2.3000000000000003,0,0,Starter
Edwin Ubiles,ubileed01,52,0,0,0,0,Rotational
Edy Tavares,tavarwa01,129,0.4,0,0,0,Rotational
Efthimios Rentzias,rentzef01,144,0.2,-0.1,0,0,Rotational
Egor Demin,demineg01,1308,0.9,0.1,0,0,Rotational
Ekpe Udoh,udohek01,6984,12.6,1,0,0,Rotational
Elden Campbell,campbel01,28494,68.9,10,0,0,All-Star
Eldridge Recasner,recasel01,5154,8.9,1,0,0,Rotational
Elfrid Payton,paytoel01,16213,17.3,3.3,0,0,Starter
Elgin Baylor,bayloel01,33863,104.10000000000001,0,11,9,Superstar
Elias Harris,harriel01,11,0,0,0,0,Rotational
Elie Okobo,okoboel01,1677,0.5,-0.9,0,0,Rotational
Elijah Bryant,bryanel01,32,0,0,0,0,Rotational
Elijah Harkless,harklej01,683,0.2,-0.6,0,0,Rotational
Elijah Hughes,hugheel01,932,-0.8,-1.1,0,0,Rotational
Elijah Millsap,millsel01,1120,0.4,-0.5,0,0,Rotational
Elliot Perry,perryel01,10727,14.200000000000001,3.3000000000000003,0,0,Starter
Elliot Williams,williel01,1589,0.8,-1.1,0,0,Rotational
Elmer Behnke,behnkel01,55,-0.1,0,0,0,Rotational
Elmer Bennett,benneel01,234,-0.5,-0.3,0,0,Rotational
Elmer Gainer,gaineel01,0,-0.3,0,0,0,Rotational
Elmore Morgenthaler,morgeel01,0,0.7,0,0,0,Rotational
Elmore Smith,smithel01,19343,37.5,10.1,0,1,All-Star
Elmore Spencer,spencel01,2699,-0.1,-1.7,0,0,Rotational
Elnardo Webster,webstel01,474,1,0,0,0,Rotational
Elston Turner,turneel01,9006,8.5,-2.78E-17,0,0,Rotational
Elton Brand,brandel01,34910,109.7,37.2,2,2,Superstar
Elton McGriff,mcgriel01,1359,2.3,0,0,0,Rotational
Elvin Hayes,hayesel01,50000,120.8,21.4,12,7,Superstar
Elvin Ivory,ivoryel01,188,0.1,0,0,0,Rotational
Em Bryant,bryanem01,11451,8.7,0,0,0,Starter
Emanual Davis,davisem01,3934,2.5,-0.5,0,0,Rotational
Emanuel Miller,milleem01,58,0.2,0,0,0,Rotational
Emanuel Terry,terryem01,64,0.1,-0.1,0,0,Rotational
Emeka Okafor,okafoem01,19055,45.3,6.9,0,0,Starter
Emmanuel Mudiay,mudiaem01,8432,-0.1,-2.8,0,0,Rotational
Emoni Bates,batesem01,208,-0.2,-0.2,0,0,Rotational
Enes Freedom,kanteen01,19876,64.60000000000001,9.4,0,0,All-Star
Ennis Whatley,whatlen01,7215,9.5,2.1,0,0,Rotational
Enrique Freeman,freemen01,218,0.30000000000000004,-0.2,0,0,Rotational
Eric Anderson,anderer01,83,0.2,0,0,0,Rotational
Eric Bledsoe,bledser01,23343,51.6,21.5,0,0,All-Star
Eric Dawson,dawsoer01,39,0.1,0,0,0,Rotational
Eric Fernsten,fernser01,1911,3.9,0.9,0,0,Rotational
Eric Gordon,gordoer01,30922,44.4,9.200000000000001,0,0,Starter
Eric Johnson,johnser01,272,-0.4,-0.3,0,0,Rotational
Eric Leckner,leckner01,6696,6.2,-6.4,0,0,Rotational
Eric Maynor,maynoer01,6455,5,-1.6,0,0,Rotational
Eric McWilliams,mcwiler01,245,-0.4,0,0,0,Rotational
Eric Mika,mikaer01,19,0.1,0,0,0,Rotational
Eric Mobley,mobleer01,2246,1.3,-1.5,0,0,Rotational
Eric Money,moneyer01,14355,17.900000000000002,1.9000000000000004,0,0,Starter
Eric Montross,montrer01,11647,10.6,-8,0,0,Starter
Eric Moreland,moreler01,941,2.3,0.5,0,0,Rotational
Eric Murdock,murdoer01,13555,28.099999999999998,13.299999999999999,0,0,Starter
Eric Paschall,pascher01,3085,5,-0.1,0,0,Rotational
Eric Piatkowski,piatker01,14613,31,7.8,0,0,Starter
Eric Riley,rileyer01,1844,2.5,-0.8,0,0,Rotational
Eric Snow,snower01,24050,44.8,6.3,0,0,Starter
Eric Washington,washier01,2300,0,-0.9,0,0,Rotational
Eric White,whiteer01,1224,1.8,-0.5,0,0,Rotational
Eric Williams,willier01,19060,28.4,-1.3,0,0,Starter
Erick Barkley,barkler01,266,0.1,-0.2,0,0,Rotational
Erick Dampier,dampier01,24003,52.6,4.2,0,0,All-Star
Erick Green,greener01,494,0.2,-0.2,0,0,Rotational
Erick Strickland,stricer01,11019,14.2,2.0999999999999996,0,0,Starter
Erik Daniels,danieer01,72,-0.1,-0.1,0,0,Rotational
Erik McCree,mccreer01,8,-0.1,0,0,0,Rotational
Erik Murphy,murpher01,62,-0.1,-0.1,0,0,Rotational
Ernest Brown,browner01,21,-0.2,-0.1,0,0,Rotational
Ernie Barrett,barreer01,2092,0.7,0,0,0,Rotational
Ernie Beck,becker01,7136,9.1,0,0,0,Rotational
Ernie Calverley,calveer01,0,5.7,0,0,0,Rotational
Ernie DiGregorio,digreer01,8465,2,-4.1,0,0,Rotational
Ernie Grunfeld,grunfer01,12916,24.9,4.9,0,0,Starter
Ernie Vandeweghe,vandeer01,3600,18.1,0,0,0,Rotational
Errol Palmer,palmeer01,1191,4.2,0,0,0,Rotational
Ersan İlyasova,ilyaser01,24709,61.2,11.6,0,0,All-Star
Erv Staggs,stagger01,1058,-0.2,0,0,0,Rotational
Ervin Inniger,inniger01,2477,5.6000000000000005,0,0,0,Rotational
Ervin Johnson,johnser02,16989,37.8,2.6,0,0,Starter
Erwin Mueller,mueller01,15262,15.700000000000001,-0.1,0,0,Starter
Essie Hollis,hollies01,154,0.1,-0.1,0,0,Rotational
Esteban Batista,batises01,576,0.30000000000000004,-0.7,0,0,Rotational
Etan Thomas,thomaet01,7084,14.700000000000001,-0.1,0,0,Rotational
Etdrick Bohannon,bohanet01,270,0.30000000000000004,-0.3,0,0,Rotational
Ethan Thompson,thompet01,653,0.3,-0.5,0,0,Rotational
Eugene Jeter,jetereu01,858,0.7,-0.3,0,0,Rotational
Eugene Omoruyi,omorueu01,1701,1.9,-0.8,0,0,Rotational
Evan Eschmeyer,eschmev01,2138,3.9000000000000004,-0.5,0,0,Rotational
Evan Fournier,fournev01,21353,33.3,5.1000000000000005,0,0,Starter
Evan Mobley,mobleev01,10819,34.7,12.1,1,1,All-Star
Evan Turner,turneev01,21395,21.6,-0.4,0,0,Starter
Everette Stephens,stephev01,215,-0.3,-0.2,0,0,Rotational
Evers Burns,burnsev01,143,0.1,-0.1,0,0,Rotational
Evric Gray,grayev01,42,-0.1,-0.1,0,0,Rotational
Fab Melo,melofa01,36,0,-0.1,0,0,Rotational
Fabricio Oberto,obertfa01,4871,13.6,0.5,0,0,Rotational
Facundo Campazzo,campafa01,2661,5.1,0.9,0,0,Rotational
Fat Lever,leverfa01,23814,61.2,32.1,2,2,All-Star
Fatty Taylor,taylofa01,17706,16.900000000000002,2.6,0,0,Starter
Felipe López,lopezfe01,5710,4.9,-0.1,0,0,Rotational
Felton Spencer,spencfe01,13856,22.4,-8.5,0,0,Starter
Fennis Dembo,dembofe01,74,-0.1,-0.2,0,0,Rotational
Fernando Martín,martife01,146,-0.4,-0.3,0,0,Rotational
Feron Hunt,huntfe01,8,0,0,0,0,Rotational
Festus Ezeli,ezelife01,2394,5.9,0,0,0,Rotational
Filip Petrušev,petrufi01,20,0,0,0,0,Rotational
Floyd Theard,thearfl01,406,0,0,0,0,Rotational
Floyd Volker,volkefl01,0,-4,0,0,0,Rotational
Fly Williams,willifl01,1239,-0.3,-0.6,0,0,Rotational
Flynn Robinson,robinfl01,17640,45.4,0.3,1,0,All-Star
Foots Walker,walkefo01,15036,30.9,10.3,0,0,Starter
Forest Able,ablefo01,1,0,0,0,0,Rotational
Forrest McKenzie,mckenfo01,42,-0.2,-0.2,0,0,Rotational
Fran Curran,currafr01,0,9.1,0,0,0,Rotational
Fran O'Hanlon,ohanlfr01,101,0,0,0,0,Rotational
Francisco Elson,elsonfr01,8086,11.9,-2.4,0,0,Rotational
Francisco García,garcifr01,12882,19.6,6.2,0,0,Starter
Frank Brickowski,brickfr01,18859,33.7,3.7,0,0,Starter
Frank Card,cardfr01,10350,15.700000000000001,0,0,0,Starter
Frank Fucarino,fucarfr01,0,0.4,0,0,0,Rotational
Frank Gates,gatesfr01,0,1.3,0,0,0,Rotational
Frank Jackson,jacksfr01,3873,2.5,-1.8,0,0,Rotational
Frank Johnson,johnsfr01,12897,17.2,2.5,0,0,Starter
Frank Kaminsky,kaminfr01,8395,16.7,3.9,0,0,Rotational
Frank Kendrick,kendrfr01,121,0.3,0,0,0,Rotational
Frank Kornet,kornefr01,595,-0.1,-0.6,0,0,Rotational
Frank Kudelka,kudelfr01,2717,4.199999999999999,0,0,0,Rotational
Frank Mangiapane,mangifr01,0,-0.1,0,0,0,Rotational
Frank Mason III,masonfr01,1616,1.2,-0.2,0,0,Rotational
Frank Ntilikina,ntilila01,5454,0.4,-3.4,0,0,Rotational
Frank Oleynick,oleynfr01,1166,-0.1,-0.8,0,0,Rotational
Frank Radovich,radovfr01,175,0,0,0,0,Rotational
Frank Ramsey,ramsefr01,15330,49.1,0,0,0,Starter
Frank Reddout,reddofr01,18,0.3,0,0,0,Rotational
Frank Russell,russefr01,131,0.1,0,0,0,Rotational
Frank Schade,schadfr01,76,0,0,0,0,Rotational
Frank Selvy,selvyfr01,19310,31.4,0,2,0,All-Star
Frank Williams,willifr02,952,-2.78E-17,-0.3,0,0,Rotational
Frankie Baumholtz,baumhfr01,0,3.8,0,0,0,Rotational
Frankie Brian,brianfr01,7616,30,0,2,0,All-Star
Frankie King,kingfr01,79,0,-0.1,0,0,Rotational
Frankie Sanders,sandefr01,1144,0.9,-0.2,0,0,Rotational
Franklin Edwards,edwarfr01,4436,3.9000000000000004,0.1,0,0,Rotational
Franz Wagner,wagnefr01,10417,24.2,7.800000000000001,0,0,Starter
Fred Brown,brownfr01,24422,63.2,22.5,1,2,All-Star
Fred Carter,cartefr01,21655,17,1.4,0,1,All-Star
Fred Christ,chrisfr01,48,0.1,0,0,0,Rotational
Fred Cofield,cofiefr01,496,-0.5,-0.3,0,0,Rotational
Fred Diute,diutefr01,72,-0.3,0,0,0,Rotational
Fred Foster,fostefr01,10025,3.5,-1.5,0,0,Starter
Fred Hetzel,hetzefr01,11161,20.4,0,0,0,Starter
Fred Hilton,hiltofr01,2080,-3.5,0,0,0,Rotational
Fred Hoiberg,hoibefr01,9978,27.6,7.9,0,0,Starter
Fred Jacobs,jacobfr01,0,0.7,0,0,0,Rotational
Fred Jones,jonesfr01,11618,17.6,2.7,0,0,Starter
Fred LaCour,lacoufr01,2400,3.3,0,0,0,Rotational
Fred Paine,painefr01,0,-0.3,0,0,0,Rotational
Fred Roberts,roberfr01,15881,28.9,1.6,0,0,Starter
Fred Saunders,saundfr01,3542,3.6,-0.6,0,0,Rotational
Fred Schaus,schaufr01,8152,35.1,0,1,0,All-Star
Fred Scolari,scolafr01,8696,39.7,0,2,0,All-Star
Fred Sheffield,shefffr01,0,-0.5,0,0,0,Rotational
Fred Taylor,taylofr01,1118,-1.4,0,0,0,Rotational
Fred VanVleet,vanvlfr01,17193,46.1,18.8,1,0,All-Star
Fred Vinson,vinsofr01,67,-0.2,-0.2,0,0,Rotational
Freddie Boyd,boydfr01,8340,1.9000000000000004,-1.9,0,0,Rotational
Freddie Crawford,crawffr01,6881,7.4,0,0,0,Rotational
Freddie Gillespie,gillefr01,511,1,-0.2,0,0,Rotational
Freddie Lewis,lewisfr01,0,1.4000000000000001,0,0,0,Rotational
Freddie Lewis,lewisfr02,27714,61,4.8,3,0,All-Star
Freeman Williams,willifr01,7603,10.4,2,0,0,Rotational
Frido Frey,freyfr01,0,1.2,0,0,0,Rotational
Fritz Nagy,nagyfr01,0,2.1,0,0,0,Rotational
Furkan Aldemir,aldemfu01,540,1.4,-0.2,0,0,Rotational
Furkan Korkmaz,korkmfu01,5447,7.6,-8.33E-17,0,0,Rotational
GG Jackson ,jacksgg01,2870,2.6,-0.2,0,0,Rotational
Gabe Pruitt,pruitga01,461,0.5,-0.1,0,0,Rotational
Gabe Vincent,vincega01,7589,6.3,-3.2,0,0,Rotational
Gabe York,yorkga01,77,0.1,0,0,0,Rotational
Gabriel Deck,deckga01,268,0.6,0.1,0,0,Rotational
Gabriel Lundberg,lundbga01,44,0,0,0,0,Rotational
Gail Goodrich,goodrga01,33527,76.6,6,5,1,All-Star
Gal Mekel,mekelga01,335,-0.6,-0.5,0,0,Rotational
Gale Bishop,bishoga01,0,2.8,0,0,0,Rotational
Gani Lawal,lawalga01,2,0,0,0,0,Rotational
Gar Heard,heardga01,23870,33.800000000000004,7.3,0,0,Starter
Garfield Smith,smithga01,1470,0.7,0,0,0,Rotational
Garland O'Shields,oshiega01,0,-0.1,0,0,0,Rotational
Garret Siler,silerga01,101,0.1,-0.1,0,0,Rotational
Garrett Temple,templga01,18138,18.900000000000002,-1.5,0,0,Starter
Garrison Mathews,mathega01,6367,11.1,-0.2,0,0,Rotational
Garry Witts,wittsga01,493,1.1,0.1,0,0,Rotational
Garth Joseph,josepga01,32,-0.2,-0.2,0,0,Rotational
Gary Alcorn,alcorga01,844,-1.3,0,0,0,Rotational
Gary Alexander,alexaga01,110,0,-0.2,0,0,Rotational
Gary Bergen,bergega01,40,0,0,0,0,Rotational
Gary Bradds,braddga01,5532,16,0,0,0,Rotational
Gary Brokaw,brokaga01,6211,6.800000000000001,0.2,0,0,Rotational
Gary Clark,clarkga01,3461,4.199999999999999,-0.6,0,0,Rotational
Gary Forbes,forbega01,1504,1.7000000000000002,0,0,0,Rotational
Gary Freeman,freemga01,764,2.4,0,0,0,Rotational
Gary Garland,garlaga01,1106,0.5,-0.2,0,0,Rotational
Gary Grant,grantga01,12602,12.1,3.5,0,0,Starter
Gary Gray,grayga01,276,-0.5,0,0,0,Rotational
Gary Gregor,gregoga01,8305,3.9,0,0,0,Rotational
Gary Harris,harriga01,18406,28.3,2.0999999999999996,0,0,Starter
Gary Hill,hillga01,1221,0.19999999999999996,0,0,0,Rotational
Gary Keller,kellega01,1714,3.5,0,0,0,Rotational
Gary Leonard,leonaga01,149,0.1,-0.2,0,0,Rotational
Gary Melchionni,melchga01,2780,3.9000000000000004,0.5,0,0,Rotational
Gary Neal,nealga01,9814,12.2,-0.3,0,0,Rotational
Gary Payton,paytoga01,50325,154.6,66.5,9,8,Superstar
Gary Payton II,paytoga02,5759,16.5,4.5,0,0,Rotational
Gary Phillips,phillga01,6932,2.3,0,0,0,Rotational
Gary Plummer,plummga01,1439,0.2,-1.6,0,0,Rotational
Gary Suiter,suitega01,140,-0.3,0,0,0,Rotational
Gary Trent,trentga01,11226,26.5,2.7,0,0,Starter
Gary Trent Jr.,trentga02,14877,20.7,1.2999999999999998,0,0,Starter
Gary Turner,turnega01,21,0.1,0,0,0,Rotational
Gary Voce,vocega01,4,0,0,0,0,Rotational
Gary Zeller,zellega01,779,-1.9,0,0,0,Rotational
Gaylon Nickerson,nickega01,84,0.2,0,0,0,Rotational
Geert Hammink,hammige01,44,0,0,0,0,Rotational
Gene Banks,banksge01,13074,31.1,8.8,0,0,Starter
Gene Berce,bercege01,0,-0.1,0,0,0,Rotational
Gene Conley,conlege01,5791,5.2,0,0,0,Rotational
Gene Dyker,dykerge01,91,-0.3,0,0,0,Rotational
Gene Englund,engluge01,0,8.4,0,0,0,Rotational
Gene Gallette,gillege01,0,0.2,0,0,0,Rotational
Gene Guarilia,guarige01,1082,1.2999999999999998,0,0,0,Rotational
Gene James,jamesge01,0,1.4,0,0,0,Rotational
Gene Littles,littlge01,11310,23.3,1.8,0,0,Starter
Gene Moore,moorege01,13192,26.6,-0.1,1,0,All-Star
Gene Ollrich,ollrige01,0,-0.6,0,0,0,Rotational
Gene Phillips,phillge01,184,0.1,0,0,0,Rotational
Gene Rhodes,rhodege01,1162,0.9,0,0,0,Rotational
Gene Rock,rockge01,0,0,0,0,0,Rotational
Gene Short,shortge01,444,-0.2,-0.4,0,0,Rotational
Gene Shue,shuege01,24285,39.4,0,5,3,Superstar
Gene Stump,stumpge01,0,1,0,0,0,Rotational
Gene Tormohlen,tormobu01,3223,2.3,0,0,0,Rotational
Gene Vance,vancege01,118,10.4,0,0,0,Rotational
Gene Wiley,wileyge01,6556,8.2,0,0,0,Rotational
Gene Williams,willige01,8,0,0,0,0,Rotational
Geno Carlisle,carlige01,16,0.1,0,0,0,Rotational
Geoff Crompton,crompge01,495,0,-0.4,0,0,Rotational
Geoff Huston,hustoge01,14686,13.5,-0.1,0,0,Starter
Geoff Petrie,petrige01,16787,26.1,1.3,2,0,All-Star
George Adams,adamsge01,3903,6.7,0.9,0,0,Rotational
George Blaney,blanege01,363,-0.1,0,0,0,Rotational
George Bon Salle,bonsage01,9,-0.1,0,0,0,Rotational
George Brown,brownge01,6,0,0,0,0,Rotational
George Bruns,brunsge01,236,0.3,0,0,0,Rotational
George Bucci,buccige01,237,0.1,-0.1,0,0,Rotational
George Carter,cartege01,18857,27.3,0.4,1,0,All-Star
George Dempsey,dempsge01,6414,12.9,0,0,0,Rotational
George Feigenbaum,feigege01,79,-0.6,0,0,0,Rotational
George Gervin,gervige01,38108,123.7,43.300000000000004,12,7,Superstar
George Glamack,glamage01,0,0.2,0,0,0,Rotational
George Hill,hillge01,29121,80.3,20.4,0,0,All-Star
George Irvine,irvinge01,6451,16.1,2,0,0,Rotational
George Johnson,johnsge01,2221,3,-0.1,0,0,Rotational
George Johnson,johnsge02,19754,36.4,10.5,0,1,All-Star
George Johnson,johnsge03,9878,14,1.4,0,0,Rotational
George Kaftan,kaftage01,1335,9,0,0,0,Rotational
George Karl,karlge01,4449,7.8,1.4,0,0,Rotational
George King,kingge01,13408,31.4,0,0,0,Starter
George King,kingge03,25,-0.1,-0.1,0,0,Rotational
George Lee,leege01,5158,6.5,0,0,0,Rotational
George Lehmann,lehmage01,13627,27,-0.3,0,0,Starter
George Lynch,lynchge01,17683,32.1,7.4,0,0,Starter
George McCloud,mccloge01,18922,27.8,6.3,0,0,Starter
George McGinnis,mcginge01,30387,76.4,24,6,2,All-Star
George McLeod,mcleoge01,85,-0.2,0,0,0,Rotational
George Mearns,mearnge01,0,1.2000000000000002,0,0,0,Rotational
George Mikan,mikange01,8350,108.69999999999999,0,4,0,Superstar
George Munroe,munroge01,0,2.9,0,0,0,Rotational
George Nostrand,nostrge01,0,10.1,0,0,0,Rotational
George Pastushok,pastuge01,0,0,0,0,0,Rotational
George Patterson,pattege01,559,0.1,0,0,0,Rotational
George Pearcy,pearcge01,0,1.4,0,0,0,Rotational
George Peeples,peeplge01,6935,11.1,0,0,0,Rotational
George Ratkovicz,ratkoge01,8098,34.1,0,0,0,Starter
George Reynolds,reynoge01,44,0.1,0,0,0,Rotational
George Senesky,senesge01,5032,21.9,0,0,0,Starter
George Stone,stonege01,7334,14,0,0,0,Rotational
George Sutor,sutorge01,1185,-0.6,0,0,0,Rotational
George Thompson,thompge01,14031,31,2.6,3,0,All-Star
George Tinsley,tinslge01,3310,6,0,0,0,Rotational
George Trapp,trappge01,6863,8.3,-0.6,0,0,Rotational
George Wilson,wilsoge01,8187,2.2,0,0,0,Rotational
George Yardley,yardlge01,17606,65.3,0,6,2,All-Star
George Zídek,zidekge01,1768,1.1,-2.6,0,0,Rotational
Georges Niang,niangge01,11191,18.9,0.6,0,0,Starter
Georgi Glouchkov,gloucge01,772,-0.5,-0.8,0,0,Rotational
Georgios Kalaitzakis,kalaige01,428,-0.2,-0.6,0,0,Rotational
Georgios Papagiannis,papagge01,599,0.5,-0.4,0,0,Rotational
Gerald Brown,brownge02,236,-0.3,-0.3,0,0,Rotational
Gerald Fitch,fitchge01,239,0.1,-0.1,0,0,Rotational
Gerald Glass,glassge01,4266,2.8,0.39999999999999997,0,0,Rotational
Gerald Govan,govange01,22925,27.1,0.9,1,0,All-Star
Gerald Green,greenge01,13388,18.2,2,0,0,Starter
Gerald Henderson,hendege01,22966,38.3,8.600000000000001,0,0,Starter
Gerald Henderson,hendege02,13854,18.3,0.6000000000000001,0,0,Starter
Gerald Madkins,madkige01,420,0.4,0,0,0,Rotational
Gerald Paddio,paddige01,1762,-5.55E-17,-1.4,0,0,Rotational
Gerald Wallace,wallage01,29500,70.60000000000001,27.400000000000002,1,0,All-Star
Gerald Wilkins,wilkige01,26084,33.9,5.2,0,0,Starter
Gerard King,kingge02,1829,3,0.1,0,0,Rotational
Gerry Calabrese,calabge01,937,1.9,0,0,0,Rotational
Gerry Ward,wardge01,2049,1.1,0,0,0,Rotational
Gheorghe Mureșan,muresgh01,6729,18.9,2.9,0,0,Rotational
Gian Clavell,clavegi01,64,0.1,0,0,0,Rotational
Giannis Antetokounmpo,antetgi01,29273,125.7,65.5,10,9,Superstar
Giff Roux,rouxgi01,0,3.2,0,0,0,Rotational
Gigi Datome,datomlu01,656,0.7000000000000001,0.2,0,0,Rotational
Gil McGregor,mcgregi01,532,-0.4,0,0,0,Rotational
Gilbert Arenas,arenagi01,21147,51.8,22.1,3,2,All-Star
Gino Sovran,sovragi01,0,0.1,0,0,0,Rotational
Glen Combs,combsgl01,20465,45.4,0.4,3,0,All-Star
Glen Davis,davisgl01,12527,20.6,-1.9,0,0,Starter
Glen Gondrezick,gondrgl01,7545,15.9,4.1,0,0,Rotational
Glen Rice,ricegl01,34985,88.7,24.8,3,2,All-Star
Glen Rice Jr.,ricegl02,152,-0.2,-0.1,0,0,Rotational
Glen Selbo,selbogl01,0,-0.2,0,0,0,Rotational
Glenn Hagan,hagangl01,25,0.1,0,0,0,Rotational
Glenn Hansen,hansegl01,1460,0.9,-0.4,0,0,Rotational
Glenn McDonald,mcdongl01,1493,1.1,-0.3,0,0,Rotational
Glenn Mosley,moslegl01,242,0.19999999999999998,-0.1,0,0,Rotational
Glenn Robinson,robingl01,25346,39.7,13.4,2,1,All-Star
Glenn Robinson III,robingl02,7346,10.8,0.19999999999999998,0,0,Rotational
Glynn Saulters,saultgl01,120,-0.2,0,0,0,Rotational
God Shammgod,shammgo01,146,-0.1,-0.2,0,0,Rotational
Goga Bitadze,bitadgo01,6034,20.7,4.6,0,0,Starter
Goo Kennedy,kennego01,6782,20.3,1.7999999999999998,0,0,Starter
Goose Ligon,ligongo01,16901,38.5,-0.1,1,0,All-Star
Goran Dragić,dragigo01,30846,65.2,17.3,1,1,All-Star
Gordan Giriček,giricgo01,13844,12.6,-1.7,0,0,Starter
Gordon Hayward,haywago01,26899,65,22.9,1,0,All-Star
Gorgui Dieng,dienggo01,14273,35.800000000000004,8.7,0,0,Starter
Gorham Getchell,getchgo01,0,-0.1,0,0,0,Rotational
Gradey Dick,dickgr01,3922,3.0999999999999996,-2,0,0,Rotational
Grady Lewis,lewisgr01,0,6.7,0,0,0,Rotational
Grady O'Malley,omallgr01,113,-0.3,0,0,0,Rotational
Grant Gondrezick,gondrgr01,1080,0.8,-0.3,0,0,Rotational
Grant Hill,hillgr01,34776,99.9,43.4,7,5,Superstar
Grant Jerrett,jerregr01,102,-0.2,-0.2,0,0,Rotational
Grant Long,longgr01,31155,66.6,11.1,0,0,All-Star
Grant Nelson,nelsogr02,35,0.1,0,0,0,Rotational
Grant Riller,rillegr01,27,0.1,0,0,0,Rotational
Grant Simmons,simmogr01,2516,5.1,0,0,0,Rotational
Grant Williams,willigr01,11551,20,0.8,0,0,Starter
Granville Waiters,waitegr01,2547,1.8,-0.9,0,0,Rotational
Grayson Allen,allengr01,11694,26.5,6.5,0,0,Starter
Greg Anderson,andergr01,14964,18.3,-4.6,0,0,Starter
Greg Anthony,anthogr01,17364,37,13.4,0,0,Starter
Greg Ballard,ballagr01,22073,53.9,18.1,0,0,All-Star
Greg Brown III,browngr01,773,0.30000000000000004,-0.6,0,0,Rotational
Greg Buckner,buckngr01,10895,20.7,2.9,0,0,Starter
Greg Bunch,bunchgr01,97,0.1,0,0,0,Rotational
Greg Butler,butlegr01,210,-0.3,-0.5,0,0,Rotational
Greg Deane,deanegr01,48,-0.1,-0.1,0,0,Rotational
Greg Dreiling,dreilgr01,4241,4.2,-3.4,0,0,Rotational
Greg Fillmore,fillmgr01,338,0.3,0,0,0,Rotational
Greg Foster,fostegr01,9416,6.7,-8.4,0,0,Rotational
Greg Graham,grahagr01,3143,2.1,-1.2,0,0,Rotational
Greg Grant,grantgr01,4768,2.9,-0.7,0,0,Rotational
Greg Griffin,griffgr01,422,-0.1,-0.5,0,0,Rotational
Greg Howard,howargr01,852,0.6,0,0,0,Rotational
Greg Hyder,hydergr01,1359,1.1,0,0,0,Rotational
Greg Jackson,jacksgr01,1604,-0.2,-1.1,0,0,Rotational
Greg Kelser,kelsegr01,6773,9.5,-5.55E-17,0,0,Rotational
Greg Kite,kitegr01,12162,5.8,-8.4,0,0,Starter
Greg Lee,leegr01,98,0.1,0,0,0,Rotational
Greg Minor,minorgr01,5144,8.2,0.6,0,0,Rotational
Greg Monroe,monrogr01,19385,55.8,16.3,0,0,All-Star
Greg Oden,odengr01,2028,7.3,0.8999999999999999,0,0,Rotational
Greg Ostertag,ostergr01,14753,33.8,5.1,0,0,Starter
Greg Smith,smithgr01,16135,28.8,-0.3,0,0,Starter
Greg Smith,smithgr02,1834,5.4,0.1,0,0,Rotational
Greg Stiemsma,stiemgr01,3048,6,0.39999999999999997,0,0,Rotational
Greg Stokes,stokegr01,384,0.3,-0.2,0,0,Rotational
Greg Sutton,suttogr01,2601,1.1,-1.2,0,0,Rotational
Greg Whittington,whittgr01,12,-0.1,0,0,0,Rotational
Greg Wittman,wittmgr01,593,-0.4,0,0,0,Rotational
Greivis Vásquez,vasqugr01,11299,16.2,2.6,0,0,Starter
Guerschon Yabusele,yabusgu01,4395,7.8,0.3,0,0,Rotational
Gui Santos,santogu01,2349,5.1,0.7,0,0,Rotational
Guillermo Díaz,diazgu01,18,0,0,0,0,Rotational
Gundars Vētra,vetragu01,89,0.1,0,0,0,Rotational
Gus Bailey,bailegu01,1346,0.9,0.5,0,0,Rotational
Gus Gerard,gerargu01,12335,16,0.6,1,0,All-Star
Gus Johnson,johnsgu01,20893,36.7,0,5,2,All-Star
Gus Williams,willigu01,25645,68,31.9,2,3,Superstar
Gustavo Ayón,ayongu01,2985,6.2,1.5,0,0,Rotational
Guy Manning,mannigu01,1274,0.9,0,0,0,Rotational
Guy Morgan,morgagu01,46,-0.1,0,0,0,Rotational
Guy Rodgers,rodgegu01,30209,32.9,0,4,0,All-Star
Guy Rucker,ruckegu01,4,0,0,0,0,Rotational
Guy Sparrow,sparrgu01,3425,-0.8,0,0,0,Rotational
Guy Williams,willigu02,144,0.1,0,0,0,Rotational
Ha Seung-Jin,seungha01,316,-0.2,-0.6,0,0,Rotational
Hakeem Olajuwon,olajuha01,44222,162.6,74.3,12,13,Superstar
Hakim Warrick,warriha01,12670,24.400000000000002,0.29999999999999993,0,0,Starter
Hal Crisler,crislha01,0,0.1,0,0,0,Rotational
Hal Greer,greerha01,39788,102.7,0,10,1,Superstar
Hal Hale,haleha01,1706,1,0,0,0,Rotational
Hal Jeter,jeterha01,19,0,0,0,0,Rotational
Hal Lear,learha01,14,0,0,0,0,Rotational
Hal Tidrick,tidriha01,0,5,0,0,0,Rotational
Hal Uplinger,uplinha01,268,0.1,0,0,0,Rotational
Hamady N'Diaye,ndiayha01,157,0.1,-0.2,0,0,Rotational
Hamed Haddadi,haddaha01,1378,1.7999999999999998,-0.9,0,0,Rotational
Hamidou Diallo,diallha01,6144,7.8,-0.1,0,0,Rotational
Hank Beenders,beendha01,0,2.8000000000000003,0,0,0,Rotational
Hank Biasatti,biasaha01,0,0.1,0,0,0,Rotational
Hank DeZonie,dezonha01,0,-0.1,0,0,0,Rotational
Hank Finkel,finkeha01,6866,13.5,-0.2,0,0,Rotational
Hank Lefkowitz,lefkoha01,0,-0.8,0,0,0,Rotational
Hank McDowell,mcdowha01,2362,2.7,-1.1,0,0,Rotational
Hank Rosenstein,rosenha01,0,9.2,0,0,0,Rotational
Hank Whitney,whitnha01,3924,3.9000000000000004,0,0,0,Rotational
Hank Williams,williha01,454,0.4,-0.1,0,0,Rotational
Hanno Möttölä,mottoha01,2360,0.9,-2.3,0,0,Rotational
Happy Hairston,hairsha01,29274,85.3,3.1,0,0,All-Star
Harold Brown,brownha01,0,2.9,0,0,0,Rotational
Harold Ellis,ellisha01,1923,4.6,1.3,0,0,Rotational
Harold Fox,foxha01,84,0,0,0,0,Rotational
Harold Jamison,jamisha01,250,0.5,-0.1,0,0,Rotational
Harold Johnson,johnsha01,0,0.4,0,0,0,Rotational
Harold Keeling,keeliha01,75,0.1,0,0,0,Rotational
Harold Kottman,kottmha01,0,1.6,0,0,0,Rotational
Harold Miner,minerha01,3748,4.2,-0.9,0,0,Rotational
Harold Pressley,pressha01,6802,10,3.9,0,0,Rotational
Harrison Barnes,barneha02,35555,69.9,10.4,0,0,All-Star
Harrison Ingram,ingraha01,61,0.2,0,0,0,Rotational
Harry Barnes,barneha01,126,-0.4,0,0,0,Rotational
Harry Boykoff,boykoha01,0,8.7,0,0,0,Rotational
Harry Davis,davisha01,424,0.3,-0.3,0,0,Rotational
Harry Dinnel,dinneha01,87,0,0,0,0,Rotational
Harry Donovan,donovha01,0,1,0,0,0,Rotational
Harry Gallatin,gallaha01,15813,78.3,0,7,1,All-Star
Harry Giles,gilesha01,2035,3.2,-0.4,0,0,Rotational
Harry Laurie,lauriha01,57,0,0,0,0,Rotational
Harry Miller,milleha01,0,-0.1,0,0,0,Rotational
Harry Rogers,rogerha01,298,0.7,0.1,0,0,Rotational
Harry Zeller,zelleha01,0,3.7,0,0,0,Rotational
Harthorne Wingo,wingoha01,2814,6.199999999999999,0.7,0,0,Rotational
Harvey Catchings,catchha01,14130,22.3,4.2,0,0,Starter
Harvey Grant,grantha01,20510,36.4,5.5,0,0,Starter
Harvey Marlatt,marlaha01,746,-0.2,0,0,0,Rotational
Hasheem Thabeet,thabeha01,2869,5.4,-0.8,0,0,Rotational
Hassan Adams,adamsha01,547,0.8,0,0,0,Rotational
Hassan Whiteside,whiteha01,12645,52.1,14.5,0,0,All-Star
Hassani Gravett,graveha01,171,0.3,0,0,0,Rotational
Hawkeye Whitney,whitnha02,1048,1.4,0.1,0,0,Rotational
Hayden Gray,grayha01,25,0,0,0,0,Rotational
Haywood Highsmith,highsha01,4447,7.9,0.2,0,0,Rotational
Haywoode Workman,workmha01,7552,11,2.4,0,0,Rotational
Hedo Türkoğlu,turkohe01,29235,70.1,21.9,0,0,All-Star
Henri Drell,drellhe01,30,0,0,0,0,Rotational
Henry Akin,akinhe01,737,-1.3,0,0,0,Rotational
Henry Bacon,baconhe01,425,-0.1,0,0,0,Rotational
Henry Bibby,bibbyhe01,16875,26.1,1.8,0,0,Starter
Henry Dickerson,dickehe01,175,-0.2,-0.3,0,0,Rotational
Henry Ellenson,ellenhe01,1046,0.7000000000000001,-0.3,0,0,Rotational
Henry James,jameshe01,2791,3.7,-1.3,0,0,Rotational
Henry Logan,loganhe01,2410,5.6000000000000005,0,0,0,Rotational
Henry Pearcy,pearche01,0,0.5,0,0,0,Rotational
Henry Sims,simshe01,3417,6.7,-0.6,0,0,Rotational
Henry Turner,turnehe02,464,0.4,-0.1,0,0,Rotational
Henry Walker,walkebi01,3784,6.8,0.5,0,0,Rotational
Henry Ward,wardhe01,859,0.6,-0.5,0,0,Rotational
Herb Krautblatt,krauthe01,0,-0.1,0,0,0,Rotational
Herb Scherer,scherhe01,167,-0.4,0,0,0,Rotational
Herb White,whitehe01,315,0.1,0,0,0,Rotational
Herb Williams,willihe01,31525,37.9,7.4,0,0,Starter
Herbert Jones,joneshe01,8843,16.2,2.5,0,0,Rotational
Herm Fuetsch,fuetshe01,0,0.9,0,0,0,Rotational
Herm Gilliam,gillihe01,15026,20.7,3.0999999999999996,0,0,Starter
Herm Hedderick,heddehe01,23,-0.1,0,0,0,Rotational
Herm Schaefer,schaehe01,0,12.2,0,0,0,Rotational
Herschel Baltimore,baltihe01,0,0.3,0,0,0,Rotational
Herschell Turner,turnehe01,1000,-1.2,0,0,0,Rotational
Hersey Hawkins,hawkihe01,32034,90.7,32.8,1,0,All-Star
Hilton Armstrong,armsthi01,4201,4.3,-2.4,0,0,Rotational
Hiram Fuller,fullehi01,43,-0.1,-0.1,0,0,Rotational
Hollis Copeland,copelho01,1260,1.3,0,0,0,Rotational
Hollis Thompson,thompho01,7176,7.2,-1.4,0,0,Rotational
Hook Dillon,dilloho01,0,-0.4,0,0,0,Rotational
Hoot Gibson,gibsoho01,0,0,0,0,0,Rotational
Horace Grant,grantho01,38621,118,32.8,1,0,Superstar
Horace Jenkins,jenkiho01,104,0,-0.1,0,0,Rotational
Horace Walker,walkeho01,1331,0.3,0,0,0,Rotational
Horacio Llamas,llamaho01,143,-0.1,-0.3,0,0,Rotational
Hot Rod Hundley,hundlho01,9553,4.4,0,2,0,All-Star
Hot Rod Williams,williho01,26327,70.6,20,0,0,All-Star
Howard Bayne,bayneho01,1181,0.8,0,0,0,Rotational
Howard Carter,carteho01,754,0,-0.5,0,0,Rotational
Howard Eisley,eisleho01,18416,21,0.6000000000000002,0,0,Starter
Howard Komives,komivho01,22775,6.6,-0.4,0,0,Starter
Howard Nathan,nathaho01,15,-0.1,0,0,0,Rotational
Howard Porter,porteho01,11020,23.9,2.9,0,0,Starter
Howard Wood,woodho01,342,0.3,-0.1,0,0,Rotational
Howard Wright,wrighho02,338,0.2,-0.2,0,0,Rotational
Howie Carl,carlho01,382,-0.5,0,0,0,Rotational
Howie Dallmar,dallmho01,0,15.100000000000001,0,0,0,Rotational
Howie Janotta,janotho01,0,0.2,0,0,0,Rotational
Howie Jolliff,jolifho01,1739,0.7,0,0,0,Rotational
Howie McCarty,mccarho01,0,-1.1,0,0,0,Rotational
Howie Montgomery,montgho01,364,0.1,0,0,0,Rotational
Howie Rader,raderho01,0,-0.6,0,0,0,Rotational
Howie Schultz,schulho01,1775,8.6,0,0,0,Rotational
Howie Shannon,shannho01,0,6.3,0,0,0,Rotational
Howie Wright,wrighho01,616,0,0,0,0,Rotational
Hub Reed,reedhu01,9690,12.2,0,0,0,Rotational
Hubert Davis,davishu01,16913,29.8,4.2,0,0,Starter
Hubie White,whitehu01,1457,-0.8,0,0,0,Rotational
Hugo Gonzalez,gonzahu01,1084,2.2,0.1,0,0,Rotational
Hunter Dickinson,dickihu01,42,-0.1,-0.1,0,0,Rotational
Hunter Sallis,sallihu01,26,-0.1,-0.1,0,0,Rotational
Hunter Tyson,tysonhu01,610,0.4,-0.6,0,0,Rotational
Hutch Jones,joneshu01,103,0,-0.1,0,0,Rotational
Ian Clark,clarkia01,4699,4.5,-1.4,0,0,Rotational
Ian Lockhart,lockhia01,2,0,0,0,0,Rotational
Ian Mahinmi,mahinia01,10353,26,0.1,0,0,Starter
Ibo Kutluay,kutluib01,12,-0.1,-0.1,0,0,Rotational
Ibou Badji,badjiib01,226,0.2,-0.2,0,0,Rotational
Ignas Brazdeikis,brazdig01,1087,0.5,-0.8,0,0,Rotational
Igor Rakočević,rakocig01,244,0.1,-0.2,0,0,Rotational
Ike Anigbogu,anigbik01,36,0,0,0,0,Rotational
Ike Borsavage,borsaik01,0,0.1,0,0,0,Rotational
Ike Diogu,dioguik01,3770,8.7,-0.8,0,0,Rotational
Iman Shumpert,shumpim01,14496,15.8,1.2,0,0,Starter
Ime Udoka,udokaim01,5711,8.8,1.8999999999999997,0,0,Rotational
Immanuel Quickley,quickim01,12508,32.5,10.8,0,0,Starter
Ira Bowman,bowmair01,68,0.2,0.1,0,0,Rotational
Ira Harge,hargeir01,21234,25.7,0,0,0,Starter
Ira Newble,newblir01,8343,10.1,-1.2,0,0,Rotational
Ira Terrell,terreir01,3215,4.8,0.49999999999999994,0,0,Rotational
Irv Bemoras,bemorir01,2479,1.4,0,0,0,Rotational
Irv Kiffin,kiffiir01,212,-0.6,-0.5,0,0,Rotational
Irv Rothenberg,rotheir01,0,6,0,0,0,Rotational
Irv Torgoff,torgoir01,0,6.6000000000000005,0,0,0,Rotational
Irving Thomas,thomair01,108,-0.1,-0.2,0,0,Rotational
Isaac Austin,austiis01,10616,12.700000000000001,-0.7,0,0,Starter
Isaac Bonga,bongais01,1871,1.8,-0.8,0,0,Rotational
Isaac Fontaine,fontais01,75,-0.2,-0.1,0,0,Rotational
Isaac Humphries,humphis01,56,-0.1,-0.1,0,0,Rotational
Isaac Jones,jonesis01,376,0.7,-0.1,0,0,Rotational
Isaac Okoro,okorois01,10441,18.2,-0.9,0,0,Starter
Isaac Walthour,walthis01,30,-0.1,0,0,0,Rotational
Isaiah Briscoe,briscis01,559,0.3,-0.4,0,0,Rotational
Isaiah Canaan,canaais01,6788,6.3999999999999995,-0.3,0,0,Rotational
Isaiah Collier,colliis01,3356,0.8999999999999999,-1.8,0,0,Rotational
Isaiah Crawford,crawfis01,138,0.1,0,0,0,Rotational
Isaiah Hartenstein,harteis01,9070,35.1,9.7,0,0,Starter
Isaiah Hicks,hicksis01,272,0.1,-0.3,0,0,Rotational
Isaiah Jackson,jacksis01,4254,12.9,1.5,0,0,Rotational
Isaiah Joe,joeis01,6943,18.9,4.6,0,0,Rotational
Isaiah Livers,liveris01,2398,2,-0.6,0,0,Rotational
Isaiah Mobley,mobleis01,173,0.2,-0.1,0,0,Rotational
Isaiah Morris,morriis01,102,0,-0.1,0,0,Rotational
Isaiah Rider,rideris01,17851,22.9,4.6,0,0,Starter
Isaiah Roby,robyis01,2858,4.1,-0.2,0,0,Rotational
Isaiah Stevens,steveis01,49,0.1,0,0,0,Rotational
Isaiah Stewart,stewais01,8859,19.5,1.2,0,0,Rotational
Isaiah Taylor,taylois01,1219,0.6,-0.8,0,0,Rotational
Isaiah Thomas,thomais02,18503,51.6,17.7,2,1,All-Star
Isaiah Todd,toddis01,135,-0.4,-0.3,0,0,Rotational
Isaiah Whitehead,whiteis01,1823,-0.9,-1.4,0,0,Rotational
Isaiah Wilson,wilsois01,708,-0.1,0,0,0,Rotational
Isaiah Wong,wongis01,269,0.1,-0.1,0,0,Rotational
Ish Smith,smithis01,20883,15.200000000000001,0.20000000000000015,0,0,Starter
Ish Wainright,wainris01,1398,2.4,0.2,0,0,Rotational
Isiah Thomas,thomais01,35516,80.8,41.7,12,10,Superstar
Ivan Johnson,johnsiv01,1969,4.5,0.1,0,0,Rotational
Ivan McFarlin,mcfariv01,41,0.1,0,0,0,Rotational
Ivan Rabb,rabbiv01,1237,3.3,0.1,0,0,Rotational
Ivano Newbill,newbiiv01,1430,1.1,-0.9,0,0,Rotational
Ivica Zubac,zubaciv01,17366,62.8,11.4,0,0,All-Star
Izaiah Brockington,brockiz01,3,0,0,0,0,Rotational
J.J. Anderson,anderjj01,3172,4.8999999999999995,0.30000000000000004,0,0,Rotational
J.J. Barea,bareajo01,16287,23.8,5.3999999999999995,0,0,Starter
J.J. Hickson,hicksjj01,13605,24.3,0.6999999999999998,0,0,Starter
J.J. O'Brien,obriejj01,6,0,0,0,0,Rotational
J.P. Macura,macurjp01,18,0,0,0,0,Rotational
J.R. Bremer,bremejr01,2389,2,-0.1,0,0,Rotational
J.R. Giddens,giddejr01,486,0.2,-0.4,0,0,Rotational
J.R. Henderson,hendejr01,331,-0.2,-0.2,0,0,Rotational
J.R. Reid,reidjr01,19599,30.8,-4.1,0,0,Starter
J.R. Smith,smithjr01,28355,50,16,0,0,All-Star
JD Davison,davisjd01,416,0.6,0,0,0,Rotational
JJ Redick,redicjj01,27066,68.9,16.8,0,0,All-Star
JT Thor,thorjt01,2510,1.5,-1.7,0,0,Rotational
Ja Morant,moranja01,10370,24.3,11.9,2,2,All-Star
Ja'Kobe Walter,walteja01,2577,4.9,0.3,0,0,Rotational
JaJuan Johnson,johnsja02,298,0.2,-0.1,0,0,Rotational
JaKarr Sampson,sampsja02,4709,3.6,-2.6,0,0,Rotational
JaMychal Green,greenja01,12468,28.2,1.5,0,0,Starter
JaQuori McLaughlin,mclauja01,11,0,0,0,0,Rotational
JaVale McGee,mcgeeja01,17145,49.2,7.7,0,0,Starter
Jabari Bird,birdja01,115,0.2,0,0,0,Rotational
Jabari Brown,brownja01,568,0.4,-0.3,0,0,Rotational
Jabari Parker,parkeja01,11341,17,3.3,0,0,Starter
Jabari Smith,smithja01,1244,1.8,-0.6,0,0,Rotational
Jabari Smith Jr.,smithja05,9296,18.3,1.4,0,0,Rotational
Jabari Walker,walkeja01,3830,6.8,-1.1,0,0,Rotational
Jack Burmaster,burmaja01,0,-0.4,0,0,0,Rotational
Jack Coleman,colemja01,19217,54,0,1,0,All-Star
Jack Cooley,cooleja01,174,0.5,-0.1,0,0,Rotational
Jack Cotton,cottoja01,0,-1.5,0,0,0,Rotational
Jack Dwan,dwanja01,0,1.2,0,0,0,Rotational
Jack Eskridge,eskrija01,0,1.2,0,0,0,Rotational
Jack Foley,foleyja01,166,0.2,0,0,0,Rotational
Jack Garfinkel,garfija01,0,0.9000000000000001,0,0,0,Rotational
Jack George,georgja01,17741,19.2,0,2,0,All-Star
Jack Gillespie,gilleja01,27,-0.1,0,0,0,Rotational
Jack Givens,givenja01,2601,4.300000000000001,0.6,0,0,Rotational
Jack Haley,haleyja01,4372,3.2,-5.2,0,0,Rotational
Jack Hewson,hewsoja01,0,0.1,0,0,0,Rotational
Jack Kerris,kerrija01,4996,24,0,0,0,Starter
Jack Kiley,kileyja01,504,-1.9,0,0,0,Rotational
Jack Maddox,maddoja01,0,0,0,0,0,Rotational
Jack Marin,marinja01,28281,66,1.1,2,0,All-Star
Jack McCloskey,mccloja01,16,0,0,0,0,Rotational
Jack McMahon,mcmahja01,15941,6.1,0,0,0,Starter
Jack McVeigh,mcveija01,43,0,-0.1,0,0,Rotational
Jack Molinas,molinja01,958,3.6,0,1,0,All-Star
Jack Nichols,nichoja01,12310,29.5,0,0,0,Starter
Jack Parkinson,parkija01,0,-0.2,0,0,0,Rotational
Jack Parr,parrja01,1037,-0.3,0,0,0,Rotational
Jack Phelan,phelaja01,0,-1,0,0,0,Rotational
Jack Rocker,rockeja01,0,0.2,0,0,0,Rotational
Jack Sikma,sikmaja01,36943,112.4,37,7,5,Superstar
Jack Smiley,smileja01,0,0.8,0,0,0,Rotational
Jack Stephens,stephja01,2219,4.8,0,0,0,Rotational
Jack Thompson,thompja01,4,0,0,0,0,Rotational
Jack Tingle,tinglja01,0,0.30000000000000004,0,0,0,Rotational
Jack Toomay,toomaja01,0,8.9,0,0,0,Rotational
Jack Turner,turneja01,922,0.6,0,0,0,Rotational
Jack Turner,turneja02,567,0,0,0,0,Rotational
Jack Twyman,twymaja01,26147,75.1,0,6,4,Superstar
Jack White,whiteja03,130,0,-0.1,0,0,Rotational
Jackie Butler,butleja01,848,1.4000000000000001,-0.3,0,0,Rotational
Jackie Dinkins,dinkija01,89,0.1,0,0,0,Rotational
Jackie Moore,mooreja01,1544,2,0,0,0,Rotational
Jackie Moreland,morelja01,13617,19.2,0,0,0,Starter
Jackie Ridgle,ridglja01,107,0.2,0,0,0,Rotational
Jackie Robinson,robinja01,185,0.30000000000000004,0.1,0,0,Rotational
Jackson Rowe,roweja01,52,0.2,0,0,0,Rotational
Jackson Vroman,vromaja01,1816,-0.1,-1.4,0,0,Rotational
Jacky Dorsey,dorseja01,537,0.5,-0.4,0,0,Rotational
Jacob Evans,evansja02,1040,-1.1,-1.3,0,0,Rotational
Jacob Gilyard,gilyaja01,1439,2.9,0.2,0,0,Rotational
Jacob Pullen,pulleja01,6,0,0,0,0,Rotational
Jacob Toppin,toppija01,207,0.2,0,0,0,Rotational
Jacob Wiley,wileyja01,33,0.1,0,0,0,Rotational
Jacque Vaughn,vaughja01,12658,15.3,-4.5,0,0,Starter
Jaden Hardy,hardyja02,4400,0.3,-2.3,0,0,Rotational
Jaden Ivey,iveyja01,6759,4.4,-0.1,0,0,Rotational
Jaden McDaniels,mcdanja02,12765,23.1,1.5999999999999999,0,0,Starter
Jaden Springer,sprinja01,1839,2.4,-0.3,0,0,Rotational
Jae Crowder,crowdja01,25773,53.2,12.5,0,0,All-Star
Jae'Sean Tate,tateja01,6800,11.7,0,0,0,Rotational
Jahidi White,whiteja01,6778,11.7,-2.3,0,0,Rotational
Jahlil Okafor,okafoja01,5183,7.7,0,0,0,Rotational
Jahmai Mashack,mashaja01,673,-0.5,-0.8,0,0,Rotational
Jahmi'us Ramsey,ramseja01,349,0,-0.4,0,0,Rotational
Jahmir Young,youngja05,88,0.1,-0.1,0,0,Rotational
Jahmyl Telfort,telfoja01,32,-0.1,-0.1,0,0,Rotational
Jaime Echenique,echenja01,3,0,0,0,0,Rotational
Jaime Jaquez Jr.,jaqueja01,5602,10.5,1.6,0,0,Rotational
Jake Bornheimer,bornhja01,0,1.2000000000000002,0,0,0,Rotational
Jake Carter,carteja01,0,1.4,0,0,0,Rotational
Jake Fendley,fendlja01,1031,2.1,0,0,0,Rotational
Jake Ford,fordja01,249,0.7,0,0,0,Rotational
Jake Jones,jonesja01,404,0,0,0,0,Rotational
Jake LaRavia,laravja01,5979,11.1,1.6,0,0,Rotational
Jake Layman,laymaja01,3099,3.8,-0.2,0,0,Rotational
Jake Pelkington,pelkija01,0,16.2,0,0,0,Rotational
Jake Tsakalidis,tsakaja01,5395,10.2,-1.6,0,0,Rotational
Jake Voskuhl,voskuja01,6443,11.7,-2.9,0,0,Rotational
Jake Weber,weberja01,0,2.8,0,0,0,Rotational
Jakob Poeltl,poeltja01,16375,54.5,13.700000000000001,0,0,All-Star
Jalen Bridges,bridgja01,30,-0.1,-0.1,0,0,Rotational
Jalen Brunson,brunsja01,16830,54.3,18.8,3,3,Superstar
Jalen Crutcher,crutcja01,3,0,0,0,0,Rotational
Jalen Duren,durenja01,7457,29.5,7.6000000000000005,1,0,All-Star
Jalen Green,greenja05,10866,11,2.4,0,0,Starter
Jalen Harris,harrija01,172,0.3,0.1,0,0,Rotational
Jalen Hood-Schifino,hoodsja01,739,-0.7,-1.2,0,0,Rotational
Jalen Johnson,johnsja05,6867,15.8,7.2,1,0,All-Star
Jalen Jones,jonesja04,576,0.5,-0.5,0,0,Rotational
Jalen Lecque,lecquja01,44,-0.1,-0.1,0,0,Rotational
Jalen McDaniels,mcdanja01,6463,8.1,-1.7,0,0,Rotational
Jalen Pickett,pickeja02,1595,2.3000000000000003,0,0,0,Rotational
Jalen Rose,roseja01,35558,57,13.8,0,1,All-Star
Jalen Slawson,slawsja01,348,0.5,0.1,0,0,Rotational
Jalen Smith,smithja04,6389,17.5,2.8,0,0,Rotational
Jalen Suggs,suggsja01,7154,8.3,3,0,0,Rotational
Jalen Williams,willija06,7672,23.7,8.1,1,0,All-Star
Jalen Wilson,wilsoja03,3554,3.2,-2,0,0,Rotational
Jamaal Franklin,frankja01,174,0,-0.2,0,0,Rotational
Jamaal Magloire,magloja01,14907,27.1,-3.6,1,0,All-Star
Jamaal Tinsley,tinslja01,14443,17.3,7,0,0,Starter
Jamaal Wilkes,wilkeja01,27275,71.4,14.3,3,3,Superstar
Jamal Cain,cainja01,1487,2.9,0.1,0,0,Rotational
Jamal Crawford,crawfja01,41473,64.2,18.9,0,0,All-Star
Jamal Mashburn,mashbja01,24926,47.3,14.1,1,1,All-Star
Jamal Murray,murraja01,19448,47.5,16.4,1,0,All-Star
Jamal Robinson,robinja03,72,-0.2,-0.1,0,0,Rotational
Jamal Sampson,sampsja01,631,1.3,-0.1,0,0,Rotational
Jamal Shead,sheadja01,3319,3.5,-0.9,0,0,Rotational
Jamaree Bouyea,bouyeja01,1038,0.5000000000000001,-0.1,0,0,Rotational
Jamario Moon,moonja01,9561,20.3,7.1,0,0,Starter
Jameel Warney,warneja01,27,0.1,0,0,0,Rotational
Jameer Nelson,nelsoja01,26959,50.2,11.6,1,0,All-Star
Jamel Artis,artisja01,279,0,-0.2,0,0,Rotational
Jamel Thomas,thomaja01,148,-0.4,-0.1,0,0,Rotational
James Anderson,anderja01,4721,4.2,-0.5,0,0,Rotational
James Augustine,augusja01,156,0.3,0,0,0,Rotational
James Bailey,baileja01,14858,21.2,-3,0,0,Starter
James Blackwell,blackja01,160,0.30000000000000004,0.1,0,0,Rotational
James Bouknight,bouknja01,900,-0.3,-0.9,0,0,Rotational
James Collins,collija01,103,0,0,0,0,Rotational
James Cotton,cottoja02,92,0,-0.1,0,0,Rotational
James Donaldson,donalja01,29979,69.3,13.4,1,0,All-Star
James Edwards,edwarja01,33133,67.2,0.8,0,0,All-Star
James Ennis III,ennisja01,12506,25.2,1.4,0,0,Starter
James Harden,hardeja01,48915,204.70000000000002,98.9,11,10,Superstar
James Hardy,hardyja01,5379,6.3,1,0,0,Rotational
James Johnson,johnsja01,18045,30.5,9.799999999999999,0,0,Starter
James Jones,jonesja02,11098,25.1,5.4,0,0,Starter
James Lang,langja01,55,0.1,-0.1,0,0,Rotational
James Michael McAdoo,mcadoja01,874,2.4000000000000004,0,0,0,Rotational
James Nunnally,nunnaja01,582,-0.1,-0.5,0,0,Rotational
James Posey,poseyja01,25778,57.1,15.6,0,0,All-Star
James Ray,rayja01,843,-0.3,-0.6,0,0,Rotational
James Robinson,robinja02,7441,5.7,-2.78E-17,0,0,Rotational
James Scott,scottja01,32,-0.1,-0.1,0,0,Rotational
James Silas,silasja01,20363,60.1,12.700000000000001,2,1,All-Star
James Singleton,singlja01,4229,9.2,0.4,0,0,Rotational
James Southerland,southja01,60,0,0,0,0,Rotational
James Thomas,thomaja02,534,0.8,-0.4,0,0,Rotational
James Webb III,webbja01,120,-0.1,-0.2,0,0,Rotational
James White,whiteja02,583,0.8,-0.2,0,0,Rotational
James Wilkes,wilkeja02,1531,2,0,0,0,Rotational
James Wiseman,wisemja01,3724,5.6,-1.8,0,0,Rotational
James Worthy,worthja01,30001,81.3,29.1,7,1,All-Star
James Young,youngja01,812,0.7999999999999999,-0.3,0,0,Rotational
JamesOn Curry,curryja01,0,0,0,0,0,Rotational
Jamie Feick,feickja01,5792,10.700000000000001,-1.3,0,0,Rotational
Jamie Waller,walleja01,91,-0.2,-0.1,0,0,Rotational
Jamie Watson,watsoja01,1588,1.6,0.4,0,0,Rotational
Jamil Wilson,wilsoja02,274,0.5,0.2,0,0,Rotational
Jamir Watkins,watkija01,1032,1.1,-0.3,0,0,Rotational
Jamison Battle,battlja01,1559,2.6,-0.2,0,0,Rotational
Jamison Brewer,breweja01,468,-0.1,-0.1,0,0,Rotational
Jamorko Pickett,pickeja01,176,0.1,-0.1,0,0,Rotational
Jan Veselý,veselja01,3231,5.6,-0.2,0,0,Rotational
Jan van Breda Kolff,vanbrja01,15750,25.7,6.9,0,0,Starter
Jannero Pargo,pargoja01,8435,4.7,-1.1,0,0,Rotational
Jarace Walker,walkeja02,3480,2.5,0.3,0,0,Rotational
Jared Butler,butleja02,3091,3.9,0.6,0,0,Rotational
Jared Cunningham,cunnija01,1095,0.4,-1,0,0,Rotational
Jared Dudley,dudleja01,21272,45.5,11.8,0,0,Starter
Jared Harper,harpeja01,67,0.30000000000000004,0.1,0,0,Rotational
Jared Jeffries,jeffrja01,15974,15.9,-1.4,0,0,Starter
Jared McCain,mccaija01,2912,3.6,0,0,0,Rotational
Jared Reiner,reineja01,376,-0.1,-0.6,0,0,Rotational
Jared Rhoden,rhodeja01,897,1.5999999999999999,0,0,0,Rotational
Jared Sullinger,sullija01,6532,15.3,2.6,0,0,Rotational
Jared Terrell,terreja01,111,-0.3,-0.2,0,0,Rotational
Jarell Eddie,eddieja01,227,0.2,0,0,0,Rotational
Jarell Martin,martija01,2927,3.2,-1.7,0,0,Rotational
Jaren Jackson,jacksja01,7210,11.5,1.2999999999999998,0,0,Rotational
Jaren Jackson Jr.,jacksja02,14547,31.7,9.700000000000001,2,0,All-Star
Jarnell Stokes,stokeja01,169,0.8,0,0,0,Rotational
Jaron Blossomgame,blossja01,439,0.3,-0.2,0,0,Rotational
Jarred Vanderbilt,vandeja01,9228,23.8,4.800000000000001,0,0,Starter
Jarrell Brantley,brantja01,273,0.6,0.1,0,0,Rotational
Jarrett Allen,allenja01,19403,79.5,20.9,1,0,All-Star
Jarrett Culver,culveja01,2480,-0.1,-1.7,0,0,Rotational
Jarrett Durham,durhaja01,1,0,0,0,0,Rotational
Jarrett Jack,jackja01,25862,39.3,7,0,0,Starter
Jarrod Uthoff,uthofja01,221,0.30000000000000004,0,0,0,Rotational
Jarron Collins,collija03,8723,15.6,-2.8,0,0,Rotational
Jarron Cumberland,cumbeja01,12,0,0,0,0,Rotational
Jarvis Hayes,hayesja01,9898,10.2,-1.3,0,0,Rotational
Jarvis Varnado,varnaja01,794,1.4000000000000001,-0.2,0,0,Rotational
Jase Richardson,richaja02,587,1,-0.1,0,0,Rotational
Jason Caffey,caffeja01,10468,16.2,-3.8,0,0,Starter
Jason Collier,collija02,2178,1.9,-1.8,0,0,Rotational
Jason Collins,collija04,16530,20.6,-8.3,0,0,Starter
Jason Hart,hartja01,6505,9.799999999999999,0.7999999999999999,0,0,Rotational
Jason Kapono,kaponja01,9068,10.3,-1.4,0,0,Rotational
Jason Kidd,kiddja01,54981,148.9,78.9,10,8,Superstar
Jason Lawson,lawsoja01,80,0.5,0.1,0,0,Rotational
Jason Maxiell,maxieja01,11379,20.3,-1.6,0,0,Starter
Jason Miskiri,miskija01,3,0,0,0,0,Rotational
Jason Preston,prestja01,195,0.1,0,0,0,Rotational
Jason Richardson,richaja01,34366,71.8,28.3,0,0,All-Star
Jason Sasser,sasseja01,177,0,-0.2,0,0,Rotational
Jason Smith,smithja02,10219,14.3,-2.3,0,0,Starter
Jason Terry,terryja01,42034,102,37.4,0,0,Superstar
Jason Thompson,thompja02,15290,25.4,-2.2,0,0,Starter
Jason Williams,willija02,23483,38.8,13,0,0,Starter
Jasper Wilson,wilsoja01,815,0.4,0,0,0,Rotational
Javaris Crittenton,crittja01,3706,0.1,-2.1,0,0,Rotational
Javin DeLaurier,delauja01,3,0,0,0,0,Rotational
Javon Freeman-Liberty,freemja01,403,0.2,-0.3,0,0,Rotational
Javon Small,smallja01,830,1.9,0.6,0,0,Rotational
Javonte Cooke,cookeja01,94,-0.3,-0.2,0,0,Rotational
Javonte Green,greenja02,7605,17.900000000000002,3.3000000000000003,0,0,Rotational
Javonte Smart,smartja01,401,-0.3,-0.4,0,0,Rotational
Jawad Williams,willija04,1153,0.6000000000000001,-0.9,0,0,Rotational
Jawann Oldham,oldhaja01,5286,4.3,-0.7,0,0,Rotational
Jawun Evans,evansja01,908,-0.6,-0.8,0,0,Rotational
Jaxson Hayes,hayesja02,7229,25.2,3.5,0,0,Starter
Jay Arnette,arnetja01,1177,0.1,0,0,0,Rotational
Jay Carty,cartyja01,192,-0.1,0,0,0,Rotational
Jay Edwards,edwarja02,26,0,0,0,0,Rotational
Jay Guidinger,guidija01,346,0.4,-0.3,0,0,Rotational
Jay Huff,huffja01,2631,6.4,2.3000000000000003,0,0,Rotational
Jay Humphries,humphja01,25072,48.1,11.5,0,0,Starter
Jay Miller,milleja01,1987,2.4,0,0,0,Rotational
Jay Murphy,murphja01,436,-0.5,-0.7,0,0,Rotational
Jay Scrubb,scrubja01,235,0,-0.3,0,0,Rotational
Jay Taylor,tayloja01,114,-0.1,0,0,0,Rotational
Jay Vincent,vinceja01,16661,27.7,1.5000000000000002,0,1,All-Star
Jay Williams,willija03,1961,0.8,0,0,0,Rotational
Jaylen Adams,adamsja01,446,0,-0.3,0,0,Rotational
Jaylen Brown,brownja02,20908,47.5,14.1,5,0,All-Star
Jaylen Clark,clarkja02,1410,3.3,0.1,0,0,Rotational
Jaylen Hoard,hoardja01,663,1.3,0.1,0,0,Rotational
Jaylen Martin,martija02,478,0,-0.6,0,0,Rotational
Jaylen Morris,morrija01,143,-0.1,-0.2,0,0,Rotational
Jaylen Nowell,nowelja01,3733,4.9,-0.4,0,0,Rotational
Jaylen Sims,simsja01,112,0.1,-0.1,0,0,Rotational
Jaylen Wells,wellsja01,3864,5.1,-0.6,0,0,Rotational
Jaylin Williams,willija07,3872,11.7,3.5,0,0,Rotational
Jaylon Tyson,tysonja01,2230,4.8,0.8,0,0,Rotational
Jaysean Paige,paigeja01,7,-0.1,0,0,0,Rotational
Jayson Kent,kentja01,22,0.1,0,0,0,Rotational
Jayson Tatum,tatumja01,20707,67.1,30.2,6,5,Superstar
Jayson Williams,willija01,9805,20,-2.1,1,0,All-Star
Jazian Gortman,gortmja01,57,-0.1,-0.1,0,0,Rotational
Jeenathan Williams,willije02,403,0.6,-0.1,0,0,Rotational
Jeff Adrien,adrieje01,3109,7.1000000000000005,0.1,0,0,Rotational
Jeff Ayres,pendeje02,2322,6.4,-0.1,0,0,Rotational
Jeff Congdon,congdje01,8865,7.1,0,0,0,Rotational
Jeff Cook,cookje01,12691,23,1.9,0,0,Starter
Jeff Cross,crossje01,128,-0.1,-0.3,0,0,Rotational
Jeff Dowtin,dowtije01,1238,2.3,0.3,0,0,Rotational
Jeff Foote,footeje01,39,-0.1,-0.1,0,0,Rotational
Jeff Foster,fosteje01,15750,47.5,6.3,0,0,Starter
Jeff Grayer,grayeje01,8311,9,-1.4,0,0,Rotational
Jeff Green,greenje02,41526,71.2,6.699999999999999,0,0,All-Star
Jeff Halliburton,hallije01,1862,2.2,0,0,0,Rotational
Jeff Hornacek,hornaje01,36784,115.7,44.6,1,0,Superstar
Jeff Judkins,judkije01,3421,6.3,0.7999999999999999,0,0,Rotational
Jeff Lamp,lampje01,4792,8.2,-0.2,0,0,Rotational
Jeff Lebo,leboje01,32,0,0,0,0,Rotational
Jeff Malone,malonje01,32730,58.199999999999996,2.9,2,0,All-Star
Jeff Martin,martije01,2685,2.2,-0.8,0,0,Rotational
Jeff McInnis,mcinnje01,18292,27.9,0.5,0,0,Starter
Jeff Mullins,mullije01,24574,62.7,1.7,3,0,All-Star
Jeff Nordgaard,nordgje01,48,0,0,0,0,Rotational
Jeff Ruland,rulanje01,11088,34.3,11.6,2,2,All-Star
Jeff Sanders,sandeje01,462,-0.2,-0.6,0,0,Rotational
Jeff Sheppard,sheppje01,185,0.3,0,0,0,Rotational
Jeff Slade,sladeje01,20,0,0,0,0,Rotational
Jeff Taylor,tayloje01,818,-0.2,-0.2,0,0,Rotational
Jeff Taylor,tayloje03,2566,1.2999999999999998,-1.4,0,0,Rotational
Jeff Teague,teaguje01,24578,56.6,14.399999999999999,1,0,All-Star
Jeff Trepagnier,trepaje01,270,-0.2,-0.1,0,0,Rotational
Jeff Turner,turneje01,11244,8.9,-7.2,0,0,Starter
Jeff Webb,webbje01,776,0.1,0,0,0,Rotational
Jeff Webster,webstje01,58,0,0,0,0,Rotational
Jeff Wilkins,wilkije01,11130,9.1,-6,0,0,Starter
Jeff Withey,witheje01,2072,6.699999999999999,1.4,0,0,Rotational
Jelani McCoy,mccoyje01,3824,5.1,-0.7,0,0,Rotational
Jemerrio Jones,jonesje01,158,0.30000000000000004,0.1,0,0,Rotational
Jerald Honeycutt,honeyje01,734,0.19999999999999998,-0.2,0,0,Rotational
Jerami Grant,grantje01,23280,43.6,8.9,0,0,Starter
Jerel McNeal,mcneaje01,36,-0.1,-0.1,0,0,Rotational
Jeremiah Fears,fearsje01,2112,0.6,-0.4,0,0,Rotational
Jeremiah Martin,martije02,174,0.10000000000000003,0,0,0,Rotational
Jeremiah Robinson-Earl,robinje02,4196,6.1,-0.8,0,0,Rotational
Jeremy Evans,evansje01,2626,8.1,1.9,0,0,Rotational
Jeremy Lamb,lambje01,12831,27.900000000000002,8.2,0,0,Starter
Jeremy Lin,linje01,13654,25.5,6.1,0,0,Starter
Jeremy Pargo,pargoje01,1778,-0.9,-1,0,0,Rotational
Jeremy Richardson,richaje01,397,-0.5,-0.6,0,0,Rotational
Jeremy Sochan,sochaje01,5953,6.7,-1,0,0,Rotational
Jeremy Tyler,tylerje01,1102,0.1,-1.4,0,0,Rotational
Jerian Grant,grantje02,4998,8.3,0.6000000000000001,0,0,Rotational
Jericho Sims,simsje01,4534,11.3,-0.5,0,0,Rotational
Jermaine Jackson,jacksje01,1903,1.2,-0.8,0,0,Rotational
Jermaine O'Neal,onealje01,29391,68.7,16,6,1,All-Star
Jermaine Samuels,samueje01,60,0.2,0,0,0,Rotational
Jermaine Taylor,tayloje02,1269,0.30000000000000004,-0.6,0,0,Rotational
Jermareo Davidson,davidje01,433,0,-0.4,0,0,Rotational
Jerome Allen,allenje01,2248,0.5,-0.5,0,0,Rotational
Jerome Anderson,anderje01,290,0.4,-0.1,0,0,Rotational
Jerome Beasley,beaslje01,5,0,0,0,0,Rotational
Jerome Dyson,dysonje01,180,0.1,-0.1,0,0,Rotational
Jerome Harmon,harmoje01,158,0,0,0,0,Rotational
Jerome Henderson,hendeje01,39,-0.1,-0.1,0,0,Rotational
Jerome James,jamesje01,4771,2.9,-3.6,0,0,Rotational
Jerome Jordan,jordaje01,491,1.7,0.2,0,0,Rotational
Jerome Kersey,kerseje01,28115,69.6,19.3,0,0,All-Star
Jerome Lane,laneje01,3392,2,-1.3,0,0,Rotational
Jerome Robinson,robinje01,2664,2.7755575615628914e-17,-1.6,0,0,Rotational
Jerome Whitehead,whiteje01,13691,17.2,-6.7,0,0,Starter
Jerome Williams,willije01,15574,45.699999999999996,9.1,0,0,Starter
Jerrelle Benimon,benimje01,3,0,0,0,0,Rotational
Jerrod Mustaf,mustaje01,1902,1.7000000000000002,-0.9,0,0,Rotational
Jerry Baskerville,baskeje01,105,0,-0.1,0,0,Rotational
Jerry Bird,birdje01,45,0,0,0,0,Rotational
Jerry Chambers,chambje01,5155,5.3,0.2,0,0,Rotational
Jerry Dover,doverje01,13,0,0,0,0,Rotational
Jerry Eaves,eavesje01,2685,2.6,-0.8,0,0,Rotational
Jerry Fleishman,fleisje01,882,7.800000000000001,0,0,0,Rotational
Jerry Fowler,fowleje01,41,-0.1,0,0,0,Rotational
Jerry Greenspan,greenje01,329,0.4,0,0,0,Rotational
Jerry Grote,groteje01,33,0.1,0,0,0,Rotational
Jerry Harkness,harknje01,1572,3.4,0,0,0,Rotational
Jerry Kelly,kellyje01,0,2.4,0,0,0,Rotational
Jerry Lucas,lucasje01,34551,106.3,1.4,7,3,Superstar
Jerry McKee,mckeeje01,3,0,0,0,0,Rotational
Jerry Nagel,nagelje01,0,-0.1,0,0,0,Rotational
Jerry Paulson,paulsje01,68,0,0,0,0,Rotational
Jerry Pender,pendeje01,68,-0.2,-0.1,0,0,Rotational
Jerry Pettway,pettwje01,1836,-2,0,0,0,Rotational
Jerry Reynolds,reynoje01,8379,10.4,5.5,0,0,Rotational
Jerry Rook,rookje01,155,0.3,0,0,0,Rotational
Jerry Rullo,rulloje01,0,2,0,0,0,Rotational
Jerry Sichting,sichtje01,13922,22.8,1.2,0,0,Starter
Jerry Sloan,sloanje01,25750,49.6,4.1,2,1,All-Star
Jerry Smith,smithje01,46,0,0,0,0,Rotational
Jerry Stackhouse,stackje01,32767,57.1,19,2,2,All-Star
Jerry West,westje01,36571,162.6,1.6,14,10,Superstar
Jerryd Bayless,bayleje01,15668,22.8,1.4,0,0,Starter
Jeryl Sasser,sasseje01,1061,0.7000000000000001,-0.1,0,0,Rotational
Jesse Arnelle,arnelje01,409,0,0,0,0,Rotational
Jesse Branson,bransje01,1906,5.8,0,0,0,Rotational
Jesse Dark,darkje01,401,0.3,-0.2,0,0,Rotational
Jesse Edwards,edwarje01,5,0,0,0,0,Rotational
Jett Howard,howarje01,1463,1.4000000000000001,-0.6,0,0,Rotational
Jevon Carter,carteje01,8918,11.5,1.2,0,0,Rotational
Jim Ard,ardji01,5891,4.1,-0.8,0,0,Rotational
Jim Baechtold,baechji01,8256,14.8,0,0,0,Rotational
Jim Barnes,barneji01,13777,21.7,0,0,0,Starter
Jim Barnett,barneji02,19186,35.8,1.3,0,0,Starter
Jim Bostic,bostiji01,48,0.1,0,0,0,Rotational
Jim Bradley,bradlji01,1913,3.7,0.7,0,0,Rotational
Jim Brasco,brascji01,496,-0.4,0,0,0,Rotational
Jim Brewer,breweji01,17547,30.6,8.9,0,0,Starter
Jim Brogan,brogaji01,1493,1.2000000000000002,0.4,0,0,Rotational
Jim Browne,brownji01,0,0.1,0,0,0,Rotational
Jim Burns,burnsji01,403,0,0,0,0,Rotational
Jim Caldwell,caldwji01,4928,8.9,0,0,0,Rotational
Jim Chones,choneji01,23665,45.800000000000004,5.8,0,2,All-Star
Jim Cleamons,cleamji01,18783,31.599999999999998,7,0,0,Starter
Jim Creighton,creigji01,172,-0.2,-0.2,0,0,Rotational
Jim Davis,davisji01,11010,19.9,1.1,0,0,Starter
Jim Eakins,eakinji01,21096,61.8,7,1,0,All-Star
Jim Farmer,farmeji01,1910,0.7999999999999999,-1,0,0,Rotational
Jim Fox,foxji01,22452,49.699999999999996,2.7,0,0,Starter
Jim Fritsche,fritsji01,2593,-3.3,0,0,0,Rotational
Jim Garvin,garviji01,11,0,0,0,0,Rotational
Jim Grandholm,grandji01,168,0.4,0,0,0,Rotational
Jim Hadnot,hadnoji01,3004,6.2,0,0,0,Rotational
Jim Hayes,hayesji01,494,0.6,0,0,0,Rotational
Jim Holstein,holstji01,3476,2.5,0,0,0,Rotational
Jim Jackson,jacksji01,39133,45.2,9.3,0,0,Starter
Jim Jarvis,jarviji01,2640,1.1,0,0,0,Rotational
Jim Johnstone,johnsji01,382,-0.2,-0.4,0,0,Rotational
Jim King,kingji01,11578,18.1,0,1,0,All-Star
Jim Kissane,kissaji01,15,0,0,0,0,Rotational
Jim Krebs,krebsji01,10661,12.4,0,0,0,Starter
Jim Lampley,lamplji01,16,0,0,0,0,Rotational
Jim Les,lesji01,4314,8.1,1.5999999999999999,0,0,Rotational
Jim Loscutoff,loscuji01,9431,3.6,0,0,0,Rotational
Jim Luisi,luisiji01,367,0,0,0,0,Rotational
Jim Marsh,marshji01,375,-0.3,0,0,0,Rotational
Jim McDaniels,mcdanji01,5242,9.1,-0.6,1,0,All-Star
Jim McElroy,mcelrji01,11706,14.8,1.7,0,0,Starter
Jim McIlvaine,mcilvji01,5927,9.4,-0.1,0,0,Rotational
Jim McMillian,mcmilji01,20227,46,7.699999999999999,0,0,Starter
Jim Mooney,mooneji01,529,0.2,0,0,0,Rotational
Jim Neal,nealji01,1093,0.1,0,0,0,Rotational
Jim Nolan,nolanji01,0,-0.2,0,0,0,Rotational
Jim O'Brien,obrieji02,665,0.4,0.5,0,0,Rotational
Jim Owens,owensji01,533,0.4,0,0,0,Rotational
Jim Palmer,palmeji01,5276,6.4,0,0,0,Rotational
Jim Paxson,paxsoji01,3069,2.8,0,0,0,Rotational
Jim Paxson,paxsoji02,22158,55,13.2,2,0,All-Star
Jim Petersen,peterji01,9802,13.6,-1.6,0,0,Rotational
Jim Phelan,phelaja02,33,-0.1,0,0,0,Rotational
Jim Pollard,pollaji01,9391,34.9,0,4,0,All-Star
Jim Price,priceji01,18442,28.5,7,1,0,All-Star
Jim Ray,rayji01,64,-0.2,0,0,0,Rotational
Jim Reid,reidji01,52,0.1,0,0,0,Rotational
Jim Riffey,riffeji01,0,0.2,0,0,0,Rotational
Jim Rowinski,rowinji01,142,0.30000000000000004,-0.1,0,0,Rotational
Jim Seminoff,seminji01,0,16.9,0,0,0,Rotational
Jim Slaughter,slaugji01,525,-0.1,0,0,0,Rotational
Jim Smith,smithji01,876,0.7,-0.2,0,0,Rotational
Jim Spanarkel,spanaji01,5290,12.3,3.8,0,0,Rotational
Jim Springer,sprinji01,0,0,0,0,0,Rotational
Jim Spruill,spruiji01,0,0,0,0,0,Rotational
Jim Thomas,thomaji01,3361,5,0.6000000000000001,0,0,Rotational
Jim Tucker,tuckeji01,1301,1.3,0,0,0,Rotational
Jim Walsh,walshji01,72,-0.2,0,0,0,Rotational
Jim Ware,wareji01,444,-1,0,0,0,Rotational
Jim Washington,washiji01,27208,45.9,1.7000000000000002,0,0,Starter
Jim Wilson,wilsoji01,44,-0.1,0,0,0,Rotational
Jim Zoet,zoetji01,30,-0.1,-0.1,0,0,Rotational
Jimmer Fredette,fredeji01,3750,3,-0.2,0,0,Rotational
Jimmie Baker,bakerji01,40,-0.2,-0.1,0,0,Rotational
Jimmy Butler,butleji01,33903,145.9,59,6,3,Superstar
Jimmy Carruth,carruji01,21,0,0,0,0,Rotational
Jimmy Collins,colliji01,612,0.5,0,0,0,Rotational
Jimmy Conner,conneji01,240,0.3,0.1,0,0,Rotational
Jimmy Darden,dardeji01,0,-0.2,0,0,0,Rotational
Jimmy Darrow,darroji01,34,-0.1,0,0,0,Rotational
Jimmy Dawson,dawsoji01,288,-0.3,0,0,0,Rotational
Jimmy Foster,fosteja01,1158,-1.4,-1.4,1,0,All-Star
Jimmy Jones,jonesji01,23463,78.80000000000001,4.3,6,0,All-Star
Jimmy King,kingji02,890,0,-0.6,0,0,Rotational
Jimmy O'Brien,obrieji01,9246,7,-0.2,0,0,Rotational
Jimmy Oliver,oliveji01,856,0.30000000000000004,-0.6,0,0,Rotational
Jimmy Rayl,raylji01,2760,4.7,0,0,0,Rotational
Jimmy Walker,walkeji01,26548,47.8,1.7,2,0,All-Star
Jiří Welsch,welscji01,5913,7.3,0.10000000000000003,0,0,Rotational
Jo Jo English,englijo01,577,0,-0.5,0,0,Rotational
Jo Jo White,whitejo01,32279,54.9,6.300000000000001,7,2,All-Star
Joakim Noah,noahjo01,18646,61.9,20.9,2,2,All-Star
Joan Beringer,berinjo01,314,1.5,0.2,0,0,Rotational
Joby Wright,wrighjo01,1572,0.6,-0.9,0,0,Rotational
Jock Landale,landajo01,5843,15.8,2.5,0,0,Rotational
Jodie Meeks,meeksjo01,12829,25.099999999999998,4.2,0,0,Starter
Joe Alexander,alexajo01,745,0.4,-0.3,0,0,Rotational
Joe Arlauckas,arlaujo01,85,-0.1,-0.1,0,0,Rotational
Joe Barry Carroll,carrojo01,26563,37.8,7.7,1,1,All-Star
Joe Binion,biniojo01,51,0.1,0,0,0,Rotational
Joe Bradley,bradljo01,0,-0.3,0,0,0,Rotational
Joe Bryant,bryanjo01,12845,12.9,-0.8,0,0,Starter
Joe Buckhalter,buckhjo01,740,1.0999999999999999,0,0,0,Rotational
Joe Caldwell,caldwjo01,27118,41.2,2.5,4,1,All-Star
Joe Chealey,chealjo01,41,-0.1,-0.1,0,0,Rotational
Joe Colone,colonjo01,0,0.1,0,0,0,Rotational
Joe Cooke,cookejo01,725,-0.4,0,0,0,Rotational
Joe Cooper,coopejo01,722,0.4,-0.1,0,0,Rotational
Joe Courtney,courtjo01,1298,0.8,-1.2,0,0,Rotational
Joe Crawford,crawfjo01,23,0,0,0,0,Rotational
Joe Crispin,crispjo01,312,0.9,0.4,0,0,Rotational
Joe DePre,deprejo01,2281,3.1,0,0,0,Rotational
Joe Dolhon,dolhojo01,0,3.1,0,0,0,Rotational
Joe Dumars,dumarjo01,35139,86.2,25.3,6,4,Superstar
Joe Ellis,ellisjo01,10374,5.1000000000000005,-0.3,0,0,Starter
Joe Fabel,fabeljo01,0,-0.2,0,0,0,Rotational
Joe Fulks,fulksjo01,4490,29.3,0,2,0,All-Star
Joe Graboski,grabojo01,23133,25.1,0,0,0,Starter
Joe Hamilton,hamiljo01,11059,15.399999999999999,1.1,0,0,Starter
Joe Hamood,hamoojo01,1839,0.3,0,0,0,Rotational
Joe Harris,harrijo01,12298,23.1,4.1,0,0,Starter
Joe Hassett,hassejo01,4356,7.8,1.4000000000000001,0,0,Rotational
Joe Holland,hollajo01,737,2,0,0,0,Rotational
Joe Holup,holupjo01,4266,4.5,0,0,0,Rotational
Joe Hutton,huttojo01,723,2.1,0,0,0,Rotational
Joe Ingles,inglejo01,17638,42.3,13.2,0,0,Starter
Joe Johnson,johnsjo02,50060,89.7,27,7,2,All-Star
Joe Kennedy,kennejo01,2705,0.2,0,0,0,Rotational
Joe Kleine,kleinjo01,16971,20.5,-8.3,0,0,Starter
Joe Kopicki,kopicjo01,1187,3.5,0.5,0,0,Rotational
Joe McNamee,mcnamjo01,1390,-2.1,0,0,0,Rotational
Joe Meriweather,meriwjo01,16500,29.9,0.9999999999999999,0,0,Starter
Joe Mullaney,mullajo01,0,-0.6,0,0,0,Rotational
Joe Pace,pacejo01,557,1,0,0,0,Rotational
Joe Reaves,reavejo01,210,-0.1,-0.2,0,0,Rotational
Joe Roberts,roberjo01,3472,2.3,0,0,0,Rotational
Joe Ruklick,ruklijo01,909,-0.1,0,0,0,Rotational
Joe Smith,smithjo02,33766,72.2,3.1,0,0,All-Star
Joe Smyth,smythjo01,990,0.2,0,0,0,Rotational
Joe Stephens,stephjo01,227,-0.1,0,0,0,Rotational
Joe Strawder,strawjo01,6365,10.9,0,0,0,Rotational
Joe Thomas,thomajo01,204,-0.6,0,0,0,Rotational
Joe Wieskamp,wieskjo01,255,0,-0.2,0,0,Rotational
Joe Wolf,wolfjo01,10866,5.3,-7.5,0,0,Starter
Joe Young,youngjo01,1077,0.3,-0.6,0,0,Rotational
Joel Anthony,anthojo01,7242,15.6,0.4,0,0,Rotational
Joel Ayayi,ayayijo01,20,0,0,0,0,Rotational
Joel Bolomboy,bolomjo01,91,0.30000000000000004,0.1,0,0,Rotational
Joel Embiid,embiijo01,15608,68.9,34.3,7,5,Superstar
Joel Freeland,freeljo01,1821,3.2,-0.6,0,0,Rotational
Joel Kramer,kramejo01,4184,9.1,0.7,0,0,Rotational
Joel Przybilla,przybjo01,12599,23.599999999999998,-0.2,0,0,Starter
Joey Dorsey,dorsejo01,1594,2.9,-0.3,0,0,Rotational
Joey Graham,grahajo01,6117,7.9,-2.5,0,0,Rotational
Joffrey Lauvergne,lauvejo01,3803,6.699999999999999,-0.1,0,0,Rotational
Johan Petro,petrojo01,7821,5.8,-5.2,0,0,Rotational
John Abramovic,abramjo01,0,-2.3,0,0,0,Rotational
John Amaechi,amaecjo01,4811,0.4,-4.1,0,0,Rotational
John Arthurs,arthujo01,86,0,0,0,0,Rotational
John Bagley,baglejo01,17120,16.6,4.500000000000001,0,0,Starter
John Barber,barbejo01,19,0,0,0,0,Rotational
John Barnhill,barnhjo01,16845,14.4,0,0,1,All-Star
John Barr,barrjo01,0,5,0,0,0,Rotational
John Battle,battljo01,10910,17.8,0.1,0,0,Starter
John Beasley,beasljo01,14832,39.9,0,3,0,All-Star
John Block,blockjo01,17296,40.1,1.6,1,0,All-Star
John Brisker,briskjo01,9953,22.099999999999998,0.5,2,0,All-Star
John Brown,brownjo01,10493,16.4,-1,0,0,Starter
John Butler,butlejo01,221,0,-0.2,0,0,Rotational
John Celestand,celesjo01,185,-0.1,-0.3,0,0,Rotational
John Chaney,chanejo01,0,-0.2,0,0,0,Rotational
John Clawson,clawsjo01,1067,1.3,0,0,0,Rotational
John Coker,cokerjo01,141,0.1,-0.2,0,0,Rotational
John Collins,collijo01,15611,43.8,9.8,0,0,Starter
John Comeaux,comeajo01,189,0.4,0,0,0,Rotational
John Coughran,coughjo01,160,-0.3,-0.3,0,0,Rotational
John Crotty,crottjo01,6177,12.9,1.4,0,0,Rotational
John Dickson,dicksjo01,100,0,0,0,0,Rotational
John Douglas,dougljo01,1043,0.5,-0.1,0,0,Rotational
John Drew,drewjo01,21828,68.9,18.799999999999997,2,1,All-Star
John Duren,durenjo01,2947,-0.8,-2.4,0,0,Rotational
John Edwards,edwarjo01,435,0.1,-0.5,0,0,Rotational
John Fairchild,faircjo01,3072,2.4,0,0,0,Rotational
John Garris,garrijo01,267,0.9,0.2,0,0,Rotational
John Gianelli,gianejo01,15563,25.5,4.7,0,0,Starter
John Greig,greigjo01,26,0.1,0,0,0,Rotational
John Hargis,hargijo01,0,9.8,0,0,0,Rotational
John Havlicek,havlijo01,46471,131.7,11.5,13,8,Superstar
John Hazen,hazenjo01,0,0.2,0,0,0,Rotational
John Henson,hensojo01,9352,22,3.7,0,0,Starter
John Holland,hollajo02,175,-0.2,-0.2,0,0,Rotational
John Hummer,hummejo01,8539,6.4,0.2,0,0,Rotational
John Janisch,janisjo01,0,6,0,0,0,Rotational
John Jenkins,jenkijo01,2996,3.5,-0.2,0,0,Rotational
John Johnson,johnsjo01,29201,41.5,6.2,2,0,All-Star
John Konchar,konchjo01,7503,18.6,5.5,0,0,Rotational
John Kuester,kuestjo01,1527,2,0,0,0,Rotational
John Lambert,lambejo01,6811,7.8,-2.2,0,0,Rotational
John Laskowski,laskojo01,2132,2.1,0.1,0,0,Rotational
John Logan,loganjo01,0,28,0,0,0,Starter
John Long,longjo01,23599,32.3,3.2,0,0,Starter
John Lucas,lucasjo01,25556,53.7,21.2,0,0,All-Star
John Lucas III,lucasjo02,2927,3.4000000000000004,0.6,0,0,Rotational
John Mahnken,mahnkjo01,1352,-2.4,0,0,0,Rotational
John Mandic,mandijo01,0,2.7,0,0,0,Rotational
John McConathy,mcconjo01,106,-0.5,0,0,0,Rotational
John McCullough,mcculjo01,23,0.1,0.1,0,0,Rotational
John Mengelt,mengejo01,14435,31.9,2.3,0,0,Starter
John Mills,millsjo01,0,1.4,0,0,0,Rotational
John Morrison,morrijo01,76,-0.1,0,0,0,Rotational
John Morton,mortojo01,2149,0.4999999999999999,-0.6,0,0,Rotational
John Murphy,murphjo01,0,0.6,0,0,0,Rotational
John O'Boyle,oboyljo01,97,0,0,0,0,Rotational
John Oldham,oldhajo01,0,4.3,0,0,0,Rotational
John Olive,olivejo01,204,-0.3,-0.4,0,0,Rotational
John Paxson,paxsojo01,17257,36.3,3,0,0,Starter
John Pilch,pilchjo01,41,-0.1,0,0,0,Rotational
John Pinone,pinonjo01,65,0.1,0,0,0,Rotational
John Postley,postljo01,6,0,0,0,0,Rotational
John Poulakidas,poulajo01,253,0.5,0,0,0,Rotational
John Pritchard,pritcjo01,0,-0.2,0,0,0,Rotational
John Rennicke,rennijo01,54,-0.2,0,0,0,Rotational
John Richter,richtjo01,808,0.4,0,0,0,Rotational
John Roche,rochejo01,16276,26.9,3.6999999999999997,0,0,Starter
John Rudd,ruddjo01,723,0.6,-0.3,0,0,Rotational
John Rudometkin,rudomjo01,2020,0.9000000000000001,0,0,0,Rotational
John Salley,sallejo01,17197,42.1,10.3,0,0,Starter
John Salmons,salmojo01,31181,48.3,10.9,0,0,Starter
John Schweitz,schwejo01,117,-0.5,-0.2,0,0,Rotational
John Shasky,shaskjo01,1505,2.5,-0.5,0,0,Rotational
John Shumate,shumajo01,15801,42.7,11.8,0,0,Starter
John Smith,smithjo01,4552,0.2,0,0,0,Rotational
John Starks,starkjo01,24704,50.6,16.5,1,0,All-Star
John Stockton,stockjo01,47764,207.6,106.4,10,12,Superstar
John Stroeder,stroejo01,315,-0.1,-0.3,0,0,Rotational
John Stroud,stroujo01,88,-0.1,-0.1,0,0,Rotational
John Thomas,thomajo02,2915,3.6,-1.9,0,0,Rotational
John Thompson,thompjo01,771,2.1,0,0,0,Rotational
John Tonje,tonjejo01,42,0.1,0,0,0,Rotational
John Trapp,trappjo01,6126,6.7,0,0,0,Rotational
John Tresvant,tresvjo01,21236,40.9,0,0,0,Starter
John Tschogl,tschojo01,1216,-0.4,-0.3,0,0,Rotational
John Turner,turnejo01,345,-0.1,-0.5,0,0,Rotational
John Vallely,vallejo01,1162,-0.2,0,0,0,Rotational
John Wall,walljo01,22588,44.4,24.2,5,1,All-Star
John Wallace,wallajo01,6143,6.4,-1.2,0,0,Rotational
John Warren,warrejo01,4931,4.2,-0.1,0,0,Rotational
John Wetzel,wetzejo01,4714,6.7,0.7,0,0,Rotational
John Williams,willijo02,10952,19.9,8.7,0,0,Starter
John Williamson,willijo01,22126,32.4,2.2,0,0,Starter
John Windsor,windsjo01,68,0.1,0,0,0,Rotational
Johnathan Motley,motlejo01,373,0.8999999999999999,0,0,0,Rotational
Johnathan Williams,willijo04,552,1.4,-0.1,0,0,Rotational
Johni Broome,broomjo01,55,-0.2,-0.2,0,0,Rotational
Johnny Austin,austijo01,753,0.8,0,0,0,Rotational
Johnny Bach,bachjo01,0,0.8,0,0,0,Rotational
Johnny Baum,baumjo01,4616,7.2,0.2,0,0,Rotational
Johnny Cox,coxjo01,1685,0.5,0,0,0,Rotational
Johnny Davis,davisjo01,22214,40.4,6.9,0,0,Starter
Johnny Davis,davisjo06,1278,-0.3,-1.3,0,0,Rotational
Johnny Dawkins,dawkijo01,14859,21.8,4.4,0,0,Starter
Johnny Egan,eganjo01,19242,31,0,0,0,Starter
Johnny Ezersky,ezersjo01,0,3.7,0,0,0,Rotational
Johnny Furphy,furphjo01,1022,1,-0.3,0,0,Rotational
Johnny Green,greenjo01,27709,66.1,0,4,0,All-Star
Johnny High,highjo01,4538,4.699999999999999,0.5,0,0,Rotational
Johnny Horan,horanjo01,186,-0.3,0,0,0,Rotational
Johnny Jones,jonesjo01,924,-0.5,0,0,0,Rotational
Johnny Jorgensen,jorgejo01,0,1.3,0,0,0,Rotational
Johnny Juzang,juzanjo01,1962,1.9000000000000001,-0.6,0,0,Rotational
Johnny Macknowski,macknjo01,0,2.6999999999999997,0,0,0,Rotational
Johnny Mathis,mathijo01,656,0.3,0,0,0,Rotational
Johnny McCarthy,mccarjo01,8828,4.7,0,0,0,Rotational
Johnny Moore,moorejo01,13491,30,14.200000000000001,0,0,Starter
Johnny Neumann,neumajo01,15998,12.399999999999999,-1.3,0,0,Starter
Johnny Newman,newmajo01,30132,53.8,3.3,0,0,All-Star
Johnny Norlander,norlajo01,0,20.5,0,0,0,Starter
Johnny O'Bryant,obryajo01,1764,0.4,-1.7,0,0,Rotational
Johnny Orr,orrjo01,0,-0.2,0,0,0,Rotational
Johnny Payak,payakjo01,1470,4.3,0,0,0,Rotational
Johnny Rogers,rogerjo01,636,0.4,-0.5,0,0,Rotational
Johnny Simmons,simmojo01,0,1.7,0,0,0,Rotational
Johnny Taylor,taylojo01,900,0.1,-0.5,0,0,Rotational
Jon Barry,barryjo01,15385,41.3,14.7,0,0,Starter
Jon Brockman,brockjo01,1570,3.7,-0.8,0,0,Rotational
Jon Koncak,koncajo01,16409,29.1,3.4,0,0,Starter
Jon Leuer,leuerjo01,6132,13.3,1.9,0,0,Rotational
Jon McGlocklin,mcglojo01,20930,47.2,0.6000000000000001,1,0,All-Star
Jon Sundvold,sundvjo01,8811,8.9,-0.9,0,0,Rotational
Jon Teske,teskejo01,8,0,0,0,0,Rotational
Jonah Bolden,boldejo01,733,1.4,0.1,0,0,Rotational
Jonas Jerebko,jerebjo01,12553,29.2,3.8000000000000003,0,0,Starter
Jonas Valanciunas,valanjo01,27044,96.1,20.2,0,0,All-Star
Jonathan Bender,bendejo01,3847,3.9,-0.6,0,0,Rotational
Jonathan Gibson,gibsojo01,271,0.1,0,0,0,Rotational
Jonathan Isaac,isaacjo01,6161,14.899999999999999,4.3999999999999995,0,0,Rotational
Jonathan Kerner,kernejo01,5,0,0,0,0,Rotational
Jonathan Kuminga,kuminjo01,7332,13.9,1.4000000000000001,0,0,Rotational
Jonathan Mogbo,mogbojo01,1535,2.5,0.1,0,0,Rotational
Jonathon Simmons,simmojo02,6362,6.5,-2.1,0,0,Rotational
Jonny Flynn,flynnjo01,4154,-1,-2.2,0,0,Rotational
Jontay Porter,portejo01,414,0.7,0.19999999999999998,0,0,Rotational
Jordan Adams,adamsjo01,263,0.4,0.2,0,0,Rotational
Jordan Bell,belljo01,2275,5.3,1,0,0,Rotational
Jordan Bone,bonejo01,249,0.1,-0.2,0,0,Rotational
Jordan Clarkson,clarkjo01,25695,32.3,7.300000000000001,0,0,Starter
Jordan Crawford,crawfjo02,11438,10.4,2,0,0,Starter
Jordan Farmar,farmajo01,9840,13.799999999999999,3.5999999999999996,0,0,Rotational
Jordan Ford,fordjo01,22,0.1,0,0,0,Rotational
Jordan Goodwin,goodwjo01,5337,9.4,3.1,0,0,Rotational
Jordan Hall,halljo02,83,-0.1,-0.1,0,0,Rotational
Jordan Hamilton,hamiljo02,3119,4.6000000000000005,1.7,0,0,Rotational
Jordan Hawkins,hawkijo01,3173,0.4,-2.2,0,0,Rotational
Jordan Hill,hilljo01,8867,19.1,-0.1,0,0,Rotational
Jordan Loyd,loydjo01,55,0.2,0,0,0,Rotational
Jordan McLaughlin,mclaujo01,4644,10.8,2.4,0,0,Rotational
Jordan McRae,mcraejo01,2675,2.9,-5.55E-17,0,0,Rotational
Jordan Mickey,mickejo01,482,0.5,-0.4,0,0,Rotational
Jordan Miller,millejo02,1773,4,0.7000000000000001,0,0,Rotational
Jordan Nwora,nworajo01,5259,5,-0.7,0,0,Rotational
Jordan Poole,poolejo01,12283,11.5,0.2999999999999998,0,0,Starter
Jordan Schakel,schakjo01,36,-0.1,-0.1,0,0,Rotational
Jordan Sibert,siberjo01,4,0,0,0,0,Rotational
Jordan Walsh,walshjo01,1698,4.3999999999999995,0.49999999999999994,0,0,Rotational
Jordan Williams,willijo03,635,1.3,0,0,0,Rotational
Jorge Garbajosa,garbajo01,1983,3.1,1.1,0,0,Rotational
Jorge Gutiérrez,gutiejo01,657,1.2,-0.3,0,0,Rotational
Jose Alvarado,alvarjo01,7278,11.600000000000001,2.5,0,0,Rotational
Jose Slaughter,slaugjo01,515,-0.1,-0.3,0,0,Rotational
Joseph Forte,fortejo01,125,-0.4,-0.2,0,0,Rotational
Josh Akognon,akognjo01,9,0,0,0,0,Rotational
Josh Boone,boonejo01,4482,9,0,0,0,Rotational
Josh Childress,childjo01,10432,25.8,7.3,0,0,Starter
Josh Christopher,chrisjo01,2189,0.19999999999999998,-1.1,0,0,Rotational
Josh Davis,davisjo02,515,0.8,0.1,0,0,Rotational
Josh Giddey,giddejo01,9926,17.2,8.9,0,0,Rotational
Josh Grant,grantjo01,382,0.5,0,0,0,Rotational
Josh Gray,grayjo01,109,-0.3,-0.1,0,0,Rotational
Josh Green,greenjo02,7323,11.1,-1.2,0,0,Rotational
Josh Hall,halljo01,336,-0.9,-0.8,0,0,Rotational
Josh Harrellson,harrejo01,888,2.0999999999999996,0.4,0,0,Rotational
Josh Hart,hartjo01,22368,53.1,15.7,0,0,All-Star
Josh Howard,howarjo01,16268,39,9.6,1,0,All-Star
Josh Huestis,huestjo01,1068,0.7,-0.4,0,0,Rotational
Josh Jackson,jacksjo02,7548,-1.8,-3.6,0,0,Rotational
Josh Magette,magetjo01,254,0.30000000000000004,0,0,0,Rotational
Josh McRoberts,mcrobjo01,9758,20.7,4.7,0,0,Starter
Josh Minott,minotjo01,2131,6.3999999999999995,2.5,0,0,Rotational
Josh Oduro,odurojo01,82,0.2,-0.1,0,0,Rotational
Josh Okogie,okogijo01,9931,15.6,1.3,0,0,Rotational
Josh Powell,poweljo01,4319,2.8,-4.2,0,0,Rotational
Josh Reaves,reavejo02,28,0,-0.1,0,0,Rotational
Josh Richardson,richajo01,18945,32.9,6.7,0,0,Starter
Josh Selby,selbyjo01,296,-0.7,-0.6,0,0,Rotational
Josh Smith,smithjo03,32180,53.4,28.6,0,0,All-Star
Joshua Primo,primojo01,1068,-0.2,-0.9,0,0,Rotational
José Calderón,caldejo01,26342,66,20.4,0,0,All-Star
José Ortiz,ortizjo01,391,0,-0.4,0,0,Rotational
João Vianna,viannjo01,9,0,0,0,0,Rotational
Jrue Holiday,holidjr01,35719,78.1,32.7,2,0,All-Star
Juan Carlos Navarro,navarju01,2117,1.4,-0.2,0,0,Rotational
Juan Dixon,dixonju01,11103,8.299999999999999,-0.5,0,0,Starter
Juan Toscano-Anderson,toscaju01,3826,6.2,0.30000000000000004,0,0,Rotational
Juancho Hernangómez,hernaju01,6547,10.600000000000001,0,0,0,Rotational
Juaquin Hawkins,hawkiju01,685,0.4,-0.1,0,0,Rotational
Jud Buechler,buechju01,9418,17.8,4.3,0,0,Rotational
Jules Bernard,bernaju01,149,0.1,0,0,0,Rotational
Julian Champagnie,champju02,6306,11.3,2.1,0,0,Rotational
Julian Hammond,hammoju01,8039,24.9,0,0,0,Starter
Julian Phillips,phillju01,2302,3.1,-1,0,0,Rotational
Julian Reese,reeseju01,402,0.3,-0.3,0,0,Rotational
Julian Strawther,strawju01,2790,2.8000000000000003,-1.6,0,0,Rotational
Julian Washburn,washbju01,254,0.1,-0.2,0,0,Rotational
Julian Wright,wrighju01,3049,3.9,1.2,0,0,Rotational
Julius Erving,ervinju01,45227,181,80,16,8,Superstar
Julius Hodge,hodgeju01,163,0.1,-0.1,0,0,Rotational
Julius Keye,keyeju01,13676,17.8,1.2999999999999998,1,0,All-Star
Julius Nwosu,nwosuju01,84,0,-0.2,0,0,Rotational
Julius Randle,randlju01,25348,56.8,19.3,3,1,All-Star
Julyan Stone,stoneju01,502,1,0.2,0,0,Rotational
Jumaine Jones,jonesju01,9780,15.1,2.2,0,0,Rotational
Junior Bridgeman,bridgju01,21257,45,8.3,0,0,Starter
Junior Burrough,burroju01,495,-0.2,-0.7,0,0,Rotational
Junior Harrington,harriju01,3096,-0.9,-2.3,0,0,Rotational
Justin Anderson,anderju01,4824,7.1,0.4,0,0,Rotational
Justin Champagnie,champju01,3301,7,0.8999999999999999,0,0,Rotational
Justin Dentmon,dentmju01,186,-0.2,-0.2,0,0,Rotational
Justin Edwards,edwarju01,2132,2.6,-0.3,0,0,Rotational
Justin Hamilton,hamilju01,2745,5.3,0.8,0,0,Rotational
Justin Harper,harpeju01,150,-0.4,-0.3,0,0,Rotational
Justin Holiday,holidju01,21860,23.1,1.7999999999999998,0,0,Starter
Justin Jackson,jacksju01,7115,8.5,-1.1,0,0,Rotational
Justin James,jamesju01,542,0.2,-0.2,0,0,Rotational
Justin Minaya,minayju01,571,0,-0.6,0,0,Rotational
Justin Patton,pattoju01,296,0.4,0,0,0,Rotational
Justin Reed,reedju01,2433,0.8999999999999999,-2.4,0,0,Rotational
Justin Robinson,robinju01,745,-0.6,-0.9,0,0,Rotational
Justin Williams,williju01,579,1.2000000000000002,-0.1,0,0,Rotational
Justin Wright-Foreman,wrighju02,45,0,-0.1,0,0,Rotational
Justise Winslow,winslju01,9679,9.1,-0.1,0,0,Rotational
Justus Thigpen,thigpju01,159,-0.3,0,0,0,Rotational
Jusuf Nurkić,nurkiju01,17884,38.4,10.1,0,0,Starter
Juwan Howard,howarju01,42735,69.5,4.8,1,0,All-Star
Juwan Morgan,morgaju01,343,0.8,0,0,0,Rotational
Jérôme Moïso,moisoje01,1512,2.4,-0.4,0,0,Rotational
K.C. Jones,joneskc01,17501,38.800000000000004,0,0,0,Starter
K.J. McDaniels,mcdankj01,3949,2.5,-0.8,0,0,Rotational
KJ Martin,martike04,8332,14.8,-0.5,0,0,Rotational
KJ Simpson,simpskj01,1356,-0.7,-1.1,0,0,Rotational
KZ Okpala,okpalkz01,965,1,-0.8,0,0,Rotational
Kadary Richmond,richmka01,67,0.2,0.1,0,0,Rotational
Kadeem Allen,allenka01,640,1,0.1,0,0,Rotational
Kai Jones,joneska01,1549,4.9,0.7,0,0,Rotational
Kaiser Gates,gateska01,7,-0.1,-0.1,0,0,Rotational
Kalin Lucas,lucaska01,12,0,0,0,0,Rotational
Kam Jones,joneska03,616,0,-0.6,0,0,Rotational
Kaniel Dickens,dickeka01,85,0,0,0,0,Rotational
Kannard Johnson,johnska01,12,-0.1,0,0,0,Rotational
Kareem Abdul-Jabbar,abdulka01,57446,273.3,85.9,19,17,Superstar
Kareem Rush,rushka01,6924,1.7999999999999998,-1.9,0,0,Rotational
Karim Mané,maneka01,88,-0.1,-0.2,0,0,Rotational
Karl Malone,malonka01,54852,234.6,99.1,14,15,Superstar
Karl-Anthony Towns,townska01,24294,94.8,38.4,6,0,All-Star
Karlo Matkovic,matkoka01,1703,4.300000000000001,0.6,0,0,Rotational
Kasib Powell,powelka01,304,0,-0.1,0,0,Rotational
Kasparas Jakucionis,jakucka01,945,2.3,0.4,0,0,Rotational
Kawhi Leonard,leonaka01,25368,111.9,55.1,7,6,Superstar
Kay Felder,feldeka01,666,-0.9,-0.6,0,0,Rotational
Keaton Wallace,wallake01,1037,1.1,-0.1,0,0,Rotational
Kebu Stewart,stewake01,110,0.2,0,0,0,Rotational
Kedrick Brown,brownke01,2904,5,1.1,0,0,Rotational
Keegan Murray,murrake02,8373,14.100000000000001,1.6,0,0,Rotational
Keifer Sykes,sykeske01,566,-0.5,-0.7,0,0,Rotational
Keion Brooks Jr.,brookke02,332,0.4,-0.1,0,0,Rotational
Keita Bates-Diop,bateske01,5974,9.9,0.7000000000000001,0,0,Rotational
Keith Appling,applike01,27,-0.1,-0.1,0,0,Rotational
Keith Askins,askinke01,7983,14.5,2.4,0,0,Rotational
Keith Benson,bensoke02,9,0,0,0,0,Rotational
Keith Bogans,boganke01,17711,25.400000000000002,2.6999999999999997,0,0,Starter
Keith Booth,boothke01,449,-0.8,-0.4,0,0,Rotational
Keith Closs,closske01,1647,1.9000000000000001,0,0,0,Rotational
Keith Edmonson,edmonke01,1553,1.2,-0.5,0,0,Rotational
Keith Erickson,erickke01,18841,25.2,2.3,0,0,Starter
Keith Herron,herroke01,2620,3.2,2.7755575615628914e-17,0,0,Rotational
Keith Jennings,jennike01,2955,7.7,2.5,0,0,Rotational
Keith Langford,langfke01,10,0,0,0,0,Rotational
Keith Lee,leeke01,2907,3.8,-0.7,0,0,Rotational
Keith McCord,mccorke01,9,0,0,0,0,Rotational
Keith McLeod,mcleoke01,4441,2.7,-1.7,0,0,Rotational
Keith Owens,owenske01,80,0,-0.1,0,0,Rotational
Keith Smart,smartke01,12,0,0,0,0,Rotational
Keith Smith,smithke03,461,0,-0.4,0,0,Rotational
Keith Starr,starrke01,65,-0.2,-0.1,0,0,Rotational
Keith Swagerty,swageke01,2477,2.3,0,0,0,Rotational
Keith Tower,towerke01,416,0,-0.4,0,0,Rotational
Keith Van Horn,vanhoke01,21992,51.5,12.6,0,0,All-Star
Kel'el Ware,wareke01,3126,10.3,2.5,0,0,Rotational
Kelan Martin,martike03,1717,0.7,-0.6,0,0,Rotational
Keldon Johnson,johnske04,12511,23.2,3.3,0,0,Starter
Kelenna Azubuike,azubuke01,5025,9.299999999999999,1.7,0,0,Rotational
Keljin Blevins,blevike01,424,-0.7,-0.8,0,0,Rotational
Kelly McCarty,mccarke01,4,0,0,0,0,Rotational
Kelly Olynyk,olynyke01,23007,58.8,16.8,0,0,All-Star
Kelly Oubre,oubreke01,21251,29.7,1.3,0,0,Starter
Kelly Tripucka,tripuke01,20959,44.4,11.1,2,1,All-Star
Kelvin Cato,catoke01,10950,28.9,4.4,0,0,Starter
Kelvin Ransey,ranseke01,11586,17.9,3.4000000000000004,0,1,All-Star
Kelvin Upshaw,upshake01,2522,2.2,-0.2,0,0,Rotational
Kemba Walker,walkeke02,24810,60,29.8,4,0,All-Star
Ken Austin,austike01,28,0,0,0,0,Rotational
Ken Bannister,bannike01,3867,0.6,-3.5,0,0,Rotational
Ken Boyd,boydke01,25,0.1,0.1,0,0,Rotational
Ken Charles,charlke01,7637,9.799999999999999,1.9999999999999998,0,0,Rotational
Ken Corley,corleke01,0,0,0,0,0,Rotational
Ken Durrett,durreke01,1650,0.7,-0.7,0,0,Rotational
Ken Gardner,gardnke01,51,0.1,0,0,0,Rotational
Ken Green,greenke01,72,0.3,0,0,0,Rotational
Ken Johnson,johnske01,815,0.8,-0.6,0,0,Rotational
Ken Johnson,johnske03,156,0,-0.2,0,0,Rotational
Ken Keller,kelleke01,0,0.8,0,0,0,Rotational
Ken Mayfield,mayfike01,64,-0.2,-0.2,0,0,Rotational
Ken McBride,mcbrike01,249,-0.4,0,0,0,Rotational
Ken Menke,menkeke01,0,0,0,0,0,Rotational
Ken Murray,murrake01,3708,8,0,0,0,Rotational
Ken Norman,normake01,18992,27.1,4.9,0,0,Starter
Ken Rohloff,rohloke01,7,0,0,0,0,Rotational
Ken Smith,smithke02,164,0.2,-0.1,0,0,Rotational
Ken Spain,spainke01,112,0,0,0,0,Rotational
Ken Wilburn,wilbuke01,970,0.30000000000000004,0,0,0,Rotational
Kendall Brown,brownke03,103,0.2,-0.1,0,0,Rotational
Kendall Gill,gillke01,31164,51.2,17.3,0,0,All-Star
Kendall Marshall,marshke01,3083,1,-1.2,0,0,Rotational
Kendall Rhine,rhineke01,2668,1.7999999999999998,0,0,0,Rotational
Kendrick Nunn,nunnke01,5540,5.3,-0.3,0,0,Rotational
Kendrick Perkins,perkike01,19052,28.9,-0.6,0,0,Starter
Kennard Winchester,winchke01,1109,1.5,-0.2,0,0,Rotational
Kennedy Chandler,chandke01,636,0.5,-0.3,0,0,Rotational
Kenneth Faried,farieke01,12456,41.6,7.8,0,0,Starter
Kenneth Lofton Jr.,loftoke01,574,1.1,0.2,0,0,Rotational
Kenny Anderson,anderke01,31948,75.4,26.5,1,0,All-Star
Kenny Battle,battlke01,2832,5.2,1.1,0,0,Rotational
Kenny Carr,carrke01,20931,40.2,2.7,0,0,Starter
Kenny Dennard,dennake01,1244,1.5,0.19999999999999998,0,0,Rotational
Kenny Fields,fieldke01,3575,4.8999999999999995,-0.5,0,0,Rotational
Kenny Gattison,gattike01,9927,17,-1,0,0,Rotational
Kenny Green,greenke02,1078,-0.3,-1.5,0,0,Rotational
Kenny Higgs,higgske01,4435,4.7,-0.6,0,0,Rotational
Kenny McIntosh,mcintke01,4838,-3.1,-0.7,0,0,Rotational
Kenny Natt,nattke01,417,-0.2,-0.5,0,0,Rotational
Kenny Payne,payneke01,1167,-0.1,-0.9,0,0,Rotational
Kenny Rollins,rollike01,426,4.2,0,0,0,Rotational
Kenny Sailors,sailoke01,0,20.3,0,0,0,Starter
Kenny Satterfield,satteke01,1564,-2.2,-0.9,0,0,Rotational
Kenny Sears,searske01,16064,59.5,0,2,4,Superstar
Kenny Smith,smithke01,25399,50.3,11.2,0,1,All-Star
Kenny Thomas,thomake01,21451,40.1,4,0,0,Starter
Kenny Walker,walkeke01,9050,17.8,0.5,0,0,Rotational
Kenny Williams,willike03,2918,7.4,1.4,0,0,Rotational
Kenrich Williams,willike04,8631,18.4,3.1,0,0,Rotational
Kent Bazemore,bazemke01,16145,14.299999999999999,1.2,0,0,Starter
Kent Benson,bensoke01,17610,36.800000000000004,9.5,0,0,Starter
Kentavious Caldwell-Pope,caldwke01,28124,49,7.2,0,0,Starter
Kenton Edelin,edelike01,143,0.1,-0.1,0,0,Rotational
Kenyon Martin,martike01,23134,48.4,12.1,1,0,All-Star
Keon Clark,clarkke01,9691,21.8,3,0,0,Starter
Keon Ellis,elliske01,5953,11.9,4,0,0,Rotational
Keon Johnson,johnske07,3796,-0.8,-2.4,0,0,Rotational
Kermit Washington,washike01,14432,41.199999999999996,9.200000000000001,1,0,All-Star
Kerry Kittles,kittlke01,16929,45,18.1,0,0,Starter
Keshad Johnson,johnske10,378,1,0.1,0,0,Rotational
Keshon Gilbert,gilbeke01,148,0,-0.1,0,0,Rotational
Kessler Edwards,edwarke02,2640,3.1,-0.8,0,0,Rotational
Kevin Brooks,brookke01,1031,-0.1,-1,0,0,Rotational
Kevin Burleson,burleke01,340,-0.2,-0.4,0,0,Rotational
Kevin Duckworth,duckwke01,18337,25.8,-8.6,2,0,All-Star
Kevin Durant,duranke01,45749,193,96.4,16,11,Superstar
Kevin Edwards,edwarke01,15819,12.7,3.2,0,0,Starter
Kevin Gamble,gamblke01,15833,35.1,8,0,0,Starter
Kevin Garnett,garneke01,51370,193.4,97.7,15,10,Superstar
Kevin Grevey,greveke01,15246,26.4,2.9,0,0,Starter
Kevin Henderson,hendeke01,425,-0.4,-0.5,0,0,Rotational
Kevin Hervey,herveke01,52,-0.1,0,0,0,Rotational
Kevin Huerter,huertke01,18343,26.1,4.8,0,0,Starter
Kevin Johnson,johnske02,26978,97,38.7,3,5,Superstar
Kevin Jones,joneske01,334,0.2,-0.2,0,0,Rotational
Kevin Joyce,joyceke01,5647,2.2,-3,0,0,Rotational
Kevin Knox,knoxke01,6780,1.8,-3.9,0,0,Rotational
Kevin Kunnert,kunneke01,12805,23,2.2,0,0,Starter
Kevin Loder,loderke01,2231,2.6,0.2,0,0,Rotational
Kevin Loughery,loughke01,25438,32.9,0,0,0,Starter
Kevin Love,loveke01,29358,98.7,37.3,5,2,All-Star
Kevin Lynch,lynchke01,1143,0.4,-0.7,0,0,Rotational
Kevin Martin,martike02,24287,66.7,16.3,0,0,All-Star
Kevin McCullar Jr.,mcculke01,184,0.2,0,0,0,Rotational
Kevin McHale,mchalke01,30118,113.1,34.3,7,3,Superstar
Kevin McKenna,mckenke01,3460,4.1,-0.3,0,0,Rotational
Kevin Murphy,murphke01,52,-0.3,-0.2,0,0,Rotational
Kevin O'Shea,osheake01,4093,5,0,0,0,Rotational
Kevin Ollie,ollieke01,15344,22.1,-0.7,0,0,Starter
Kevin Pangos,pangoke01,166,0.1,-0.2,0,0,Rotational
Kevin Porter,porteke01,21920,40.2,10.8,0,0,Starter
Kevin Porter Jr.,porteke02,10153,11.2,3,0,0,Starter
Kevin Pritchard,pritcke01,1319,0.5,-0.6,0,0,Rotational
Kevin Restani,restake01,11144,15.3,0.8999999999999999,0,0,Starter
Kevin Salvadori,salvake01,241,-0.2,-0.3,0,0,Rotational
Kevin Stacom,stacoke01,5370,2.4000000000000004,-1.6,0,0,Rotational
Kevin Séraphin,serapke01,6430,5.8999999999999995,-3.7,0,0,Rotational
Kevin Thompson,thompke01,58,0,-0.1,0,0,Rotational
Kevin Williams,willike01,3494,2.5,-1.3,0,0,Rotational
Kevin Willis,willike02,44717,90.9,-3.4,1,1,All-Star
Kevinn Pinkney,pinknke01,100,0.2,0,0,0,Rotational
Kevon Harris,harrike01,463,0.6,-0.2,0,0,Rotational
Kevon Looney,looneke01,10617,38.199999999999996,6.2,0,0,Starter
Keyon Dooling,doolike01,14134,18.5,-0.2,0,0,Starter
Keyontae Johnson,johnske08,66,-0.1,-0.1,0,0,Rotational
Keyonte George,georgke01,5918,4.1,-0.2,0,0,Rotational
Khalid El-Amin,elamikh01,936,0.6,-0.1,0,0,Rotational
Khalid Reeves,reevekh01,8102,10.7,0.7,0,0,Rotational
Khaman Maluach,maluakh01,411,0.8,-0.2,0,0,Rotational
Khem Birch,birchkh01,6354,17.2,1.5,0,0,Rotational
Khris Middleton,middlkh01,27544,60.6,15.5,3,0,All-Star
Khyri Thomas,thomakh01,409,0.5,-0.1,0,0,Rotational
Kiki Vandeweghe,vandeki01,25455,77.60000000000001,17.7,2,1,All-Star
Killian Hayes,hayeski01,6047,-0.4,-3,0,0,Rotational
Killian Tillie,tilliki02,643,0.8,-0.2,0,0,Rotational
Kim Anderson,anderki01,224,-0.4,-0.4,0,0,Rotational
Kim English,engliki01,407,0.2,-0.2,0,0,Rotational
Kim Hughes,hugheki01,8371,13.7,3,0,0,Rotational
Kira Lewis Jr.,lewiski01,2010,1.4,-0.9,0,0,Rotational
Kirk Haston,hastoki01,134,-0.6,-0.4,0,0,Rotational
Kirk Hinrich,hinriki01,29803,56.1,13.6,0,0,All-Star
Kirk Penney,penneki01,30,-0.2,-0.1,0,0,Rotational
Kirk Snyder,snydeki01,4301,5.6000000000000005,0.7999999999999999,0,0,Rotational
Kiwane Lemorris Garris,garriki01,248,-0.2,-0.3,0,0,Rotational
Klay Thompson,thompkl01,29306,57.6,17.4,5,1,All-Star
Kleggie Hermsen,hermskl01,124,12.5,0,0,0,Rotational
Kobe Brown,brownko01,2592,3.6,-0.5,0,0,Rotational
Kobe Bryant,bryanko01,48637,172.6,80.1,18,13,Superstar
Kobe Bufkin,bufkiko01,439,-0.2,-0.4,0,0,Rotational
Kobe Sanders,sandeko01,1351,1.4,-0.3,0,0,Rotational
Kobi Simmons,simmoko01,740,-0.1,-0.8,0,0,Rotational
Koby Brea,breako01,84,0.2,0,0,0,Rotational
Kon Knueppel,knuepko01,2551,8,3.1,0,0,Rotational
Korleone Young,youngko01,15,0.1,0,0,0,Rotational
Kornél Dávid,davidko01,2268,3.0999999999999996,-0.7,0,0,Rotational
Kosta Koufos,koufoko01,11705,28.5,1.5,0,0,Starter
Kosta Perović,perovko01,38,0,0,0,0,Rotational
Kostas Antetokounmpo,antetko01,87,-0.2,-0.1,0,0,Rotational
Kostas Papanikolaou,papanko01,1089,0.4,-0.2,0,0,Rotational
Kris Dunn,dunnkr01,11727,15.799999999999999,2.8,0,0,Starter
Kris Humphries,humphkr01,16288,33.8,0.7000000000000001,0,0,Starter
Kris Joseph,josepkr01,108,-0.2,-0.2,0,0,Rotational
Kris Murray,murrakr01,3721,3.6,-0.7,0,0,Rotational
Kristaps Porzingis,porzikr01,18425,58.4,22,1,0,All-Star
Kurk Lee,leeku01,265,-0.1,-0.3,0,0,Rotational
Kurt Nimphius,nimphku01,14755,21.3,0.40000000000000013,0,0,Starter
Kurt Rambis,rambiku01,19025,44,9.6,0,0,Starter
Kurt Thomas,thomaku01,28744,68.5,9.4,0,0,All-Star
Kwame Brown,brownkw01,14102,21.3,-1.4,0,0,Starter
Ky Bowman,bowmaky01,1015,-0.1,-0.6,0,0,Rotational
Kyle Alexander,alexaky01,13,0,0,0,0,Rotational
Kyle Anderson,anderky01,18032,46,16.5,0,0,Starter
Kyle Collinsworth,colliky01,480,0.5,-0.1,0,0,Rotational
Kyle Filipowski,filipky01,3323,5.6,0.8,0,0,Rotational
Kyle Guy,guyky01,431,0,-0.3,0,0,Rotational
Kyle Korver,korveky01,36002,83.5,23.2,1,0,All-Star
Kyle Kuzma,kuzmaky01,20597,15.299999999999999,0.6000000000000001,0,0,Starter
Kyle Lowry,lowryky01,40167,119.5,44.3,6,1,Superstar
Kyle Macy,macyky01,14246,36,9.6,0,0,Starter
Kyle O'Quinn,oquinky01,6714,17.9,5.1000000000000005,0,0,Rotational
Kyle Singler,singlky01,9537,12.100000000000001,-0.9,0,0,Rotational
Kyle Weaver,weaveky01,1379,1.5,0.30000000000000004,0,0,Rotational
Kyle Wiltjer,wiltjky01,44,0,0,0,0,Rotational
Kylor Kelley,kelleky01,252,0.6,-0.2,0,0,Rotational
Kyrie Irving,irvinky01,29120,98.3,47.4,9,0,All-Star
Kyrylo Fesenko,fesenky01,1107,0.8999999999999999,-1.2,0,0,Rotational
Kyshawn George,georgky01,3193,0.7,-0.6,0,0,Rotational
LJ Cryer,cryerlj01,292,0.3,-0.2,0,0,Rotational
LaBradford Smith,smithla02,4008,2.3000000000000003,-1.2,0,0,Rotational
LaMarcus Aldridge,aldrila01,36916,116.7,33.8,7,3,Superstar
LaMelo Ball,ballla01,9392,19.7,12.5,1,0,All-Star
LaPhonso Ellis,ellisla01,17616,32.8,4.7,0,0,Starter
LaRue Martin,martila01,3795,2,-1.4,0,0,Rotational
LaSalle Thompson,thompla01,23707,39.1,2.8000000000000003,0,0,Starter
Lachlan Olbrich,olbrila01,344,0.5,-0.1,0,0,Rotational
Lamar Green,greenla01,7304,7.3999999999999995,-1,0,0,Rotational
Lamar Odom,odomla01,32131,77,31.5,0,0,All-Star
Lamar Patterson,pattela01,435,0.1,-0.4,0,0,Rotational
Lamar Stevens,stevela01,3907,5.7,-0.8,0,0,Rotational
Lamond Murray,murrala01,18477,19.8,4.1,0,0,Starter
Lamont Strothers,strotla01,155,-0.5,-0.2,0,0,Rotational
Lanard Copeland,copella01,158,-0.3,-0.3,0,0,Rotational
Lancaster Gordon,gordola01,2581,-2.7,-2.3,0,0,Rotational
Lance Allred,allrela01,10,0,0,0,0,Rotational
Lance Blanks,blankla01,1045,0.7000000000000001,-0.3,0,0,Rotational
Lance Stephenson,stephla01,15227,20.4,2.0999999999999996,0,0,Starter
Lance Thomas,thomala01,8813,5,-5.6,0,0,Rotational
Landry Fields,fieldla01,6010,10.5,2.7,0,0,Rotational
Landry Shamet,shamela01,11362,19.3,0.5,0,0,Starter
Langston Galloway,gallola01,11442,15.6,1,0,0,Starter
Lari Ketner,ketnela01,271,-0.1,-0.4,0,0,Rotational
Laron Profit,profila01,1537,0.7,0,0,0,Rotational
Larry Bergh,berghla01,255,0.1,0,0,0,Rotational
Larry Bird,birdla01,34443,145.9,77.4,12,12,Superstar
Larry Brown,brownla01,12652,27.299999999999997,0,3,0,All-Star
Larry Bunce,buncela01,3874,5.699999999999999,0,1,0,All-Star
Larry Cannon,cannola01,7303,7.1,-0.2,0,0,Rotational
Larry Comley,comlela01,89,-0.3,0,0,0,Rotational
Larry Conley,conlela01,18,0,0,0,0,Rotational
Larry Costello,costela01,21198,62.7,0,6,1,All-Star
Larry Demic,demicla01,3192,1.4,-2.9,0,0,Rotational
Larry Drew,drewla01,18370,24.4,4.8999999999999995,0,1,All-Star
Larry Drew II,drewla02,359,-0.6,-0.6,0,0,Rotational
Larry Finch,finchla01,3042,1.5999999999999999,-1.8,0,0,Rotational
Larry Fogle,foglela01,14,0,0,0,0,Rotational
Larry Foust,foustla01,23854,83.9,0,8,0,All-Star
Larry Friend,frienla01,569,-0.4,0,0,0,Rotational
Larry Hennessy,hennela01,1190,-1.3,0,0,0,Rotational
Larry Hughes,hughela01,29306,38.5,11.8,0,0,Starter
Larry Johnson,johnsla01,38,-0.1,0,0,0,Rotational
Larry Johnson,johnsla02,25685,69.7,22,2,0,All-Star
Larry Jones,jonesla01,20657,60.2,0.9,4,0,All-Star
Larry Kenon,kenonla01,25280,59.300000000000004,11.9,5,0,All-Star
Larry Krystkowiak,krystla01,9097,15.7,-1.5,0,0,Rotational
Larry McNeill,mcneila01,6264,16.3,1.9,0,0,Rotational
Larry Micheaux,michela01,1462,4.1000000000000005,0.9,0,0,Rotational
Larry Mikan,mikanla01,536,-0.8,0,0,0,Rotational
Larry Miller,millela01,18946,23.8,-0.6,0,0,Starter
Larry Moffett,moffela01,110,-0.1,-0.1,0,0,Rotational
Larry Moore,moorela01,78,-0.2,0,0,0,Rotational
Larry Nance,nancela01,33080,117.4,46.8,3,1,Superstar
Larry Nance Jr.,nancela02,15497,43.4,12.2,0,0,Starter
Larry Owens,owensla01,361,0.5,0.2,0,0,Rotational
Larry Robinson,robinla01,2259,1.8000000000000003,0.4,0,0,Rotational
Larry Sanders,sandela01,4635,10.3,1.3,0,0,Rotational
Larry Siegfried,siegfla01,14190,33.2,0,0,0,Starter
Larry Smith,smithla01,22879,46.2,2.4,0,0,Starter
Larry Spriggs,sprigla01,2202,3.5,-0.2,0,0,Rotational
Larry Staverman,stavela01,4054,8.5,0,0,0,Rotational
Larry Steele,steella01,14777,28.3,6.699999999999999,0,0,Starter
Larry Stewart,stewala01,5415,9.8,0.2,0,0,Rotational
Larry Sykes,sykesla01,2,0,0,0,0,Rotational
Larry Wright,wrighla01,6834,10.6,1.4000000000000001,0,0,Rotational
Lars Hansen,hansela01,205,0.6,0.1,0,0,Rotational
Latrell Sprewell,sprewla01,35270,56.3,21,4,1,All-Star
Lauri Markkanen,markkla01,15401,36.7,12.1,1,0,All-Star
Lavor Postell,postela01,446,-0.3,-0.3,0,0,Rotational
Lavoy Allen,allenla01,7977,15.3,-0.5,0,0,Rotational
Lawrence Boston,bostola01,125,0.2,-0.1,0,0,Rotational
Lawrence Funderburke,fundela01,4726,13,1.7000000000000002,0,0,Rotational
Lawrence Moten,motenla01,1814,0.1,5.551115123125783e-17,0,0,Rotational
Lawrence Roberts,roberla01,1150,2.5,0,0,0,Rotational
Lawson Lovering,loverla01,49,0.1,0,0,0,Rotational
Lazar Hayward,haywala01,591,0.3,-0.3,0,0,Rotational
Lazaro Borrell,borrela01,167,0.3,0,0,0,Rotational
LeBron James,jamesle01,61030,276.9,159.5,22,20,Superstar
LeRon Ellis,ellisle02,857,1.3,-0.3,0,0,Rotational
Leaky Black,blackle01,717,0.5,-0.4,0,0,Rotational
Leandro Barbosa,barbole01,19768,39,9,0,0,Starter
Leandro Bolmaro,bolmale01,309,-0.3,-0.4,0,0,Rotational
Leary Lentz,lentzle01,4762,3.9,0,0,0,Rotational
Ledell Eackles,eacklle01,8917,10.7,-0.8,0,0,Rotational
Lee Davis,davisle01,7805,12.8,1,0,0,Rotational
Lee Johnson,johnsle01,180,-0.4,-0.4,0,0,Rotational
Lee Knorek,knorele01,0,9.299999999999999,0,0,0,Rotational
Lee Mayberry,maybele01,10337,7.800000000000001,-2.3,0,0,Starter
Lee Nailon,nailole01,6600,8.8,-0.5,0,0,Rotational
Lee Robbins,robbile01,0,0.2,0,0,0,Rotational
Lee Shaffer,shaffle01,5488,8.2,0,1,0,All-Star
Lee Winfield,winfile01,7383,12.1,0.8,0,0,Rotational
Leland Mitchell,mitchle01,1091,0.6,0,0,0,Rotational
Len Chappell,chapple01,16813,30.5,0,1,0,All-Star
Len Elmore,elmorle01,12389,18.8,1.4,0,0,Starter
Len Kosmalski,kosmale01,506,0.6,0.1,0,0,Rotational
Lennie Rosenbluth,rosenle01,578,-0.7,0,0,0,Rotational
Lenny Wilkens,wilkele01,38064,95.6,3.4,9,2,All-Star
Leo Barnhorst,barnhle01,9343,12.4,0,2,0,All-Star
Leo Gottlieb,gottlle01,0,1.7999999999999998,0,0,0,Rotational
Leo Katkaveck,katkale01,0,1.9000000000000001,0,0,0,Rotational
Leo Klier,klierle01,0,2.6,0,0,0,Rotational
Leo Kubiak,kubiale01,0,0.5,0,0,0,Rotational
Leo Mogus,mogusle01,0,34.5,0,0,0,Starter
Leo Rautins,rautile01,208,-0.1,-0.1,0,0,Rotational
Leon Benbow,benbole01,1838,1.7,-0.2,0,0,Rotational
Leon Blevins,blevile01,0,0,0,0,0,Rotational
Leon Brown,brownle01,0,-0.1,0,0,0,Rotational
Leon Douglas,douglle01,10111,15.100000000000001,-2.4,0,0,Starter
Leon Powe,powele01,3648,12.6,0.2,0,0,Rotational
Leon Smith,smithle01,104,0.2,0,0,0,Rotational
Leon Wood,woodle01,6638,10.9,1.5,0,0,Rotational
Leonard Gray,grayle01,7697,11.7,0.7000000000000002,0,0,Rotational
Leonard Miller,millele01,1522,3.6,0.4,0,0,Rotational
Leonard Taylor,taylole01,37,-0.1,-0.1,0,0,Rotational
Leroy Chollet,chollle01,0,0.20000000000000007,0,0,0,Rotational
Leroy Combs,combsle01,446,0.4,0.1,0,0,Rotational
Leroy Ellis,ellisle01,30120,48.4,2.8,0,0,Starter
Leroy Wright,wrighle01,426,0.2,0,0,0,Rotational
Les Hunter,huntele01,13412,27.6,0,2,0,All-Star
Les Jepsen,jepsele01,192,0.1,-0.3,0,0,Rotational
Les Pugh,pughle01,0,0.6,0,0,0,Rotational
Les Selvage,selvale01,2449,2.3,0,0,0,Rotational
Lester Conner,connele01,15978,30.5,12.1,0,0,Starter
Lester Hudson,hudsole01,1059,0.5,-0.1,0,0,Rotational
Lester Quiñones,quinole01,778,0.39999999999999997,-0.5,0,0,Rotational
Levern Tart,tartle01,15334,28.900000000000002,0,2,0,All-Star
Levi Fontaine,fontale01,210,-0.3,0,0,0,Rotational
Lew Hitch,hitchle01,11271,20.1,0,0,0,Starter
Lewis Brown,brownle02,5,-0.1,0,0,0,Rotational
Lewis Lloyd,lloydle01,9529,19.9,6.5,0,0,Rotational
Liam McNeeley,mcneeli01,368,0.9,0.1,0,0,Rotational
Liam Robbins,robbili01,57,-0.1,-0.1,0,0,Rotational
Linas Kleiza,kleizli01,8185,13.6,-0.7,0,0,Rotational
Lindell Wigginton,wiggili01,294,0.30000000000000004,-0.3,0,0,Rotational
Lindsay Hairston,hairsli01,651,1,0.1,0,0,Rotational
Lindsey Hunter,hunteli01,23253,32.8,9.4,0,0,Starter
Lindy Waters III,waterli01,3117,5.2,0.19999999999999993,0,0,Rotational
Linton Johnson,johnsli01,2753,3.1,-0.6,0,0,Rotational
Linton Townes,towneli01,562,0.6,-0.2,0,0,Rotational
Lionel Billingy,billili01,1022,-0.4,-0.6,0,0,Rotational
Lionel Chalmers,chalmli01,433,-0.2,-0.4,0,0,Rotational
Lionel Hollins,hollili01,19662,23,2.6,1,0,All-Star
Lionel Malamed,malamli01,0,3.3,0,0,0,Rotational
Lionel Simmons,simmoli01,13472,16.9,6.6000000000000005,0,0,Starter
Litterial Green,greenli01,1189,1.6,-0.2,0,0,Rotational
Lloyd Batts,battsll01,1317,-0.5,0,0,0,Rotational
Lloyd Daniels,daniell01,4463,3.4000000000000004,0.19999999999999996,0,0,Rotational
Lloyd Neal,nealll01,11015,22.7,2.8,0,0,Starter
Lloyd Walton,waltoll01,5387,5.300000000000001,0.7,0,0,Rotational
Logan Vander Velden,vandelo01,31,-0.1,-0.1,0,0,Rotational
London Perrantes,perralo01,66,-0.1,-0.1,0,0,Rotational
Lonnie Eggleston,egglelo01,0,0,0,0,0,Rotational
Lonnie Kluttz,kluttlo01,8,-0.1,0,0,0,Rotational
Lonnie Lynn,lynnlo01,1558,0.2,0,0,0,Rotational
Lonnie Shelton,sheltlo01,18530,37.3,8,1,0,All-Star
Lonnie Walker IV,walkelo01,7025,4.8,-0.9,0,0,Rotational
Lonnie Wright,wrighlo01,10105,5,0,0,0,Starter
Lonny Baxter,baxtelo01,3050,5.1,-1.6,0,0,Rotational
Lonzo Ball,balllo01,9692,13.2,6.800000000000001,0,0,Rotational
Loren Meyer,meyerlo01,2752,0.20000000000000007,-3.8,0,0,Rotational
Loren Woods,woodslo01,2428,3.2,-0.3,0,0,Rotational
Lorenzen Wright,wrighlo02,18696,30.5,-3,0,0,Starter
Lorenzo Brown,brownlo01,1185,-0.1,-0.5,0,0,Rotational
Lorenzo Charles,charllo01,273,0.5,0,0,0,Rotational
Lorenzo Romar,romarlo01,6261,10.4,2.5,0,0,Rotational
Lorenzo Williams,willilo01,6430,8.700000000000001,-0.4,0,0,Rotational
Lou Amundson,amundlo01,7090,7.699999999999999,-3,0,0,Rotational
Lou Hudson,hudsolo01,29794,80.9,6.7,6,2,All-Star
Lou Roe,roelo01,479,0,-0.4,0,0,Rotational
Lou Spicer,spicelo01,0,-0.2,0,0,0,Rotational
Lou Tsioropoulos,tsiorlo01,2977,2.0999999999999996,0,0,0,Rotational
Lou Williams,willilo02,30521,73.5,25.9,0,0,All-Star
Louie Dampier,dampilo01,32201,74,9,7,0,All-Star
Louie Nelson,nelsolo01,5353,6.3,0.19999999999999998,0,0,Rotational
Louis King,kinglo02,280,0.39999999999999997,-0.1,0,0,Rotational
Louis Orr,orrlo01,13353,25.7,5.4,0,0,Starter
Lowes Moore,moorelo01,2118,1.5,-0.3,0,0,Rotational
Loy Petersen,peterlo01,530,0.3,0,0,0,Rotational
Loy Vaught,vaughlo01,17542,36.6,2.1,0,0,Starter
Loyd King,kinglo01,1255,0.10000000000000003,0,0,0,Rotational
Luc Longley,longllu01,13508,19.7,-1.8,0,0,Starter
Luc Mbah a Moute,mbahalu01,17041,27,1.8000000000000003,0,0,Starter
Lucas Nogueira,noguelu01,1754,6,2,0,0,Rotational
Lucas Williamson,willilu01,224,0,-0.3,0,0,Rotational
Lucious Harris,harrilu01,15701,28.6,4.6000000000000005,0,0,Starter
Lucius Allen,allenlu01,22512,45.7,7.8,0,2,All-Star
Luguentz Dort,dortlu01,12468,18.599999999999998,-0.3,0,0,Starter
Luis Flores,florelu01,154,-0.1,-0.1,0,0,Rotational
Luis Montero,montelu01,50,-0.3,-0.1,0,0,Rotational
Luis Scola,scolalu01,19001,45.7,6.300000000000001,0,0,Starter
Luka Doncic,doncilu01,19770,72.5,48.8,6,5,Superstar
Luka Garza,garzalu01,2091,8.3,1.2,0,0,Rotational
Luka Šamanić,samanlu01,921,0.1,-0.8,0,0,Rotational
Luke Babbitt,babbilu01,6047,8,-0.3,0,0,Rotational
Luke Harangody,haranlu01,1511,1.5,-0.7,0,0,Rotational
Luke Jackson,jackslu01,13783,22.4,0,1,0,All-Star
Luke Jackson,jackslu02,862,0.30000000000000004,-0.4,0,0,Rotational
Luke Kennard,kennalu01,15436,36,8,0,0,Starter
Luke Kornet,kornelu01,7149,27.5,7.5,0,0,Starter
Luke Ridnour,ridnolu01,22764,36.2,6.800000000000001,0,0,Starter
Luke Schenscher,schenlu01,267,0.3,-0.2,0,0,Rotational
Luke Travers,travelu01,191,0,-0.2,0,0,Rotational
Luke Walton,waltolu01,10049,13.2,1.9,0,0,Starter
Luke Witte,wittelu01,1098,1.2,-0.3,0,0,Rotational
Luke Zeller,zellelu01,58,-0.1,-0.1,0,0,Rotational
Luol Deng,denglu01,33154,78.7,24.3,2,0,All-Star
Luther Green,greenlu01,935,-0.5,0,0,0,Rotational
Luther Head,headlu01,8295,15.4,4.2,0,0,Rotational
Luther Rackley,rackllu01,5019,6.7,0,0,0,Rotational
Luther Wright,wrighlu01,92,-0.1,-0.2,0,0,Rotational
Lynn Greer,greerly01,432,0.7,0.1,0,0,Rotational
Lynn Shackelford,shackly01,183,-0.3,0,0,0,Rotational
M.J. Walker,walkemj01,8,0,0,0,0,Rotational
M.L. Carr,carrml01,16390,33.5,10.2,0,0,Starter
Maalik Wayns,waynsma01,413,-0.5,-0.8,0,0,Rotational
Mac McClung,mccluma01,371,0.1,-0.2,0,0,Rotational
Mac Otten,ottenma01,0,0.6,0,0,0,Rotational
Maceo Baston,bastoma01,831,2.3,0.1,0,0,Rotational
Maciej Lampe,lampema01,1040,-0.6,-1.5,0,0,Rotational
Mack Calvin,calvima01,23031,63.1,5.4,5,0,All-Star
Mack Daughtry,daughma01,43,0.1,0,0,0,Rotational
Magic Johnson,johnsma02,33245,155.7,80.2,12,12,Superstar
Mahmoud Abdul-Rauf,abdulma02,15628,25.099999999999998,4.6,0,0,Starter
Major Jones,jonesma01,5063,5.5,-0.7,0,0,Rotational
Makhtar N'Diaye,ndiayma01,27,0,-0.1,0,0,Rotational
Mal Graham,grahama01,889,0.8,0,0,0,Rotational
Mal McMullen,mcmulma01,0,-0.4,0,0,0,Rotational
Mal Pradd,praddma01,448,1.7000000000000002,0,0,0,Rotational
Malachi Flynn,flynnma01,3952,3.3,-0.4,0,0,Rotational
Malachi Richardson,richama01,949,-0.2,-0.9,0,0,Rotational
Malachi Smith,smithma02,359,0.7,0.1,0,0,Rotational
Malaki Branham,branhma01,3846,0.10000000000000006,-2.9,0,0,Rotational
Malcolm Brogdon,brogdma01,13481,33.3,11.200000000000001,0,0,Starter
Malcolm Cazalon,cazalma01,3,0,0,0,0,Rotational
Malcolm Delaney,delanma01,2262,1.1,-1.2,0,0,Rotational
Malcolm Hill,hillma01,433,1.1,0.1,0,0,Rotational
Malcolm Lee,leema01,534,0.5,-0.1,0,0,Rotational
Malcolm Mackey,mackema01,69,0.1,-0.1,0,0,Rotational
Malcolm Miller,millema01,355,0.7,0,0,0,Rotational
Malcolm Thomas,thomama01,449,0.1,-0.4,0,0,Rotational
Malevy Leons,leonsma01,297,0.5,-0.2,0,0,Rotational
Malik Allen,allenma01,8877,9,-3.8,0,0,Rotational
Malik Beasley,beaslma01,17041,22.7,3.9,0,0,Starter
Malik Fitts,fittsma01,137,0.2,0,0,0,Rotational
Malik Hairston,hairsma01,472,0.7999999999999999,0,0,0,Rotational
Malik Monk,monkma01,13307,16.1,3.0999999999999996,0,0,Starter
Malik Newman,newmama01,12,0,0,0,0,Rotational
Malik Rose,rosema01,15349,28.7,-1.4,0,0,Starter
Malik Sealy,sealyma01,11720,17.1,2.3,0,0,Starter
Malik Williams,willima11,107,-0.2,-0.3,0,0,Rotational
Mamadi Diakite,diakima01,553,1,-0.1,0,0,Rotational
Mamadou N'Diaye,ndiayma02,1224,2.7,-0.8,0,0,Rotational
Mangok Mathiang,mathima01,20,0.1,0,0,0,Rotational
Manny Harris,harrima01,1594,0.1,-0.6,0,0,Rotational
Manny Leaks,leaksma01,18753,20.5,-0.3,0,0,Starter
Manu Ginóbili,ginobma01,26859,106.5,47.5,2,3,Superstar
Manute Bol,bolma01,11814,12,4.5,0,0,Starter
MarJon Beauchamp,beaucma01,1817,1.5,-0.9,0,0,Rotational
MarShon Brooks,brookma01,3772,3.6,0.4,0,0,Rotational
Marc Gasol,gasolma01,31155,91.4,39.9,3,2,All-Star
Marc Iavaroni,iavarma01,10719,9.8,-4.3,0,0,Starter
Marc Jackson,jacksma02,9094,14.899999999999999,-2.2,0,0,Rotational
Marcelo Huertas,huertma01,1106,-0.2,-0.9,0,0,Rotational
Marcin Gortat,gortama01,22723,67.7,14.2,0,0,All-Star
Marco Belinelli,belinma01,21495,34.2,4,0,0,Starter
Marcus Bagley,baglema02,253,0.2,-0.1,0,0,Rotational
Marcus Banks,banksma01,7843,9.7,-0.1,0,0,Rotational
Marcus Brown,brownma01,229,0.30000000000000004,-0.1,0,0,Rotational
Marcus Camby,cambyma01,32350,92,35.9,0,1,All-Star
Marcus Cousin,cousima01,18,0,0,0,0,Rotational
Marcus Derrickson,derrima01,67,0.2,0,0,0,Rotational
Marcus Fizer,fizerma01,6032,2.7,-2.6,0,0,Rotational
Marcus Garrett,garrema01,207,0.1,-0.2,0,0,Rotational
Marcus Georges-Hunt,georgma01,272,0.30000000000000004,-0.2,0,0,Rotational
Marcus Haislip,haislma01,854,0.5,-0.5,0,0,Rotational
Marcus Landry,landrma01,222,-0.1,-0.2,0,0,Rotational
Marcus Liberty,liberma01,4853,3.5,-1.1,0,0,Rotational
Marcus Morris,morrima03,26370,45.800000000000004,7.4,0,0,Starter
Marcus Paige,paigema01,28,0,0,0,0,Rotational
Marcus Sasser,sassema01,2619,3.5,0.1,0,0,Rotational
Marcus Smart,smartma01,21175,36.9,7.7,0,0,Starter
Marcus Thornton,thornma01,16645,28.4,8.7,0,0,Starter
Marcus Vinicius,vincima01,172,0.2,0,0,0,Rotational
Marcus Webb,webbma01,51,0.1,0,0,0,Rotational
Marcus Williams,willima03,3095,0,-1,0,0,Rotational
Marcus Williams,willima04,75,-0.2,-0.2,0,0,Rotational
Mardy Collins,collima01,3661,-1.6,-1.9,0,0,Rotational
Marial Shayok,shayoma01,28,-0.1,-0.1,0,0,Rotational
Mario Bennett,bennema01,606,1.9,0.3,0,0,Rotational
Mario Chalmers,chalmma01,18618,36.1,7.1,0,0,Starter
Mario Elie,eliema01,19298,50.4,12.9,0,0,All-Star
Mario Hezonja,hezonma01,6107,3.2,-1.2,0,0,Rotational
Mario Kasun,kasunma01,569,0.8999999999999999,-0.7,0,0,Rotational
Mario West,westma02,796,1.4,-0.1,0,0,Rotational
Mark Acres,acresma01,6251,9.7,-2,0,0,Rotational
Mark Aguirre,aguirma01,30327,72.5,25.6,3,3,Superstar
Mark Alarie,alarima01,5500,8.3,-0.5,0,0,Rotational
Mark Baker,bakerla01,2,-0.1,0,0,0,Rotational
Mark Blount,blounma01,17624,22.2,-3.7,0,0,Starter
Mark Bradtke,bradtma01,251,0.2,-0.2,0,0,Rotational
Mark Bryant,bryanma01,13579,26.1,-4.2,0,0,Starter
Mark Crow,crowma01,154,0.2,0,0,0,Rotational
Mark Davis,davisma01,516,1.4,0.2,0,0,Rotational
Mark Davis,davisma02,3681,2.1999999999999997,-0.4,0,0,Rotational
Mark Eaton,eatonma01,25169,44.7,11.7,1,2,All-Star
Mark Hendrickson,hendrma01,1579,2.2,-0.7,0,0,Rotational
Mark Jackson,jacksma01,44763,103.5,42,1,2,Superstar
Mark Jones,jonesma02,16,0,0,0,0,Rotational
Mark Jones,jonesma03,116,-0.1,-0.1,0,0,Rotational
Mark Landsberger,landsma01,8816,15.5,-1.8,0,0,Rotational
Mark Macon,maconma01,5514,-0.3,-2.6,0,0,Rotational
Mark Madsen,madsema01,5335,8.2,-2.9,0,0,Rotational
Mark McNamara,mcnamma01,2980,3.0999999999999996,-2,0,0,Rotational
Mark Minor,minorma01,20,0,0,0,0,Rotational
Mark Olberding,olberma01,25747,53.3,6.1,0,0,All-Star
Mark Pope,popema01,1634,1.2,-0.9,0,0,Rotational
Mark Price,pricema01,21560,71.1,31.200000000000003,4,4,Superstar
Mark Radford,radfoma01,808,0.4,-0.1,0,0,Rotational
Mark Randall,randama01,1572,1.8,-0.4,0,0,Rotational
Mark Sears,searsma01,26,0,0,0,0,Rotational
Mark Sibley,siblema01,124,-0.2,-0.2,0,0,Rotational
Mark Strickland,stricma01,4134,7.7,0.2999999999999999,0,0,Rotational
Mark Wade,wadema01,126,-0.3,-0.2,0,0,Rotational
Mark West,westma01,23199,46.1,0.5,0,0,Starter
Mark Williams,willima07,3923,15.9,3.7,0,0,Rotational
Mark Workman,workmma01,2211,-2.6,0,0,0,Rotational
Markel Brown,brownma02,1794,1.1,-0.5,0,0,Rotational
Markelle Fultz,fultzma01,6159,8.2,1.2,0,0,Rotational
Markieff Morris,morrima02,23066,30.9,1.5,0,0,Starter
Marko Gudurić,gudurma01,484,0.1,-0.2,0,0,Rotational
Marko Jarić,jaricma01,11246,12,3.7,0,0,Starter
Marko Milič,milicma01,216,0.19999999999999998,0,0,0,Rotational
Marko Simonovic,simonma01,55,0,-0.2,0,0,Rotational
Markquis Nowell,nowelma01,4,0.1,0,0,0,Rotational
Markus Howard,howarma02,381,0,-0.3,0,0,Rotational
Marlon Garnett,garnema01,205,0,-0.2,0,0,Rotational
Marlon Maxey,maxeyma01,1146,2.6,-0.3,0,0,Rotational
Marlon Redmond,redmoma01,1816,0.8,-0.4,0,0,Rotational
Marques Bolden,boldema01,274,0.6,0,0,0,Rotational
Marques Bragg,braggma01,369,0.1,-0.3,0,0,Rotational
Marques Johnson,johnsma01,23694,79.7,31.7,5,5,Superstar
Marquese Chriss,chrisma01,5837,6.3,-1.2,0,0,Rotational
Marquis Daniels,daniema01,11707,16.6,3,0,0,Starter
Marquis Teague,teaguma01,1352,-1.5,-1.7,0,0,Rotational
Marreese Speights,speigma01,11940,28.6,-0.8,0,0,Starter
Marshall Hawkins,hawkima01,0,-0.1,0,0,0,Rotational
Marshall Plumlee,plumlma02,222,0.4,-0.1,0,0,Rotational
Marshall Rogers,rogerma01,176,-0.2,-0.3,0,0,Rotational
Martell Webster,webstma02,13914,24.7,4.4,0,0,Starter
Martin Lewis,lewisma01,239,0.1,-0.2,0,0,Rotational
Martin Müürsepp,muursma01,1299,2.5999999999999996,0.1,0,0,Rotational
Martin Nessley,nesslma01,672,-0.2,-1,0,0,Rotational
Marty Byrnes,byrnema01,5518,5.1,-1,0,0,Rotational
Marty Conlon,conloma01,6895,10.3,-1.1,0,0,Rotational
Marty Passaglia,passama01,0,-0.1,0,0,0,Rotational
Martynas Andriuškevičius,andrima01,9,0,0,0,0,Rotational
Marv Roberts,roberma01,10901,15.9,-0.3,0,0,Starter
Marv Schatzman,schatma01,0,-0.9,0,0,0,Rotational
Marv Winkler,winklma01,169,-0.4,0,0,0,Rotational
Marvin Bagley III,baglema01,11333,25.5,2.6,0,0,Starter
Marvin Barnes,barnema01,10927,22.6,6.5,2,0,All-Star
Marvin Webster,webstma01,13364,29.5,6.6000000000000005,0,1,All-Star
Marvin Williams,willima02,31288,67.4,12.600000000000001,0,0,All-Star
Mason Jones,jonesma05,792,0.8,-0.1,0,0,Rotational
Mason Plumlee,plumlma01,23343,72.8,19.7,0,0,All-Star
Matas Buzelis,buzelma01,3759,4.5,0.3,0,0,Rotational
Mateen Cleaves,cleavma01,1863,-0.8,-1.7,0,0,Rotational
Matisse Thybulle,thybuma01,8949,17.5,6.5,0,0,Rotational
Matt Aitch,aitchma01,637,0.5,0,0,0,Rotational
Matt Barnes,barnema02,24375,46,10.7,0,0,Starter
Matt Bonner,bonnema01,13356,38.6,9.9,0,0,Starter
Matt Bullard,bullama01,8884,16.8,3.9000000000000004,0,0,Rotational
Matt Carroll,carroma01,8276,10.7,-0.7,0,0,Rotational
Matt Costello,costema01,32,0.1,0,0,0,Rotational
Matt Fish,fishma01,654,1.1,0,0,0,Rotational
Matt Freije,freijma01,588,-0.6,-0.5,0,0,Rotational
Matt Geiger,geigema01,12221,28.4,0.7,0,0,Starter
Matt Guokas,guokama01,0,1.1,0,0,0,Rotational
Matt Guokas,guokama02,21480,33.4,-0.3,0,0,Starter
Matt Harpring,harprma01,17584,42,6.3,0,0,Starter
Matt Maloney,malonma01,7470,9.5,1.4000000000000001,0,0,Rotational
Matt Mazza,mazzama01,0,0,0,0,0,Rotational
Matt Mooney,moonema01,21,0,0,0,0,Rotational
Matt Othick,othicma01,39,0,0,0,0,Rotational
Matt Ryan,ryanma01,1083,1,-0.4,0,0,Rotational
Matt Steigenga,steigma01,12,0,0,0,0,Rotational
Matt Thomas,thomama02,1551,2.2,-0.2,0,0,Rotational
Matt Walsh,walshma01,3,0,0,0,0,Rotational
Matt Wenstrom,wenstma01,37,0.1,0,0,0,Rotational
Matt Williams,willima05,11,0,0,0,0,Rotational
Matt Zunic,zunicma01,0,2,0,0,0,Rotational
Matthew Dellavedova,dellama01,10098,10.8,-3.5,0,0,Starter
Matthew Hurt,hurtma01,113,0.1,-0.1,0,0,Rotational
Maurice Ager,agerma01,670,-1.4,-1.3,0,0,Rotational
Maurice Baker,bakerma01,38,0,0,0,0,Rotational
Maurice Carter,cartema01,220,0,-0.4,0,0,Rotational
Maurice Cheeks,cheekma01,37364,110.5,44.7,4,0,Superstar
Maurice Evans,evansma01,14187,28.5,2.9,0,0,Starter
Maurice Harkless,harklma01,16218,26.3,4.4,0,0,Starter
Maurice King,kingma01,973,0,0,0,0,Rotational
Maurice Lucas,lucasma01,34857,76,14.2,5,3,Superstar
Maurice Martin,martima01,422,-0.2,-0.4,0,0,Rotational
Maurice McHartley,mcharma01,8455,8.2,0,0,0,Rotational
Maurice Ndour,ndourma01,331,0.4,-0.1,0,0,Rotational
Maurice Stokes,stokema01,7544,16,0,3,3,Superstar
Maurice Taylor,tayloma01,14660,10.4,-6.1,0,0,Starter
Max Christie,chrisma02,7954,9.4,-0.8,0,0,Rotational
Max Morris,morrima01,0,4.1,0,0,0,Rotational
Max Shulga,shulgma01,36,0,-0.1,0,0,Rotational
Max Strus,strusma01,8172,15.9,3.4000000000000004,0,0,Rotational
Max Zaslofsky,zasloma01,8641,52,0,1,0,All-Star
Maxi Kleber,klebima01,10288,20.599999999999998,3.5,0,0,Starter
Maxime Raynaud,raynama01,1964,3.6,-0.2,0,0,Rotational
Maxwell Lewis,lewisma05,757,0.1,-0.7,0,0,Rotational
McCoy Ingram,ingramc01,267,-0.7,0,0,0,Rotational
McCoy McLemore,mclemmc01,16341,11,0,0,0,Starter
McKinley Singleton,singlmc01,10,0,0,0,0,Rotational
McKinley Wright IV,wrighmc01,354,0.5,-0.1,0,0,Rotational
Med Park,parkme01,6758,9.5,0,0,0,Rotational
Mehmet Okur,okurme01,18429,54.7,14.5,1,0,All-Star
Mel Bennett,benneme01,3725,0.8999999999999999,-2,0,0,Rotational
Mel Counts,countme01,15241,30.2,0.8,0,0,Starter
Mel Daniels,danieme01,22466,64.9,0.4,7,0,All-Star
Mel Davis,davisme01,3666,-0.1,-2.1,0,0,Rotational
Mel Gibson,gibsome01,53,-0.1,0,0,0,Rotational
Mel Hirsch,hirscme01,0,-0.2,0,0,0,Rotational
Mel Hutchins,hutchme01,16574,27.9,0,4,2,All-Star
Mel McCants,mccanme01,65,0,-0.1,0,0,Rotational
Mel McGaha,mcgahme01,0,1.5,0,0,0,Rotational
Mel Nowell,nowelme01,2144,2.5,0,0,0,Rotational
Mel Payton,paytome01,1895,2.5,0,0,0,Rotational
Mel Peterson,peterme01,2354,2.1,0,0,0,Rotational
Mel Riebe,riebeme01,0,6.4,0,0,0,Rotational
Mel Thurston,thursme01,0,-0.1,0,0,0,Rotational
Melvin Booker,bookeme01,991,-2.78E-17,-0.7,0,0,Rotational
Melvin Ely,elyme01,6314,3.5999999999999996,-3.5,0,0,Rotational
Melvin Frazier,frazime01,290,-0.3,-0.5,0,0,Rotational
Melvin Newbern,newbeme01,311,0,0,0,0,Rotational
Melvin Sanders,sandeme01,113,0.2,-0.1,0,0,Rotational
Melvin Turpin,turpime01,6871,13.8,1.2,0,0,Rotational
Mengke Bateer,bateeme01,494,0,-0.8,0,0,Rotational
Merv Jackson,jacksme01,6890,7.6,0,1,0,All-Star
Metta World Peace,artesro01,35289,67.5,29,1,0,All-Star
Meyers Leonard,leoname01,7272,15.9,1,0,0,Rotational
Mfiondu Kabengele,kabenmf01,660,0.7,-0.4,0,0,Rotational
Micah Peavy,peavymi01,913,0.4,-0.7,0,0,Rotational
Micah Potter,pottemi01,1882,3.5,0.4,0,0,Rotational
Michael Adams,adamsmi01,20446,47,19.8,1,1,All-Star
Michael Anderson,andermi01,730,0.2,-0.1,0,0,Rotational
Michael Ansley,anslemi01,2188,6.4,0.5,0,0,Rotational
Michael Beasley,beaslmi01,13903,15.6,0.7999999999999998,0,0,Starter
Michael Bradley,bradlmi01,2233,2.2,-1.2,0,0,Rotational
Michael Brooks,brookmi01,9372,16.5,4.6,0,0,Rotational
Michael Bytzura,bytzumi01,0,-1.4,0,0,0,Rotational
Michael Cage,cagemi01,29716,74.4,13.5,0,0,All-Star
Michael Carter-Williams,cartemi01,12463,8.1,2.7,0,0,Starter
Michael Cooper,coopemi01,23635,52.4,19,0,2,All-Star
Michael Curry,currymi01,13991,19.4,-4.6,0,0,Starter
Michael Dickerson,dickemi01,7490,9.5,1.3,0,0,Rotational
Michael Doleac,doleami01,9818,14.4,-3.6,0,0,Rotational
Michael Finley,finlemi01,41495,90.2,30.4,2,3,Superstar
Michael Foster Jr.,fostemi02,1,0,0,0,0,Rotational
Michael Frazier,frazimi01,145,-0.2,-0.3,0,0,Rotational
Michael Gbinije,gbinimi01,32,-0.1,-0.1,0,0,Rotational
Michael Hawkins,hawkimi01,641,0.2,-0.4,0,0,Rotational
Michael Holton,holtomi01,6348,4.9,-1.4,0,0,Rotational
Michael Jackson,jacksmi02,888,-0.2,-0.7,0,0,Rotational
Michael Jordan,jordami01,41011,213.9,116.1,14,13,Superstar
Michael Kidd-Gilchrist,kiddgmi01,11259,20.8,0.1,0,0,Starter
Michael McDonald,mcdonmi01,4,-0.1,0,0,0,Rotational
Michael Olowokandi,olowomi01,14048,2.8,-9.3,0,0,Starter
Michael Phelps,phelpmi01,1372,0.29999999999999993,-0.7,0,0,Rotational
Michael Porter Jr.,portemi01,11725,29.400000000000002,8.8,0,0,Starter
Michael Ray Richardson,richami01,20665,37.1,22.4,4,2,All-Star
Michael Redd,reddmi01,20104,55.8,21.4,1,1,All-Star
Michael Ruffin,ruffimi01,5966,6.7,-2,0,0,Rotational
Michael Smith,smithmi01,1328,1.2999999999999998,-0.6,0,0,Rotational
Michael Smith,smithmi02,11605,25.6,5.6,0,0,Starter
Michael Stewart,stewami01,3450,4.8,-1.5,0,0,Rotational
Michael Wiley,wileymi01,1284,2.9000000000000004,0.6,0,0,Rotational
Michael Wilson,wilsomi01,650,0.6000000000000001,0.2,0,0,Rotational
Michael Young,youngmi01,472,1.1,0.3,0,0,Rotational
Micheal Williams,willimi02,10732,29.2,11.6,0,0,Starter
Mickaël Gelabale,gelabmi01,2348,3,-2.78E-17,0,0,Rotational
Mickaël Piétrus,pietrmi01,13057,21,3.5,0,0,Starter
Mickell Gladness,gladnmi01,504,0.4,-0.3,0,0,Rotational
Mickey Davis,davismi02,3837,8.9,1.4,0,0,Rotational
Mickey Dillard,dillami01,221,-0.2,-0.3,0,0,Rotational
Mickey Johnson,johnsmi01,27058,62.7,18.6,0,0,All-Star
Mickey Rottner,rottnmi01,0,3.7,0,0,0,Rotational
Mikal Bridges,bridgmi01,24169,57.4,18.7,0,0,All-Star
Mike Bantom,bantomi01,25221,45.3,6.7,0,1,All-Star
Mike Barr,barrmi01,6341,6.9,0.5,0,0,Rotational
Mike Barrett,barremi01,5300,7.500000000000001,0,0,0,Rotational
Mike Batiste,batismi01,1248,0.8,-0.5,0,0,Rotational
Mike Bibby,bibbymi01,37820,79.2,24.8,0,1,All-Star
Mike Bloom,bloommi01,0,5.1,0,0,0,Rotational
Mike Bratz,bratzmi01,10613,11.1,0.4999999999999999,0,0,Starter
Mike Brittain,brittmi01,248,0,-0.3,0,0,Rotational
Mike Brown,brownmi01,10961,15.8,-4.3,0,0,Starter
Mike Butler,butlemi01,4554,7.1,0,0,0,Rotational
Mike Champion,champmi01,4,-0.1,-0.1,0,0,Rotational
Mike Conley,conlemi01,39617,113,42.3,1,1,Superstar
Mike D'Antoni,dantomi01,2656,2.1,0.5,0,0,Rotational
Mike Dabich,dabicmi01,98,0.4,0,0,0,Rotational
Mike Davis,davismi01,4851,4.9,0,0,0,Rotational
Mike Davis,davismi03,28,0.1,0,0,0,Rotational
Mike Dunleavy,dunlemi01,8547,16.2,3,0,0,Rotational
Mike Dunleavy,dunlemi02,30761,65.10000000000001,17.2,0,0,All-Star
Mike Evans,evansmi01,10128,9.3,-1.4,0,0,Starter
Mike Farmer,farmemi01,10119,6.2,0,0,0,Starter
Mike Flynn,flynnmi01,3376,2.8,0.3,0,0,Rotational
Mike Gale,galemi01,24252,41.6,15.1,0,0,Starter
Mike Gibson,gibsomi01,390,0.30000000000000004,-0.2,0,0,Rotational
Mike Glenn,glennmi01,9617,25.3,5.7,0,0,Starter
Mike Gminski,gminsmi01,29524,64.9,14.6,0,0,All-Star
Mike Green,greenmi01,12716,30.4,6.7,1,0,All-Star
Mike Grosso,grossmi01,335,-0.1,0,0,0,Rotational
Mike Hall,hallmi01,13,0,0,0,0,Rotational
Mike Harper,harpemi01,1894,2.5,-0.2,0,0,Rotational
Mike Harris,harrimi01,592,0.9,0,0,0,Rotational
Mike Higgins,higgimi01,161,0.2,-0.1,0,0,Rotational
Mike Iuzzolino,iuzzomi01,3049,3.7,0.1,0,0,Rotational
Mike Jackson,jacksmi01,7392,11.4,-1.2,0,0,Rotational
Mike James,jamesmi01,20788,32,6.7,0,0,Starter
Mike James,jamesmi02,1610,0.5,0.1,0,0,Rotational
Mike Kearns,kearnmi01,25,-0.1,0,0,0,Rotational
Mike Lewis,lewismi01,11735,28.2,0,2,0,All-Star
Mike Lynn,lynnmi01,428,-0.3,0,0,0,Rotational
Mike Macaluso,macalmi01,112,0,-0.1,0,0,Rotational
Mike Maloy,maloymi01,861,0.9,0,0,0,Rotational
Mike McCarron,mccarmi01,0,4.2,0,0,0,Rotational
Mike McGee,mcgeemi01,10274,16.2,2,0,0,Starter
Mike Miller,millemi01,29998,64.6,20.7,0,0,All-Star
Mike Mitchell,mitchmi01,27600,56.1,5.300000000000001,1,1,All-Star
Mike Morrison,morrimi01,153,-0.3,-0.3,0,0,Rotational
Mike Muscala,muscami01,11090,24.5,4,0,0,Starter
Mike Newlin,newlimi01,24574,50.5,7.5,0,0,All-Star
Mike Niles,nilesmi01,231,-0.3,-0.5,0,0,Rotational
Mike Novak,novakmi01,24,2.8,0,0,0,Rotational
Mike O'Koren,okoremi01,8810,14.5,3.3,0,0,Rotational
Mike O'Neill,oneilmi01,50,-0.1,0,0,0,Rotational
Mike Penberthy,penbemi01,863,1.7000000000000002,0.1,0,0,Rotational
Mike Peplowski,peplomi01,722,1,-0.4,0,0,Rotational
Mike Pratt,prattmi01,2102,3.1,0,0,0,Rotational
Mike Price,pricemi01,1067,0.5,0,0,0,Rotational
Mike Ratliff,ratlimi01,685,-0.2,0,0,0,Rotational
Mike Riordan,riordmi01,17267,35.3,1.7,0,0,Starter
Mike Sanders,sandemi01,13907,21,-0.6,0,0,Starter
Mike Scott,scottmi01,10577,18.5,0.4,0,0,Starter
Mike Silliman,sillimi01,366,0.3,0,0,0,Rotational
Mike Smith,smithmi03,180,-0.1,-0.1,0,0,Rotational
Mike Smrek,smrekmi01,1985,0.7000000000000001,-2,0,0,Rotational
Mike Sojourner,sojoumi01,4282,8.3,1.1,0,0,Rotational
Mike Sweetney,sweetmi01,3610,7.699999999999999,-0.7,0,0,Rotational
Mike Taylor,taylomi01,771,-0.4,-0.6,0,0,Rotational
Mike Tobey,tobeymi01,25,0,0,0,0,Rotational
Mike Todorovich,todormi01,0,8.3,0,0,0,Rotational
Mike Wilks,wilksmi01,3464,3.1,-0.3,0,0,Rotational
Mike Williams,willimi03,204,0,-0.3,0,0,Rotational
Mike Woodson,woodsmi01,22523,40.3,10.7,0,0,Starter
Mikki Moore,mooremi01,11897,25.8,-1.2,0,0,Starter
Mile Ilić,ilicmi01,6,-0.2,-0.1,0,0,Rotational
Miles Bridges,bridgmi02,15457,27.8,8.3,0,0,Starter
Miles Kelly,kellymi02,134,0,-0.1,0,0,Rotational
Miles McBride,mcbrimi01,5133,10.4,2,0,0,Rotational
Miles Norris,norrimi01,35,0,0,0,0,Rotational
Miles Plumlee,plumlmi01,7336,13.600000000000001,0.1,0,0,Rotational
Miles Simon,simonmi01,19,-0.1,-0.1,0,0,Rotational
Milo Komenich,komenmi01,0,1.4,0,0,0,Rotational
Miloš Babić,babicmi01,87,-0.1,-0.1,0,0,Rotational
Miloš Teodosić,teodomi01,1284,1.2999999999999998,0,0,0,Rotational
Milt Palacio,palacmi01,9211,4.8,-3.7,0,0,Rotational
Milt Schoon,schoomi01,0,4.3,0,0,0,Rotational
Milt Wagner,wagnemi01,496,0.4,-0.2,0,0,Rotational
Milt Williams,willimi01,740,0.8,-0.2,0,0,Rotational
Milton Doyle,doylemi01,125,-0.1,-0.1,0,0,Rotational
Mindaugas Kuzminskas,kuzmimi01,1018,1.2,0,0,0,Rotational
Miroslav Raduljica,radulmi01,488,1.1,-0.3,0,0,Rotational
Mirsad Türkcan,turkcmi01,180,-0.1,-0.2,0,0,Rotational
Mirza Teletović,teletmi01,5765,8.8,1.7999999999999998,0,0,Rotational
Mitch Creek,creekmi01,96,0.4,0.2,0,0,Rotational
Mitch Kupchak,kupchmi01,9905,27,3.1,0,0,Starter
Mitch McGary,mcgarmi01,557,1.3,-0.1,0,0,Rotational
Mitch Richmond,richmmi01,34309,79.3,29.3,6,3,Superstar
Mitchell Butler,butlemi02,5464,3,-1.4,0,0,Rotational
Mitchell Robinson,robinmi01,9297,40.9,10.2,0,0,Starter
Mitchell Wiggins,wiggimi01,8105,15.3,1.7,0,0,Rotational
Miye Oni,onimi01,672,1,-0.2,0,0,Rotational
Mo Bamba,bambamo01,7385,19.1,3.6,0,0,Rotational
Mo Howard,howarmo01,690,1.2,0.4,0,0,Rotational
Mo Layton,laytomo01,4494,4.3,-0.3,0,0,Rotational
Mo Mahoney,mahonmo01,45,0,0,0,0,Rotational
Mo Williams,willima01,27640,43.2,10.4,1,0,All-Star
Moe Barr,barrmo01,145,0.1,0,0,0,Rotational
Moe Becker,beckemo01,0,-4.8,0,0,0,Rotational
Moe Radovich,radovmo01,33,0.1,0,0,0,Rotational
Mohamed Diawara,diawamo01,634,0.9,0,0,0,Rotational
Monk Meineke,meinemo01,6782,14.9,0,0,0,Rotational
Monta Ellis,ellismo01,31131,44.7,13.4,0,0,Starter
Monte Morris,morrimo01,10349,25.900000000000002,5.7,0,0,Starter
Monte Towe,towemo01,985,0.2,-0.5,1,0,All-Star
Monti Davis,davismo01,20,-0.2,0,0,0,Rotational
Montrezl Harrell,harremo01,12186,50.3,14.6,0,0,All-Star
Monty Williams,willimo01,7808,11.5,0.1,0,0,Rotational
Moochie Norris,norrimo01,9271,10.6,0.8999999999999999,0,0,Rotational
Mookie Blaylock,blaylmo01,31026,71.8,39.4,1,1,All-Star
Moritz Wagner,wagnemo01,7200,19,3.4,0,0,Rotational
Morlon Wiley,wileymo01,6290,4.9,0.5,0,0,Rotational
Morris Almond,almonmo01,361,0,-0.4,0,0,Rotational
Morris Peterson,petermo01,19366,35.7,7.7,0,0,Starter
Moses Brown,brownmo01,2669,8.1,-0.2,0,0,Rotational
Moses Malone,malonmo01,51950,187.9,47.6,13,11,Superstar
Moses Moody,moodymo01,5769,11.6,1.5999999999999999,0,0,Rotational
Moses Wright,wrighmo01,28,0.1,0,0,0,Rotational
Mouhamadou Gueye,gueyemo01,165,-0.3,-0.3,0,0,Rotational
Mouhamed Gueye,gueyemo02,1785,4.1000000000000005,0.4,0,0,Rotational
Mouhamed Sene,senesa01,289,0.5,-0.1,0,0,Rotational
Moussa Cisse,cissemo01,530,1.3,-0.1,0,0,Rotational
Moussa Diabate,diabamo01,3399,11.3,1.9000000000000001,0,0,Rotational
Muggsy Bogues,boguemu01,26999,55.9,18.2,0,0,All-Star
Murray Mitchell,mitchmu01,0,0,0,0,0,Rotational
Murray Wier,wiermu01,0,1.6,0,0,0,Rotational
Mustafa Shakur,shakumu01,170,-0.5,-0.2,0,0,Rotational
Mychal Mulder,muldemy01,1448,0.7999999999999999,-0.8,0,0,Rotational
Mychal Thompson,thompmy01,29654,61.8,14.200000000000001,0,1,All-Star
Mychel Thompson,thompmy02,95,-0.2,-0.1,0,0,Rotational
Myke Henry,henrymy01,378,0.1,0.1,0,0,Rotational
Myles Patrick,patrimy01,9,0,0,0,0,Rotational
Myles Powell,powelmy01,52,-0.1,-0.1,0,0,Rotational
Myles Turner,turnemy01,20366,51.6,13.5,0,0,All-Star
Myron Brown,brownmy01,23,0,0,0,0,Rotational
Myron Gardner,gardnmy01,411,1.4,0.3,0,0,Rotational
Myron Jackson,jacksmy01,22,0,0,0,0,Rotational
Mãozinha Pereira,pereima01,122,0.3,0,0,0,Rotational
N'Faly Dante,nfalyda01,66,0.3,0.1,0,0,Rotational
Nae'Qwan Tomlin,tomlina01,1067,2.3000000000000003,-0.1,0,0,Rotational
Naji Marshall,marshna01,8587,14.6,1.8,0,0,Rotational
Nando De Colo,decolna01,1908,3.3,0.8,0,0,Rotational
Nassir Little,littlna01,3735,4.8,-0.5,0,0,Rotational
Nat Clifton,cliftna01,14369,15,0,1,0,All-Star
Nat Frankel,frankna01,0,-0.2,0,0,0,Rotational
Nat Hickey,hickena01,0,-0.1,0,0,0,Rotational
Nat Militzok,militna01,0,3.4,0,0,0,Rotational
Nate Barnett,barnena01,73,0,-0.1,0,0,Rotational
Nate Blackwell,blackna01,112,-0.1,-0.1,0,0,Rotational
Nate Bowman,bowmana01,2388,1.1,0,0,0,Rotational
Nate Darling,darlina01,26,0,0,0,0,Rotational
Nate DeLong,delonna01,132,0.8,0,0,0,Rotational
Nate Driggers,driggna01,132,-0.2,-0.2,0,0,Rotational
Nate Hawthorne,hawthna01,1991,1.7000000000000002,-0.7,0,0,Rotational
Nate Hinton,hintona01,170,0.19999999999999998,0.1,0,0,Rotational
Nate Huffman,huffmna01,76,0.1,-0.1,0,0,Rotational
Nate Johnston,johnsna01,174,0.2,-0.2,0,0,Rotational
Nate McMillan,mcmilna01,20462,50.2,27.1,0,0,All-Star
Nate Robinson,robinna01,16597,31.400000000000002,8.9,0,0,Starter
Nate Thurmond,thurmna01,37274,80.3,6.699999999999999,7,6,Superstar
Nate Williams,willije02,239,0.3,-0.2,0,0,Rotational
Nate Williams,willina01,18063,29.8,5.6,0,0,Starter
Nate Wolters,woltena01,1822,0.7999999999999999,-0.4,0,0,Rotational
Nathan Jawai,jawaina01,431,0.19999999999999998,-0.3,0,0,Rotational
Nathan Knight,knighna01,837,2.1,-0.1,0,0,Rotational
Nathan Mensah,mensana01,307,0.1,-0.5,0,0,Rotational
Naz Mitrou-Long,mitrona01,132,0,-0.1,0,0,Rotational
Naz Reid,reidna01,10479,24.8,7.4,0,0,Starter
Nazr Mohammed,mohamna01,23277,51,-2.4,0,0,All-Star
Ndudi Ebi,ebind01,86,0.1,0,0,0,Rotational
Neal Walk,walkne01,14957,31.599999999999998,3.1,0,0,Starter
Ned Endress,endrene01,0,-0.1,0,0,0,Rotational
Neemias Queta,quetane01,3271,14.200000000000001,2.9,0,0,Rotational
Negele Knight,knighne01,6659,7.2,-1.3,0,0,Rotational
Neil Johnson,johnsne02,6417,12.6,0,1,0,All-Star
Neil Johnston,johnsne01,18298,92,0,6,1,All-Star
Nelson Bobb,bobbne01,2478,6.1,0,0,0,Rotational
Nemanja Bjelica,bjeline01,9767,20.8,5.2,0,0,Starter
Nemanja Nedović,nedovne01,142,-0.4,-0.3,0,0,Rotational
Nenad Krstić,krstine01,12118,25.5,-1.8,0,0,Starter
Nenê,hilarne01,26347,75.9,19.7,0,0,All-Star
Nerlens Noel,noelne01,11523,32.2,8.5,0,0,Starter
Nic Claxton,claxtni01,9944,30.9,8.2,0,0,Starter
Nick Anderson,anderni01,24922,55.3,24.7,0,0,All-Star
Nick Calathes,calatni01,2011,2.6,0.7,0,0,Rotational
Nick Collison,collini01,18603,44.4,3.2,0,0,Starter
Nick Fazekas,fazekni01,538,1.6,0.4,0,0,Rotational
Nick Johnson,johnsni01,262,-0.1,-0.3,0,0,Rotational
Nick Jones,jonesni01,2442,1.8,0,0,0,Rotational
Nick Mantis,mantini01,1439,-1.3,0,0,0,Rotational
Nick Richards,richani01,7320,17.5,-2.3,0,0,Rotational
Nick Shaback,shabani01,0,0.3,0,0,0,Rotational
Nick Smith Jr.,smithni01,2473,-0.9,-2.3,0,0,Rotational
Nick Van Exel,vanexni01,31465,60.300000000000004,20,1,0,All-Star
Nick Vanos,vanosni01,842,-0.1,-0.7,0,0,Rotational
Nick Weatherspoon,weathni01,11337,17.8,-0.4,0,0,Starter
Nick Young,youngni01,18148,20.599999999999998,-0.9,0,0,Starter
Nickeil Alexander-Walker,alexani01,12895,17.8,3.6,0,0,Starter
Nico Mannion,mannini01,364,0.2,-0.2,0,0,Rotational
Nicolas Batum,batumni01,35459,79.1,29.5,0,0,All-Star
Nicolás Brussino,brussni01,531,0.6,0.1,0,0,Rotational
Nicolás Laprovíttola,laproni01,174,0.2,-0.1,0,0,Rotational
Nicolò Melli,mellini01,2174,2.9,-0.2,0,0,Rotational
Nigel Hayes,hayesni01,244,-0.2,-0.2,0,0,Rotational
Nigel Hayes-Davis,hayesni01,195,-0.1,-0.3,0,0,Rotational
Nigel Williams-Goss,willini01,50,0,0,0,0,Rotational
Nik Stauskas,stausni01,8278,5.5,-1.7,0,0,Rotational
Nikita Wilson,wilsoni01,54,-0.1,-0.1,0,0,Rotational
Nikola Jokic,jokicni01,25914,142.7,82.4,8,7,Superstar
Nikola Jovic,jovicni01,3064,4.6,0.7999999999999999,0,0,Rotational
Nikola Mirotić,mirotni01,10457,28.3,9.700000000000001,0,0,Starter
Nikola Peković,pekovni01,6744,18.8,2.3,0,0,Rotational
Nikola Topić,topicni01,160,0,-0.3,0,0,Rotational
Nikola Vucevic,vucevni01,36487,95.1,39.300000000000004,2,0,All-Star
Nikoloz Tskitishvili,tskitni01,2265,-2.2,-2.5,0,0,Rotational
Nique Clifford,cliffni01,1882,-0.6,-1.4,0,0,Rotational
Noa Essengue,essenno01,6,-0.1,0,0,0,Rotational
Noah Clowney,clownno01,3192,2.5,-1,0,0,Rotational
Noah Penda,pendano01,757,1.1,0.1,0,0,Rotational
Noah Vonleh,vonleno01,7106,12.1,-0.5,0,0,Rotational
Noble Jorgensen,jorgeno01,2673,17.1,0,0,0,Rotational
Noel Felix,felixno01,82,-0.3,-0.2,0,0,Rotational
Nolan Smith,smithno01,829,-0.8,-0.9,0,0,Rotational
Nolan Traore,traorno01,1243,-1.6,-1.5,0,0,Rotational
Norchad Omier,omierno01,24,0.2,0,0,0,Rotational
Norm Baker,bakerno01,0,0,0,0,0,Rotational
Norm Cook,cookno01,148,-0.1,-0.1,0,0,Rotational
Norm Grekin,grekino01,1,0,0,0,0,Rotational
Norm Mager,magerno01,0,0,0,0,0,Rotational
Norm Nixon,nixonno01,27250,47.5,10.2,2,2,All-Star
Norm Richardson,richano01,134,0.1,-0.2,0,0,Rotational
Norm Stewart,stewano01,37,-0.1,0,0,0,Rotational
Norm Swanson,swansno01,611,-0.4,0,0,0,Rotational
Norm Van Lier,vanlino01,28586,55.6,6.2,3,4,Superstar
Norman Black,blackno01,28,-0.1,-0.1,0,0,Rotational
Norman Powell,powelno01,20318,43.9,11,1,0,All-Star
Normie Glick,glickno01,0,0.1,0,0,0,Rotational
Norris Cole,coleno01,9849,4.3,-4.5,0,0,Rotational
Norris Coleman,colemno01,431,-0.4,-0.6,0,0,Rotational
Norton Barnhill,barnhno01,10,0,0,0,0,Rotational
Norvel Pelle,pelleno01,419,0.7,-0.2,0,0,Rotational
O.J. Mayo,mayooj01,16919,21.9,4.8,0,0,Starter
OG Anunoby,anunoog01,18780,40.2,11.299999999999999,0,0,Starter
Obi Toppin,toppiob01,6662,17.7,5.2,0,0,Rotational
Obinna Ekezie,ekeziob01,1797,2.2,-1.4,0,0,Rotational
Ochai Agbaji,agbajoc01,8176,6.4,-2.9,0,0,Rotational
Odie Spears,spearod01,8222,28.1,0,0,0,Starter
Odis Allison,allisod01,166,-0.6,0,0,0,Rotational
Ognjen Kuzmić,kuzmiog01,164,0.3,-0.2,0,0,Rotational
Okaro White,whiteok01,557,0.8,-0.1,0,0,Rotational
Olden Polynice,polynol01,29378,57.2,-0.8,0,0,All-Star
Oleksiy Pecherov,pecheol01,1044,0.6,-0.8,0,0,Rotational
Oliver Lafayette,lafayol01,22,0,0,0,0,Rotational
Oliver Miller,milleol01,12490,23,7.3,0,0,Starter
Oliver Robinson,robinol01,147,0.1,-0.1,0,0,Rotational
Olivier Sarr,sarrol01,672,1.8,-0.3,0,0,Rotational
Olivier-Maxence Prosper,prospol01,1904,3.8,0.4,0,0,Rotational
Ollie Darden,dardeol01,7577,11.5,0,0,0,Rotational
Ollie Johnson,johnsol01,16221,29.5,5.5,0,0,Starter
Ollie Mack,mackol01,4876,5.1,0.7,0,0,Rotational
Ollie Taylor,taylool01,6667,11.299999999999999,0,0,0,Rotational
Olumide Oyedeji,oyedeol01,587,1.1,-0.4,0,0,Rotational
Omar Cook,cookom01,213,-0.1,0,0,0,Rotational
Omari Johnson,johnsom01,75,0.1,0,0,0,Rotational
Omari Spellman,spellom01,1691,2.4,0.30000000000000004,0,0,Rotational
Omer Yurtseven,yurtsom01,1438,3.2,0,0,0,Rotational
Omri Casspi,casspom01,12602,20.1,3.1,0,0,Starter
Onuralp Bitim,bitimon01,268,-0.1,-0.4,0,0,Rotational
Onyeka Okongwu,okongon01,9208,30.9,5.9,0,0,Starter
Orb Bowling,bowlior01,90,-0.2,0,0,0,Rotational
Orien Greene,greenor01,1555,-0.7,-1.1,0,0,Rotational
Orlando Graham,grahaor01,22,0,-0.1,0,0,Rotational
Orlando Johnson,johnsor01,1605,1.3,-0.7,0,0,Rotational
Orlando Robinson,robinor01,2294,4.5,-0.5,0,0,Rotational
Orlando Woolridge,woolror01,25596,55.4,13.6,0,0,All-Star
Oscar Robertson,roberos01,43886,189.1,1.2,12,11,Superstar
Oscar Tshiebwe,tshieos01,745,2.5,0,0,0,Rotational
Oshae Brissett,brissos01,4073,7.000000000000001,-0.3,0,0,Rotational
Oso Ighodaro,ighodos01,2853,6.300000000000001,0.7,0,0,Rotational
Ossie Schectman,schecos01,0,4.3,0,0,0,Rotational
Othell Wilson,wilsoot01,2049,1.2999999999999998,0.4,0,0,Rotational
Othella Harrington,harriot01,15739,25.6,-5.5,0,0,Starter
Othello Hunter,hunteot01,125,0.2,-0.1,0,0,Rotational
Othyus Jeffers,jeffeot01,811,1.7,0,0,0,Rotational
Otis Birdsong,birdsot01,21627,48.3,14.3,4,1,All-Star
Otis Howard,howarot01,226,0.30000000000000004,-0.1,0,0,Rotational
Otis Smith,smithot01,9269,15.9,5.8999999999999995,0,0,Rotational
Otis Thorpe,thorpot01,44115,114.7,19.6,1,0,Superstar
Otto Moore,mooreot01,18905,27.900000000000002,4.7,0,1,All-Star
Otto Porter Jr.,porteot01,15689,41.2,14.1,0,0,Starter
Otto Schnellbacher,schneot01,0,2.5,0,0,0,Rotational
Ousmane Dieng,diengou01,3537,2.3,-1.1,0,0,Rotational
Owen Wells,wellsow01,214,0.1,-0.1,0,0,Rotational
Ozell Jones,jonesoz01,906,1.2,0.19999999999999998,0,0,Rotational
P.J. Brown,brownpj01,33823,89.7,17.4,0,1,All-Star
P.J. Hairston,hairspj02,3313,1.5,-1.8,0,0,Rotational
P.J. Tucker,tuckepj01,29071,48.6,6.5,0,0,Starter
PJ Washington,washipj01,15874,18.6,2.6,0,0,Starter
PJ Dozier,doziepj01,2008,1.8,-0.5,0,0,Rotational
PJ Hall,hallpj01,494,1.4,0,0,0,Rotational
Pablo Prigioni,prigipa01,5763,12.7,3,0,0,Rotational
Pace Mannion,mannipa01,2157,1.6,-0.1,0,0,Rotational
Pacome Dadiet,dadiepa01,111,0,-0.1,0,0,Rotational
Pacôme Dadiet,dadiepa01,136,0.2,0,0,0,Rotational
Paolo Banchero,banchpa01,9313,16.2,6.9,1,0,All-Star
Pape Sow,sowpa01,879,0.8999999999999999,-0.8,0,0,Rotational
Pape Sy,sypa01,21,0,0,0,0,Rotational
Paris Bass,basspa01,7,0,0,0,0,Rotational
Pascal Siakam,siakapa01,24351,65,23.7,4,1,All-Star
Pat Burke,burkepa01,1293,-0.1,-1.5,0,0,Rotational
Pat Connaughton,connapa01,11736,25.3,4.7,0,0,Starter
Pat Cummings,cummipa01,14516,22.5,-1.9,0,0,Starter
Pat Dunn,dunnpa01,206,-0.1,0,0,0,Rotational
Pat Durham,durhapa01,930,0.7,0,0,0,Rotational
Pat Frink,frinkpa01,363,-0.5,0,0,0,Rotational
Pat Garrity,garripa01,11062,18.7,0.6,0,0,Starter
Pat McFarland,mcfarpa01,1977,2.4,0.5,0,0,Rotational
Pat Riley,rileypa01,9000,4.1000000000000005,-3,0,0,Rotational
Pat Spencer,spencpa01,1505,1.7,-0.1,0,0,Rotational
Patricio Garino,garinpa01,43,-0.2,-0.2,0,0,Rotational
Patrick Baldwin Jr.,baldwpa01,1137,0.9,-0.3,0,0,Rotational
Patrick Beverley,beverpa01,20967,46.1,12.5,0,0,Starter
Patrick Christopher,chrispa01,29,-0.1,-0.1,0,0,Rotational
Patrick Eddie,eddiepa01,13,-0.1,-0.1,0,0,Rotational
Patrick Ewing,ewingpa01,40594,126.5,50.1,11,8,Superstar
Patrick Ewing,ewingpa02,19,-0.1,0,0,0,Rotational
Patrick McCaw,mccawpa01,3770,4.8,-0.8,0,0,Rotational
Patrick O'Bryant,obryapa01,779,0.8,-0.6,0,0,Rotational
Patrick Patterson,pattepa01,18231,39.5,9.4,0,0,Starter
Patrick Williams,willipa01,8952,8.4,-1.5,0,0,Rotational
Patty Mills,millspa02,19052,36.1,8.2,0,0,Starter
Pau Gasol,gasolpa01,43712,153.5,61.3,6,0,Superstar
Paul Arizin,arizipa01,24897,108.8,0,10,5,Superstar
Paul Cloyd,cloydpa01,0,-0.3,0,0,0,Rotational
Paul Davis,davispa01,702,0.4,-0.5,0,0,Rotational
Paul Dawkins,dawkipa01,776,-0.1,-0.4,0,0,Rotational
Paul George,georgpa01,31651,92.1,45.4,9,2,All-Star
Paul Gordon,gordopa01,0,-0.1,0,0,0,Rotational
Paul Graham,grahapa01,3354,5.699999999999999,1.2,0,0,Rotational
Paul Grant,grantpa01,124,-0.2,-0.3,0,0,Rotational
Paul Griffin,griffpa01,10053,19.7,5.9,0,0,Starter
Paul Hoffman,hoffmpa01,5800,11.8,0,0,0,Rotational
Paul Hogue,hoguedu01,1634,-1.1,0,0,0,Rotational
Paul Huston,hustopa01,0,1.2,0,0,0,Rotational
Paul Long,longpa01,518,0.8,0,0,0,Rotational
Paul McCracken,mccrapa01,437,0.5,-0.1,0,0,Rotational
Paul McPherson,mcphepa01,1190,1.8,0,0,0,Rotational
Paul Millsap,millspa01,30875,95.7,29.9,4,0,All-Star
Paul Mokeski,mokespa01,11735,15.8,-4,0,0,Starter
Paul Napolitano,napolpa01,0,0,0,0,0,Rotational
Paul Neumann,neumapa01,13037,34.7,0,0,0,Starter
Paul Noel,noelpa01,32,0.19999999999999996,0,0,0,Rotational
Paul Nolen,nolenpa01,2,0,0,0,0,Rotational
Paul Pierce,piercpa01,45880,150.2,65.6,10,5,Superstar
Paul Pressey,presspa01,19659,49.2,22.9,0,2,All-Star
Paul Reed,reedpa01,4163,15.899999999999999,3.7,0,0,Rotational
Paul Ruffner,ruffnpa01,1278,1,-0.2,0,0,Rotational
Paul Scranton,scranpa01,41,0,0,0,0,Rotational
Paul Seymour,seymopa01,14667,37.7,0,3,0,All-Star
Paul Shirley,shirlpa01,121,-0.2,-0.2,0,0,Rotational
Paul Silas,silaspa01,34989,80,5.5,2,2,All-Star
Paul Stovall,stovapa01,405,0.19999999999999998,0,0,0,Rotational
Paul Thompson,thomppa01,4047,6,2,0,0,Rotational
Paul Walther,walthpa01,7258,22.599999999999998,0,1,0,All-Star
Paul Watson,watsopa01,627,1,0.1,0,0,Rotational
Paul Westphal,westppa01,20947,67.5,24.7,5,2,All-Star
Paul Zipser,zipsepa01,1667,-0.1,-1.3,0,0,Rotational
Pavel Podkolzin,podkopa01,28,-0.1,0,0,0,Rotational
Payton Pritchard,pritcpa01,9564,29.4,8.6,0,0,Starter
Payton Sandfort,sandfpa01,63,0.2,-0.1,0,0,Rotational
Pearl Washington,washipe01,4044,1.9,0.3,0,0,Rotational
Peja Stojaković,stojape01,30184,92.1,29,3,2,All-Star
Pelle Larsson,larsspe01,2631,5.5,0.2,0,0,Rotational
Penny Early,earlype01,0,0,0,0,0,Rotational
Pep Saul,saulpe01,7698,15.7,0,0,0,Rotational
Pepe Sánchez,sanchpe01,337,0.6,0.30000000000000004,0,0,Rotational
Pero Antić,anticpe01,1962,2.9,-0.7,0,0,Rotational
Perry Jones,jonespe01,1675,1.7,-0.7,0,0,Rotational
Perry Moss,mosspe01,2722,1.5,-0.5,0,0,Rotational
Perry Warbington,warbipe01,70,-0.3,-0.2,0,0,Rotational
Perry Young,youngpe01,144,-0.2,-0.2,0,0,Rotational
Pervis Ellison,ellispe01,11593,21.9,4.5,0,0,Starter
Pete Brennan,brennpe01,136,-0.1,0,0,0,Rotational
Pete Chilcutt,chilcpe01,10360,12.7,-0.1,0,0,Starter
Pete Cross,crosspe01,3932,4,0,0,0,Rotational
Pete Darcey,darcepe01,90,-0.2,0,0,0,Rotational
Pete Lalich,lalicpe01,0,0,0,0,0,Rotational
Pete Maravich,maravpe01,25280,47,8.5,5,5,Superstar
Pete Myers,myerspe01,8152,6.8,-1.2,0,0,Rotational
Pete Nance,nancepe01,1040,1.3,-0.4,0,0,Rotational
Pete Smith,smithpe01,32,-0.2,0,0,0,Rotational
Pete Verhoeven,verhope01,3220,5.2,-0.6,0,0,Rotational
Pete Williams,willipe01,583,1.4,0.1,0,0,Rotational
Peter Aluma,alumape01,5,0,0,0,0,Rotational
Peter John Ramos,ramospe01,20,0,0,0,0,Rotational
Peter Thibeaux,thibepe01,992,0.1,-0.9,0,0,Rotational
Petey Rosenberg,rosenpe01,0,-0.4,0,0,0,Rotational
Petr Cornelie,cornepe01,38,0,-0.1,0,0,Rotational
Peyton Siva,sivape01,224,-0.2,-0.2,0,0,Rotational
Peyton Watson,watsope01,4928,7.9,0.3,0,0,Rotational
Phil Bond,bondph01,21,0,0,0,0,Rotational
Phil Chenier,cheniph01,19966,39.4,11.2,3,3,Superstar
Phil Farbman,farbmph01,0,2.8,0,0,0,Rotational
Phil Ford,fordph01,15113,25.8,3.7,0,2,All-Star
Phil Hankinson,hankiph01,187,0.6,0.1,0,0,Rotational
Phil Hicks,hicksph01,652,1,0.1,0,0,Rotational
Phil Hubbard,hubbaph01,17702,31.6,1.2,0,0,Starter
Phil Jackson,jacksph01,14201,29.1,2.2,0,0,Starter
Phil Jordon,jordoph01,13754,11.9,0,0,0,Starter
Phil Lumpkin,lumpkph01,1162,0.7,-0.3,0,0,Rotational
Phil Martin,martiph01,47,-0.1,0,0,0,Rotational
Phil Pressey,pressph01,2298,0.7000000000000001,-0.5,0,0,Rotational
Phil Rollins,rolliph01,4249,2.8000000000000003,0,0,0,Rotational
Phil Sellers,selleph01,329,0,-0.3,0,0,Rotational
Phil Smith,smithph01,21208,42.6,9.8,2,1,All-Star
Phil Wagner,wagneph01,180,-0.1,0,0,0,Rotational
Phil Walker,walkeph01,384,-0.4,-0.3,0,0,Rotational
Phil Zevenbergen,zevenph01,58,0,0,0,0,Rotational
Phillip Wheeler,wheelph02,44,-0.3,-0.2,0,0,Rotational
Pickles Kennedy,kennepi01,52,-0.1,0,0,0,Rotational
Pierre Jackson,jackspi01,84,0,-0.1,0,0,Rotational
Pierre Russell,russepi01,1015,1.5,0,0,0,Rotational
Plummer Lott,lottpl01,638,-1.3,0,0,0,Rotational
Pooh Richardson,richapo01,19399,26.8,10.4,0,0,Starter
Pop Goodwin,goodwpo01,0,0.30000000000000004,0,0,0,Rotational
Popeye Jones,jonespo01,12579,22,-2,0,0,Starter
Pops Mensah-Bonsu,mensapo01,912,0.7,-0.9,0,0,Rotational
Porter Meriwether,meriwpo01,268,0.2,0,0,0,Rotational
Precious Achiuwa,achiupr01,9765,18,-0.1,0,0,Rotational
Predrag Drobnjak,drobnpr01,5542,5.7,-1.3,0,0,Rotational
Predrag Savović,savovpr01,256,-0.2,-0.2,0,0,Rotational
Press Maravich,maravpr01,0,-0.7,0,0,0,Rotational
Price Brookfield,brookpr01,0,0.2,0,0,0,Rotational
Priest Lauderdale,laudepr01,525,-0.8,-0.8,0,0,Rotational
Primož Brezec,brezepr01,6762,11.1,-2.6,0,0,Rotational
Purvis Short,shortpu01,24549,51.1,12.2,0,1,All-Star
Pétur Guðmundsson,gudmupe01,2060,2.1999999999999997,-0.8,0,0,Rotational
Quentin Grimes,grimequ01,11189,19,3.8,0,0,Starter
Quentin Richardson,richaqu01,20785,32.7,8.5,0,0,Starter
Quenton Jackson,jacksqu01,1424,2.6,0.1,0,0,Rotational
Quincy Acy,acyqu01,6797,11.1,0.10000000000000003,0,0,Rotational
Quincy Douby,doubyqu01,1835,0.1,-0.7,0,0,Rotational
Quincy Lewis,lewisqu01,1853,0.7,-1.5,0,0,Rotational
Quincy Miller,millequ01,1053,-0.2,-0.6,0,0,Rotational
Quincy Olivari,olivaqu01,10,-0.1,0,0,0,Rotational
Quincy Pondexter,pondequ01,7323,12.6,0.20000000000000004,0,0,Rotational
Quinn Buckner,bucknqu01,16245,24.7,7.800000000000001,0,1,All-Star
Quinn Cook,cookqu01,2997,4.5,-0.3,0,0,Rotational
Quinndary Weatherspoon,weathqu01,272,0.2,-0.2,0,0,Rotational
Quinten Post,postqu01,1845,3.5999999999999996,0.7,0,0,Rotational
Quintin Dailey,dailequ01,12170,12.5,0.20000000000000004,0,0,Starter
Quinton Ross,rossqu01,9020,7.6,-2.7,0,0,Rotational
Qyntel Woods,woodsqy01,2060,1.3,-0.4,0,0,Rotational
R.B. Lynam,lynamrb01,39,0,0,0,0,Rotational
R.J. Hampton,hamptrj01,4754,1.8,-1.9,0,0,Rotational
R.J. Hunter,hunterj01,395,0.4,0,0,0,Rotational
RJ Barrett,barrerj01,16378,20.2,2.4,0,0,Starter
RJ Nembhard Jr.,nembhrj01,63,0,-0.1,0,0,Rotational
Radisav Ćurčić,curcira01,166,0.3,0,0,0,Rotational
Raef LaFrentz,lafrera01,17000,45.9,12.1,0,0,Starter
Rafael Addison,addisra01,5697,4.9,-2.5,0,0,Rotational
Rafael Araújo,araujra01,1585,-0.4,-2.1,0,0,Rotational
Rafer Alston,alstora01,23260,37.7,10.9,0,0,Starter
RaiQuan Gray,grayra01,74,0.30000000000000004,0.1,0,0,Rotational
Raja Bell,bellra01,22308,36.7,4,0,0,Starter
Rajon Rondo,rondora01,32055,65.2,24.5,4,2,All-Star
Rakeem Christmas,chrisra01,225,0.5,-0.2,0,0,Rotational
Ralph Beard,beardra01,0,11.3,0,1,0,All-Star
Ralph Davis,davisra01,3202,0.39999999999999997,0,0,0,Rotational
Ralph Drollinger,drollra01,67,-0.2,-0.1,0,0,Rotational
Ralph Hamilton,hamilra01,0,-2.8,0,0,0,Rotational
Ralph Jackson,jacksra01,12,0,0,0,0,Rotational
Ralph Johnson,johnsra01,2295,8.2,0,0,0,Rotational
Ralph Kaplowitz,kaplora01,0,8.9,0,0,0,Rotational
Ralph Lewis,lewisra01,698,0,-0.3,0,0,Rotational
Ralph O'Brien,obriera01,3093,3.7,0,0,0,Rotational
Ralph Ogden,ogdenra01,162,-0.7,0,0,0,Rotational
Ralph Polson,polsora01,1620,1.6,0,0,0,Rotational
Ralph Sampson,sampsra01,15254,20.6,4.8,4,1,All-Star
Ralph Siewert,siewera01,0,-0.5,0,0,0,Rotational
Ralph Simpson,simpsra01,21925,28.6,3.2,5,0,All-Star
Ralph Wells,wellsra01,48,-0.2,0,0,0,Rotational
Ramon Sessions,sessira01,21620,38.2,6.3,0,0,Starter
Ramón Rivas,rivasra01,91,0,-0.1,0,0,Rotational
Randell Jackson,jacksra02,272,-0.1,-0.2,0,0,Rotational
Randolph Childress,childra01,560,-0.4,-0.6,0,0,Rotational
Randolph Keys,keysra01,4933,3.4,-2.4,0,0,Rotational
Randolph Morris,morrira01,438,-2.78E-17,-0.7,0,0,Rotational
Randy Allen,allenra01,789,0.2,-0.7,0,0,Rotational
Randy Breuer,breuera01,14378,23,2.2,0,0,Starter
Randy Brown,brownra02,11533,11.2,0.10000000000000014,0,0,Starter
Randy Denton,dentora01,13763,27.2,2.5,0,0,Starter
Randy Foye,foyera01,20921,23.9,3.3000000000000003,0,0,Starter
Randy Holcomb,holcora01,11,0,0,0,0,Rotational
Randy Livingston,livinra01,2684,2.4,-0.2,0,0,Rotational
Randy Mahaffey,mahafra01,11942,19.4,0,1,0,All-Star
Randy Smith,smithra01,32850,62.5,16.2,2,1,All-Star
Randy Stoll,stollra01,403,0.3,0,0,0,Rotational
Randy White,whitera01,5382,1.9,-4,0,0,Rotational
Randy Wittman,wittmra01,12714,17.900000000000002,1.6999999999999997,0,0,Starter
Randy Woods,woodsra01,1093,0.7,0.2,0,0,Rotational
Rashad McCants,mccanra01,6138,4.2,0.3999999999999999,0,0,Rotational
Rashad Vaughn,vaughra01,1883,-0.4,-1.2,0,0,Rotational
Rashard Lewis,lewisra02,35365,93.9,33.699999999999996,2,0,All-Star
Rasheed Wallace,wallara01,38633,111.3,41,4,2,Superstar
Rasheer Fleming,flemira01,673,0.8,-0.3,0,0,Rotational
Rasho Nesterović,nestera01,17983,39.9,5,0,0,Starter
Rastko Cvetković,cvetkra01,48,-0.1,-0.1,0,0,Rotational
Rasual Butler,butlera01,17989,20.8,2,0,0,Starter
Ratko Varda,vardara01,6,0,0,0,0,Rotational
Raul Neto,netora01,6765,11.5,0.8,0,0,Rotational
Rawle Alkins,alkinra01,120,-0.1,-0.2,0,0,Rotational
Rawle Marshall,marshra01,602,0.2,-0.2,0,0,Rotational
Ray Allen,allenra02,49224,154.3,61.6,10,2,Superstar
Ray Blume,blumera01,546,-0.1,-0.3,0,0,Rotational
Ray Corley,corlera01,65,0.7999999999999999,0,0,0,Rotational
Ray Ellefson,ellefra01,0,-0.1,0,0,0,Rotational
Ray Epps,eppsra01,72,0.1,0,0,0,Rotational
Ray Felix,felixra01,16069,40.4,0,1,1,All-Star
Ray Kuka,kukara01,0,3.2,0,0,0,Rotational
Ray Lumpp,lumppra01,4161,24.3,0,0,0,Starter
Ray McCallum,mccalra01,3283,2.4,-0.5,0,0,Rotational
Ray Owes,owesra01,592,0.4,-0.4,0,0,Rotational
Ray Radziszewski,radzira01,6,-0.1,0,0,0,Rotational
Ray Ragelis,ragelra01,337,-0.4,0,0,0,Rotational
Ray Ramsey,ramsera01,0,0,0,0,0,Rotational
Ray Scott,scottra01,26155,37.2,0,0,0,Starter
Ray Spalding,spaldra01,315,0.30000000000000004,-0.3,0,0,Rotational
Ray Tolbert,tolbera01,4762,5,-1.1,0,0,Rotational
Ray Wertis,wertira01,0,-2,0,0,0,Rotational
Ray Williams,willira01,19289,38.1,17.3,0,1,All-Star
RayJ Dennis,dennira01,482,-0.5,-0.4,0,0,Rotational
Rayan Rupert,ruperra01,3237,1.2,-2.7,0,0,Rotational
Rayjon Tucker,tuckera01,371,1.1,0,0,0,Rotational
Raymond Brown,brownra01,56,-0.2,-0.2,0,0,Rotational
Raymond Felton,feltora01,31566,45.6,11.8,0,0,Starter
Raymond Townsend,townsra01,2025,1,-0.7,0,0,Rotational
Raül López,lopezra01,2135,2.0999999999999996,-0.2,0,0,Rotational
Red Davis,davisre01,16,-0.1,0,0,0,Rotational
Red Dehnert,dehnere01,0,0.1,0,0,0,Rotational
Red Holzman,holzmre01,2106,1.9,0,0,0,Rotational
Red Kerr,kerrre01,27784,61.6,0,3,1,All-Star
Red Klotz,klotzhe01,0,-0.1,0,0,0,Rotational
Red Mihalik,mihalre01,0,0,0,0,0,Rotational
Red Morrison,morrire01,2216,2.2,0,0,0,Rotational
Red Owens,owensre01,1252,3.2,0,0,0,Rotational
Red Robbins,robbire01,22149,58.1,4.2,4,0,All-Star
Red Rocha,rochare01,10507,47.8,0,2,0,All-Star
Red Stroud,stroure01,33,0.2,0,0,0,Rotational
Red Wallace,wallare01,0,3.8,0,0,0,Rotational
Reece Beekman,beekmre01,938,0.2,-0.8,0,0,Rotational
Reece Gaines,gainere01,792,-0.8,-0.8,0,0,Rotational
Reed Sheppard,sheppre01,2801,6.7,2.6,0,0,Rotational
Reggie Bullock,bullore01,14773,24.7,3,0,0,Starter
Reggie Carter,cartere01,1459,0.4,-0.5,0,0,Rotational
Reggie Evans,evansre01,17864,30.9,-3.9,0,0,Starter
Reggie Geary,gearyre01,931,0.6,-0.2,0,0,Rotational
Reggie Hanson,hansore01,26,0,0,0,0,Rotational
Reggie Harding,hardire01,6369,7.300000000000001,0,0,0,Rotational
Reggie Hearn,hearnre01,7,0,0,0,0,Rotational
Reggie Jackson,jacksre01,26527,43,8.6,0,0,Starter
Reggie Johnson,johnsre01,9424,17.2,-0.4,0,0,Rotational
Reggie Jordan,jordare01,1792,3.4000000000000004,1.2000000000000002,0,0,Rotational
Reggie King,kingre01,11345,24.8,4.6,0,0,Starter
Reggie Lacefield,lacefre01,48,0.1,0,0,0,Rotational
Reggie Lewis,lewisre01,14676,38.9,12.4,1,0,All-Star
Reggie Miller,millere01,47619,174.5,66,5,2,Superstar
Reggie Perry,perryre01,585,0.6000000000000001,-0.4,0,0,Rotational
Reggie Royals,royalre01,11,0,0,0,0,Rotational
Reggie Slater,slatere01,3632,5.2,-1.9,0,0,Rotational
Reggie Smith,smithre01,384,0.4,-0.3,0,0,Rotational
Reggie Theus,theusre01,36101,68.6,18.7,2,1,All-Star
Reggie Williams,willire01,18852,29.4,9.2,0,0,Starter
Reggie Williams,willire02,3736,6.4,1,0,0,Rotational
Renaldo Balkman,balkmre01,3126,7.3,1.6,0,0,Rotational
Renaldo Major,majorre01,27,-0.1,-0.1,0,0,Rotational
Rex Chapman,chapmre01,20109,24.9,5.1,0,0,Starter
Rex Morgan,morgare01,416,0.5,0,0,0,Rotational
Rex Walters,waltere01,5447,7.7,0.10000000000000003,0,0,Rotational
Rich Dumas,dumasri01,5,-0.1,0,0,0,Rotational
Rich Eichhorst,eichhdi01,10,0,0,0,0,Rotational
Rich Johnson,johnsri01,2158,3.1,0,0,0,Rotational
Rich Jones,jonesri01,16991,24.7,1.4,2,0,All-Star
Rich Kelley,kelleri01,20895,49.1,14.1,0,0,Starter
Rich King,kingri01,309,0.2,-0.3,0,0,Rotational
Rich Laurel,laureri01,57,0,-0.1,0,0,Rotational
Rich Manning,manniri01,713,-0.4,-1.3,0,0,Rotational
Rich Niemann,niemari01,3194,7.4,0,0,0,Rotational
Rich Parks,parksri01,374,0.5,0,0,0,Rotational
Rich Peek,peekri01,759,1,0,0,0,Rotational
Rich Rinaldi,rinalri01,881,0.2,-0.1,0,0,Rotational
Rich Yonakor,yonakri01,70,0.3,0.1,0,0,Rotational
Richard Anderson,anderri01,7352,10,1.8,0,0,Rotational
Richard Coffey,cofferi01,320,0.2,-0.4,0,0,Rotational
Richard Dumas,dumasri02,2226,4.5,1,0,0,Rotational
Richard Hamilton,hamilri01,29559,62.699999999999996,13.1,3,0,All-Star
Richard Jefferson,jefferi01,36041,86.3,19.9,0,0,All-Star
Richard Morton,mortori01,11,0,0,0,0,Rotational
Richard Petruška,petruri01,92,0,-0.1,0,0,Rotational
Richard Rellford,rellfri01,42,0,0,0,0,Rotational
Richard Washington,washiri01,9686,12.8,-1.3,0,0,Rotational
Richaun Holmes,holmeri01,9915,32,4.8,0,0,Starter
Richie Frahm,frahmri01,1815,3.3,0.5,0,0,Rotational
Richie Guerin,gueriri01,29815,75.5,0,6,4,Superstar
Richie Moore,mooreri01,211,0,0,0,0,Rotational
Richie Niemiera,niemiri01,0,10.2,0,0,0,Rotational
Richie Regan,reganri01,5494,3.5,0,1,0,All-Star
Rick Adelman,adelmri01,11501,11.3,0.5,0,0,Starter
Rick Barry,barryri01,38153,128.9,24.8,12,5,Superstar
Rick Brunson,brunsri01,5399,3.9,0.19999999999999996,0,0,Rotational
Rick Calloway,callori01,678,-0.3,-0.8,0,0,Rotational
Rick Carlisle,carliri01,1461,0.5,-1,0,0,Rotational
Rick Darnell,darneri01,120,-0.1,-0.2,0,0,Rotational
Rick Fisher,fisheri01,132,0.4,0,0,0,Rotational
Rick Fox,foxri01,23723,44.8,11.8,0,0,Starter
Rick Hughes,hugheri02,224,0.1,-0.2,0,0,Rotational
Rick Mahorn,mahorri01,25779,51.6,4.5,0,0,All-Star
Rick Mount,mountri01,7139,11.6,0.20000000000000004,0,0,Rotational
Rick Roberson,roberri01,10356,14.7,-0.4,0,0,Starter
Rick Robey,robeyri01,10587,18.8,0.29999999999999993,0,0,Starter
Rick Weitzman,weitzri01,75,-0.3,0,0,0,Rotational
Rick Wilson,wilsori01,648,0.1,0,0,0,Rotational
Rickey Brown,brownri01,5535,5.4,-3.7,0,0,Rotational
Rickey Green,greenri01,24142,48.4,15.3,1,1,All-Star
Rickey Williams,williri01,346,-0.1,-0.2,0,0,Rotational
Rickie Winslow,winslri01,45,-0.2,-0.1,0,0,Rotational
Ricky Berry,berryri01,1406,2.4,0.1,0,0,Rotational
Ricky Blanton,blantri01,13,0,0,0,0,Rotational
Ricky Council IV,councri01,1539,1.6,-0.5,0,0,Rotational
Ricky Davis,davisri01,27608,37.6,8.8,0,0,Starter
Ricky Grace,graceri01,8,0,0,0,0,Rotational
Ricky Ledo,ledori01,521,-1.2,-0.8,0,0,Rotational
Ricky Marsh,marshri01,851,0.5,-0.2,0,0,Rotational
Ricky Pierce,piercri01,27082,82.7,21.3,1,0,All-Star
Ricky Rubio,rubiori01,20694,42.3,13.3,0,0,Starter
Ricky Sobers,soberri01,22992,32,4.2,0,0,Starter
Ricky Wilson,wilsori02,840,0.5,-0.1,0,0,Rotational
Rik Smits,smitsri01,23100,56.5,10.4,1,1,All-Star
Riley Minix,minixri01,123,0.4,0.2,0,0,Rotational
Riney Lochmann,lochmri01,2205,0.5,0,0,0,Rotational
Rob Dillingham,dilliro01,2456,-2.1,-2.9,0,0,Rotational
Rob Edwards,edwarro01,11,0,0,0,0,Rotational
Rob Kurz,kurzro01,442,0.7,-0.1,0,0,Rotational
Rob Lock,lockro01,110,-0.2,-0.2,0,0,Rotational
Rob Rose,rosero01,3,0,0,0,0,Rotational
Rob Williams,williro02,3367,2.1,-1,0,0,Rotational
Robbie Hummel,hummero01,1397,1.9000000000000001,-0.4,0,0,Rotational
Robert Archibald,archiro01,584,0.2,-0.4,0,0,Rotational
Robert Churchwell,churcro01,20,-0.1,0,0,0,Rotational
Robert Covington,covinro01,23102,42.7,14.700000000000001,0,0,Starter
Robert Franks,frankro01,101,0.3,0,0,0,Rotational
Robert Hahn,hahnro01,0,0.1,0,0,0,Rotational
Robert Hite,hitero01,136,-0.2,-0.1,0,0,Rotational
Robert Horry,horryro01,28464,69.5,27.7,0,0,All-Star
Robert Pack,packro01,13244,15.3,4.3,0,0,Starter
Robert Parish,parisro01,45704,147,40.6,9,5,Superstar
Robert Reid,reidro01,26311,39.9,7.5,0,0,Starter
Robert Sacre,sacrero01,2745,2.4,-1.4,0,0,Rotational
Robert Smith,smithro01,3995,7.1,0.1,0,0,Rotational
Robert Swift,swiftro01,1500,1.6,-0.7,0,0,Rotational
Robert Traylor,traylro01,6243,13.3,0.7,0,0,Rotational
Robert Werdann,werdaro01,273,0.1,-0.2,0,0,Rotational
Robert Whaley,whalero01,212,0,-0.2,0,0,Rotational
Robert Williams III,williro04,5762,28.4,9.7,0,0,Starter
Robert Woodard II,woodaro01,87,-0.1,-0.1,0,0,Rotational
Robin Jones,jonesro01,1131,2.2,0.5,0,0,Rotational
Robin Lopez,lopezro01,20937,49.4,4.6,0,0,Starter
Rocco Zikarsky,zikarro01,36,0.2,0,0,0,Rotational
Rock Lee,leero02,10,0,0,0,0,Rotational
Rod Derline,derliro01,1005,0.8,-0.3,0,0,Rotational
Rod Foster,fostero01,3446,2.2,-1.1,0,0,Rotational
Rod Freeman,freemro01,265,0,-0.2,0,0,Rotational
Rod Higgins,higgiro01,17521,37.9,8.7,0,0,Starter
Rod Knowles,knowlro01,43,-0.1,0,0,0,Rotational
Rod McDonald,mcdonro01,579,1.2,0,0,0,Rotational
Rod Strickland,stricro02,38342,93.60000000000001,39,0,1,All-Star
Rod Thorn,thornro01,12115,19.5,0,0,0,Starter
Rodions Kurucs,kurucro01,2228,2.1,-0.5,0,0,Rotational
Rodney Buford,buforro01,4182,2.8000000000000003,-1.9,0,0,Rotational
Rodney Carney,carnero01,4936,6.5,0.3,0,0,Rotational
Rodney Hood,hoodro01,16137,23.1,1.7,0,0,Starter
Rodney McCray,mccraro01,24876,55.9,19.2,0,0,All-Star
Rodney McGruder,mcgruro01,6158,9,0.1,0,0,Rotational
Rodney Monroe,monroro01,313,-0.2,-0.3,0,0,Rotational
Rodney Purvis,purviro01,290,-0.3,-0.5,0,0,Rotational
Rodney Rogers,rogerro01,25120,44.5,10.700000000000001,0,0,Starter
Rodney Stuckey,stuckro01,17890,28.6,5.1000000000000005,0,0,Starter
Rodney White,whitero02,4031,2.2,8.326672684688674e-17,0,0,Rotational
Rodrick Rhodes,rhodero01,1390,-2.4,-1.7,0,0,Rotational
Rodrigue Beaubois,beaubro01,2896,4.8,1.4,0,0,Rotational
Roger Brown,brownro01,22726,67,3.2,4,0,All-Star
Roger Brown,brownro02,3668,2.8,-0.5,1,0,All-Star
Roger Burkman,burkmro01,30,0.1,0.1,0,0,Rotational
Roger Jorgensen,jorgero01,0,0.1,0,0,0,Rotational
Roger Mason,masonro01,9475,12.9,1.5,0,0,Rotational
Roger Phegley,pheglro01,8585,12.600000000000001,-2.78E-17,0,0,Rotational
Roger Powell,powelro01,13,-0.1,-0.1,0,0,Rotational
Roger Schurig,schurro01,252,0.3,0,0,0,Rotational
Roger Strickland,stricro01,4,0,0,0,0,Rotational
Roko Ukić,ukicro01,987,-0.2,-0.6,0,0,Rotational
Roland West,westro01,14,0,0,0,0,Rotational
Rolando Blackman,blackro01,32087,75.8,19.6,4,1,All-Star
Rolando Ferreira,ferrero01,34,-0.2,-0.2,0,0,Rotational
Rollen Hans,hansro01,1734,0.6,0,0,0,Rotational
Rollie Seltz,seltzro01,0,1.8,0,0,0,Rotational
Romeo Langford,langfro01,3039,3.3000000000000003,-0.7,0,0,Rotational
Ron Anderson,anderro01,17144,27.8,3.3000000000000003,0,0,Starter
Ron Baker,bakerro01,1546,0.19999999999999998,-0.8,0,0,Rotational
Ron Behagen,behagro01,11031,15.600000000000001,-0.6,0,0,Starter
Ron Bonham,bonharo01,1107,2.7,0,0,0,Rotational
Ron Boone,boonero01,40220,71.6,7.5,4,0,All-Star
Ron Brewer,brewero01,20515,24.9,2.3,0,0,Starter
Ron Carter,cartero01,449,-0.1,-0.5,0,0,Rotational
Ron Cavenall,cavenro01,669,-0.2,-0.6,0,0,Rotational
Ron Crevier,creviro01,8,-0.1,0,0,0,Rotational
Ron Davis,davisro01,951,0.1,-0.6,0,0,Rotational
Ron Dorsey,dorsero01,12,-0.1,0,0,0,Rotational
Ron Feiereisel,feierro01,59,0,0,0,0,Rotational
Ron Filipek,filipro01,73,0,0,0,0,Rotational
Ron Franz,franzro01,10826,20.3,0,0,0,Starter
Ron Grandison,grandro01,1183,1.5,0,0,0,Rotational
Ron Harper,harpero01,32566,69.8,32.7,0,0,All-Star
Ron Harper Jr.,harpero02,387,1,0.3,0,0,Rotational
Ron Holland,hollaro01,2817,4.6,-0.3,0,0,Rotational
Ron Horn,hornro01,320,-0.2,0,0,0,Rotational
Ron Johnson,johnsro01,206,-0.2,0,0,0,Rotational
Ron King,kingro01,126,0.2,0,0,0,Rotational
Ron Knight,knighro01,1145,0.1,0,0,0,Rotational
Ron Kozlicki,kozliro01,354,-0.1,0,0,0,Rotational
Ron Lee,leero01,12099,11.799999999999999,3.8,0,0,Starter
Ron Livingstone,livinro01,0,3.7,0,0,0,Rotational
Ron Mercer,mercero01,17511,10.1,-4,0,0,Starter
Ron Moore,moorero01,118,-0.2,-0.4,0,0,Rotational
Ron Nelson,nelsoro01,490,0.3,0,0,0,Rotational
Ron Perry,perryro01,7939,7.800000000000001,0,0,0,Rotational
Ron Reed,reedro01,2245,-1,0,0,0,Rotational
Ron Riley,rileyro01,5443,2.6,-0.4,0,0,Rotational
Ron Rowan,rowanro01,16,0,0,0,0,Rotational
Ron Sanford,sanforo01,2,0,0,0,0,Rotational
Ron Shavlik,shavlro01,74,-0.3,0,0,0,Rotational
Ron Sobie,sobiero01,4102,7.300000000000001,0,0,0,Rotational
Ron Taylor,tayloro01,1828,3.3,0,0,0,Rotational
Ron Thomas,thomaro01,3292,7.3,1.2,0,0,Rotational
Ron Watts,wattsro01,92,-0.1,0,0,0,Rotational
Ron Widby,widbyro01,137,0,0,0,0,Rotational
Ron Williams,williro01,11478,23.5,-0.1,0,0,Starter
Ronald Dupree,duprero01,1779,2,-0.7,0,0,Rotational
Ronald Murray,murraro01,15798,11.1,-1.2,0,0,Starter
Rondae Hollis-Jefferson,holliro01,6759,12.799999999999999,2.2,0,0,Rotational
Ronnie Brewer,brewero02,14294,35.2,12.5,0,0,Starter
Ronnie Lester,lestero01,4959,6.3,0.8,0,0,Rotational
Ronnie MacGilvray,macgiro01,57,-0.1,0,0,0,Rotational
Ronnie Murphy,murphro01,89,-0.2,-0.2,0,0,Rotational
Ronnie Price,pricero01,7293,3.8000000000000003,-1.6,0,0,Rotational
Ronnie Robinson,robinro01,2442,1.5,-1.2,0,0,Rotational
Ronnie Valentine,valenro01,123,-0.3,-0.2,0,0,Rotational
Ronny Turiaf,turiaro01,8299,20.1,5,0,0,Starter
Rony Seikaly,seikaro01,23031,40,0.6000000000000003,0,0,Starter
Rory Sparrow,sparrro01,26511,32.4,2.7,0,0,Starter
Rory White,whitero01,5782,6.9,-0.9,0,0,Rotational
Roshown McLeod,mcleoro01,3052,0.7,-1.5,0,0,Rotational
Rowland Garrett,garrero01,4043,7.2,-5.55E-17,0,0,Rotational
Roy Ebron,ebronro01,529,1.3,0.2,0,0,Rotational
Roy Hamilton,hamilro01,1121,-0.4,-0.6,0,0,Rotational
Roy Hibbert,hibbero01,17071,37.5,3.5,2,0,All-Star
Roy Hinson,hinsoro01,18135,34.6,3.9,0,0,Starter
Roy Hurley,hurlero01,0,-1.4,0,0,0,Rotational
Roy Marble,marblro01,194,-0.5,-0.3,0,0,Rotational
Roy McPipe,mcpipro01,44,-0.2,-0.1,0,0,Rotational
Roy Pugh,pughro01,0,-0.4,0,0,0,Rotational
Roy Rogers,rogerro02,2415,1.5999999999999999,-1.2,0,0,Rotational
Roy Tarpley,tarplro01,7476,19.8,3.3,0,0,Rotational
Royal Ivey,iveyro01,6488,5.2,-2.4,0,0,Rotational
Royce O'Neale,onealro01,19884,38.3,11,0,0,Starter
Royce White,whitero03,9,0,0,0,0,Rotational
Ruben Boumtje-Boumtje,boumtru01,276,0.2,-0.2,0,0,Rotational
Ruben Nembhard,nembhru01,226,0.4,0.2,0,0,Rotational
Ruben Patterson,patteru01,17747,37.3,11.6,0,0,Starter
Rubin Russell,russeru01,538,-0.6,0,0,0,Rotational
Rubén Garcés,garceru01,146,0,-0.1,0,0,Rotational
Rubén Wolkowyski,wolkoru01,329,-0.1,-0.3,0,0,Rotational
Rudy Fernández,fernaru01,5965,14.1,5.6,0,0,Rotational
Rudy Gay,gayru01,39779,69.7,26.9,0,0,All-Star
Rudy Gobert,goberru01,27810,124.8,35.8,3,2,Superstar
Rudy Hackett,hackeru01,506,0.4,-0.2,0,0,Rotational
Rudy LaRusso,larusru01,24487,61.4,0,5,0,All-Star
Rudy Macklin,macklru01,2752,3.3,-1.1,0,0,Rotational
Rudy Tomjanovich,tomjaru01,25714,70.5,13.2,5,2,All-Star
Rudy White,whiteru01,1393,0.20000000000000004,-0.6,0,0,Rotational
Rui Hachimura,hachiru01,12738,20.5,0,0,0,Starter
Rumeal Robinson,robinru01,7002,5,0.2,0,0,Rotational
Russ Critchfield,critcru01,439,0.1,0,0,0,Rotational
Russ Lee,leeru01,582,0.5,0,0,0,Rotational
Russ Schoene,schoeru01,4770,6.3,-1.7,0,0,Rotational
Russ Smith,smithru01,196,-0.3,-0.2,0,0,Rotational
Russell Cross,crossru01,354,0.8,0.1,0,0,Rotational
Russell Westbrook,westbru01,45152,114.5,60.4,9,8,Superstar
Rusty LaRue,larueru01,1565,0.5,-0.7,0,0,Rotational
Ryan Anderson,anderry01,17091,46.7,12.5,0,0,Starter
Ryan Arcidiacono,arcidry01,4110,6,-1.1,0,0,Rotational
Ryan Bowen,bowenry01,6502,12.6,2.2,0,0,Rotational
Ryan Broekhoff,broekry01,633,1.2000000000000002,0.2,0,0,Rotational
Ryan Dunn,dunnry01,2765,3.6,-0.3,0,0,Rotational
Ryan Gomes,gomesry01,13463,19.3,1.4,0,0,Starter
Ryan Hollins,holliry01,7560,12.6,-4.2,0,0,Rotational
Ryan Humphrey,humphry01,1216,-0.9,-2,0,0,Rotational
Ryan Kalkbrenner,kalkbry01,1479,5.7,1.4,0,0,Rotational
Ryan Kelly,kellyry01,3125,3.1,-0.4,0,0,Rotational
Ryan Lorthridge,lorthry01,672,0.4,-0.1,0,0,Rotational
Ryan Nembhard,nembhry01,1171,0.8,-0.6,0,0,Rotational
Ryan Reid,reidry01,17,0.1,0,0,0,Rotational
Ryan Robertson,roberry01,25,0,0,0,0,Rotational
Ryan Rollins,rolliry01,3414,5.3,1.7,0,0,Rotational
Ryan Stack,stackry01,397,0.30000000000000004,-0.5,0,0,Rotational
Saben Lee,leesa01,2316,4.2,0.2,0,0,Rotational
Saddiq Bey,beysa01,13179,24,5.2,0,0,Starter
Salah Mejri,mejrisa01,2430,8.1,1.3,0,0,Rotational
Salim Stoudamire,stoudsa01,2672,2.3,-0.6,0,0,Rotational
Sam Bowie,bowiesa01,14098,26.8,6,0,0,Starter
Sam Cash,cashsa01,52,-0.1,0,0,0,Rotational
Sam Cassell,cassesa01,32999,94.3,31.5,1,1,All-Star
Sam Dekker,dekkesa01,3885,6.4,0.5,0,0,Rotational
Sam Hauser,hausesa01,6664,18.3,5,0,0,Rotational
Sam Jacobson,jacobsa01,1433,2,-0.6,0,0,Rotational
Sam Jones,jonessa01,24285,92.4,0,5,3,Superstar
Sam Lacey,laceysa01,32543,51.3,25.8,1,1,All-Star
Sam Mack,macksa01,6111,10.1,1.3,0,0,Rotational
Sam Merrill,merrisa01,4197,10.5,2.2,0,0,Rotational
Sam Mitchell,mitchsa01,22257,41.699999999999996,-3,0,0,Starter
Sam Pellom,pellosa01,2940,4.7,0.1,0,0,Rotational
Sam Perkins,perkisa01,38949,112.3,31.1,0,0,Superstar
Sam Ranzino,ranzisa01,234,0.2,0,0,0,Rotational
Sam Robinson,robinsa01,2858,1.8,0,0,0,Rotational
Sam Sibert,sibersa01,26,-0.1,0,0,0,Rotational
Sam Smith,smithsa01,6605,9.7,0,0,0,Rotational
Sam Smith,smithsa02,621,1,0.2,0,0,Rotational
Sam Stith,stithsa01,440,-0.1,0,0,0,Rotational
Sam Vincent,vincesa01,9028,14.1,3,0,0,Rotational
Sam Watts,wattssa01,650,0,0,0,0,Rotational
Sam Williams,willisa01,672,-0.4,0,0,0,Rotational
Sam Williams,willisa02,5962,11.600000000000001,2,0,0,Rotational
Sam Worthen,worthsa01,967,0.7,0,0,0,Rotational
Sam Young,youngsa01,4341,5.3999999999999995,0,0,0,Rotational
Samaki Walker,walkesa01,7612,14.4,-1.3,0,0,Rotational
Samardo Samuels,samuesa01,1722,0.6,-1.6,0,0,Rotational
Sammy Little,littlsa01,11,0,0,0,0,Rotational
Samuel Dalembert,dalemsa01,21646,51.4,4.7,0,0,All-Star
Sandro Mamukelashvili,mamuksa01,4610,12.200000000000001,3,0,0,Rotational
Santi Aldama,aldamsa01,6518,14.6,4.800000000000001,0,0,Rotational
Sasha Danilović,danilsa01,4120,7.1,1.3,0,0,Rotational
Sasha Kaun,kaunsa01,95,0.2,0,0,0,Rotational
Sasha Pavlović,pavloal01,9250,7.1,-3.1,0,0,Rotational
Sasha Vezenkov,vezenal01,511,1,0.1,0,0,Rotational
Sasha Vujačić,vujacsa01,10556,18,2.5,0,0,Starter
Saul Mariaschin,mariasa01,0,1.1,0,0,0,Rotational
Scoot Henderson,hendesc01,4272,1.1,-1.8,0,0,Rotational
Scooter McCray,mccrasc01,892,0.4,-0.1,0,0,Rotational
Scot Pollard,pollasc01,8372,26.5,2.9,0,0,Starter
Scott Brooks,brooksc01,10045,25.2,7.2,0,0,Starter
Scott Burrell,burresc01,8531,17.2,5.4,0,0,Rotational
Scott English,englisc01,1560,0.8,-0.2,0,0,Rotational
Scott Haffner,haffnsc01,609,-0.2,-0.4,0,0,Rotational
Scott Haskin,haskisc01,186,0.3,0,0,0,Rotational
Scott Hastings,hastisc01,6125,9.7,-1.3,0,0,Rotational
Scott Lloyd,lloydsc01,6812,2.5,-4.3,0,0,Rotational
Scott Machado,machasc01,40,0,0,0,0,Rotational
Scott May,maysc01,8029,17.3,2.6,0,0,Rotational
Scott Meents,meentsc01,201,0.1,0,0,0,Rotational
Scott Padgett,padgesc01,5844,13.2,2,0,0,Rotational
Scott Roth,rothsc01,2334,1.2,-1.1,0,0,Rotational
Scott Sims,simssc01,95,-0.2,-0.1,0,0,Rotational
Scott Skiles,skilesc01,16789,30.6,6.6000000000000005,0,0,Starter
Scott Wedman,wedmasc01,27720,55.9,10.4,2,0,All-Star
Scott Williams,willisc01,12793,27.6,-2.1,0,0,Starter
Scottie Barnes,barnesc01,12204,27.2,13,2,0,All-Star
Scottie Lewis,lewissc01,7,0,0,0,0,Rotational
Scottie Pippen,pippesc01,41069,125.1,63.2,7,6,Superstar
Scotty Hopson,hopsosc01,33,-0.1,0,0,0,Rotational
Scotty Pippen Jr.,pippesc02,2454,5.8,2.1,0,0,Rotational
Sean Colson,colsose01,88,-0.2,-0.2,0,0,Rotational
Sean Elliott,elliose01,24502,55.6,13.5,2,0,All-Star
Sean Green,greense01,1005,-2.3,-1.3,0,0,Rotational
Sean Higgins,higgise01,3950,0.9,-2.4,0,0,Rotational
Sean Kilpatrick,kilpase01,4338,3.6999999999999997,-0.3,0,0,Rotational
Sean Lampley,lamplse01,550,1.1,0.1,0,0,Rotational
Sean Marks,marksse01,2275,2.6999999999999997,-1.6,0,0,Rotational
Sean May,mayse01,1868,2.6,0.19999999999999996,0,0,Rotational
Sean McDermott,mcderse01,158,0.2,-0.1,0,0,Rotational
Sean Pedulla,pedulse01,31,0,-0.1,0,0,Rotational
Sean Rooks,rooksse01,15272,18.3,-4,0,0,Starter
Sean Singletary,singlse01,606,0.1,-0.5,0,0,Rotational
Sean Williams,willise01,2085,3.4,-0.5,0,0,Rotational
Sebastian Telfair,telfase01,13788,6,-4.5,0,0,Starter
Sedale Threatt,threase01,24937,53.3,11.7,0,0,All-Star
Sedric Toney,toneyse01,2608,0,-1.9,0,0,Rotational
Sekou Doumbouya,doumbse01,1639,-0.4,-1.8,0,0,Rotational
Semaj Christon,chrisse01,973,0.1,-0.8,0,0,Rotational
Semi Ojeleye,ojelese01,4517,5.5,-1.9,0,0,Rotational
Semih Erden,erdense01,1523,3.1999999999999997,-0.4,0,0,Rotational
Serge Ibaka,ibakase01,28425,80.1,17,0,0,All-Star
Sergei Bazarevich,bazarse01,74,0.2,0,0,0,Rotational
Sergei Monia,moniase01,686,-0.4,-0.6,0,0,Rotational
Sergey Karasev,karasse01,1110,0.9,-0.5,0,0,Rotational
Sergio Rodríguez,rodrise01,6329,5.5,0.2,0,0,Rotational
Seth Curry,curryse01,15276,30.099999999999998,5.6,0,0,Starter
Seth Lundy,lundyse01,52,-0.1,-0.1,0,0,Rotational
Shabazz Muhammad,muhamsh01,5190,9.1,-0.1,0,0,Rotational
Shabazz Napier,napiesh01,7330,9.8,2.2,0,0,Rotational
Shaedon Sharpe,sharpsh01,6561,6,-0.2,0,0,Rotational
Shai Gilgeous-Alexander,gilgesh01,17550,75.39999999999999,36.9,4,3,Superstar
Shake Milton,miltosh01,8116,13.7,-0.6,0,0,Rotational
Shaler Halimon,halimsh01,5300,0.19999999999999998,0,0,0,Rotational
Shammond Williams,willish01,7995,13,2.1,0,0,Rotational
Shamorie Ponds,pondssh01,11,0.1,0,0,0,Rotational
Shandon Anderson,andersh01,17117,25.7,3.1,0,0,Starter
Shane Battier,battish01,32379,80.8,30.1,0,0,All-Star
Shane Edwards,edwarsh01,12,0,0,0,0,Rotational
Shane Heal,healsh01,308,-0.4,-0.3,0,0,Rotational
Shane Larkin,larkish01,4880,4.3999999999999995,-0.5,0,0,Rotational
Shannon Brown,brownsh01,8297,9.3,0.5,0,0,Rotational
Shaq Buchanan,buchash01,10,0,0,0,0,Rotational
Shaquille Harrison,harrish01,3113,4.4,0.6,0,0,Rotational
Shaquille O'Neal,onealsh01,43666,184.5,75.8,15,14,Superstar
Shareef Abdur-Rahim,abdursh01,31566,79.2,24.3,1,0,All-Star
Sharife Cooper,coopesh01,739,0.39999999999999997,-0.4,0,0,Rotational
Sharone Wright,wrighsh01,5965,2.7,-4,0,0,Rotational
Sharrod Ford,fordsh02,13,0,0,0,0,Rotational
Shaun Livingston,livinsh01,19670,34.1,4.8,0,0,Starter
Shavlik Randolph,randosh01,1381,2.3,-0.6,0,0,Rotational
Shawn Bradley,bradlsh01,24148,46.8,9.5,0,0,Starter
Shawn Kemp,kempsh01,29293,89.39999999999999,19.5,6,4,Superstar
Shawn Long,longsh01,234,0.9,0.2,0,0,Rotational
Shawn Marion,mariosh01,44882,137.6,52.1,4,2,Superstar
Shawn Respert,respesh01,3756,3.6,-0.5,0,0,Rotational
Shawne Williams,willish03,6455,8.7,-0.4,0,0,Rotational
Shawnelle Scott,scottsh01,634,1.3,-0.3,0,0,Rotational
Shayne Whittington,whittsh01,149,0.4,0,0,0,Rotational
Shea Seals,sealssh01,9,-0.1,0,0,0,Rotational
Shelden Williams,willish02,7785,13.6,-2.2,0,0,Rotational
Sheldon Mac,mcclesh01,287,0.5,0,0,0,Rotational
Shellie McMillon,mcmilsh01,6202,9.8,0,0,0,Rotational
Shelton Jones,jonessh01,1364,0.7,-0.4,0,0,Rotational
Shelvin Mack,macksh01,11112,13,-0.1,0,0,Starter
Sherell Ford,fordsh01,139,0.4,-0.1,0,0,Rotational
Sherman Douglas,douglsh01,24235,37.1,9.8,0,0,Starter
Sherron Collins,collish01,66,-0.2,-0.1,0,0,Rotational
Sherwin Raiken,raikesh01,63,-0.3,0,0,0,Rotational
Si Green,greensi01,16629,12.5,0,0,0,Starter
Sid Catlett,catlesi01,40,-0.2,0,0,0,Rotational
Sid Tanenbaum,tanensi01,0,3.3000000000000003,0,0,0,Rotational
Sidney Green,greensi02,13576,17.9,-4,0,0,Starter
Sidney Lowe,lowesi01,3612,4.3,0.4,0,0,Rotational
Sidney Moncrief,moncrsi01,23150,90.4,33.3,5,5,Superstar
Sidney Wicks,wickssi01,25762,42.4,8.3,4,3,Superstar
Sidy Cissoko,cissosi01,1804,1.3,-0.9,0,0,Rotational
Sim Bhullar,bhullsi01,3,0,0,0,0,Rotational
Simmie Hill,hillsi01,7338,7.9,-0.1,0,0,Rotational
Simone Fontecchio,fontesi01,6464,8.3,0.6,0,0,Rotational
Sindarius Thornwell,thornsi01,1938,1.1,-0.7,0,0,Rotational
Sion James,jamessi01,1843,3.1,0,0,0,Rotational
Skal Labissière,labissk01,2821,4.8,-0.1,0,0,Rotational
Skeeter Henry,henrysk01,15,0,0,0,0,Rotational
Skeeter Swift,swiftsk01,8973,16.5,-0.2,0,0,Rotational
Skip Harlicka,harlisk01,218,0.5,0,0,0,Rotational
Skip Thoren,thoresk01,4868,13,0,1,0,All-Star
Skip Wise,wisesk01,10,0,0,0,0,Rotational
Skippy Whitaker,whitask01,15,-0.1,0,0,0,Rotational
Skylar Mays,mayssk01,1544,2.6,0.4,0,0,Rotational
Slater Martin,martisl01,24290,49.9,0,7,0,All-Star
Slavko Vraneš,vranesl01,3,0,0,0,0,Rotational
Sleepy Floyd,floydsl01,30145,57.2,18.3,1,0,All-Star
Slick Leonard,leonasl01,11632,3.9,0,0,0,Starter
Slick Watts,wattssl01,13097,14.8,7.3,0,0,Starter
Sly Williams,willisl01,6617,13.2,4.4,0,0,Rotational
Smokey Gaines,gaineda01,36,-0.1,0,0,0,Rotational
Smush Parker,parkesm01,7805,6.699999999999999,-0.1,0,0,Rotational
Solomon Alabi,alabiso01,181,0,-0.1,0,0,Rotational
Solomon Hill,hillso01,10740,13.3,-0.1,0,0,Starter
Solomon Jones,jonesso01,3384,5.2,-1.8,0,0,Rotational
Sonny Dove,doveso01,4971,7.2,0,0,0,Rotational
Sonny Hertzberg,hertzso01,0,12.3,0,0,0,Rotational
Sonny Parker,parkeso01,10916,26.9,10.5,0,0,Starter
Sonny Weems,weemsso01,3834,-0.5,-2.5,0,0,Rotational
Soumaila Samake,samakso01,303,0.30000000000000004,-0.1,0,0,Rotational
Speedy Claxton,claxtsp01,10414,17.9,4.6,0,0,Starter
Spencer Dinwiddie,dinwisp01,24076,50.1,11.1,0,0,All-Star
Spencer Hawes,hawessp01,18808,28.8,5.4,0,0,Starter
Spencer Haywood,haywosp01,31769,82.9,8.3,5,4,Superstar
Spencer Jones,jonessp01,1542,2.5,-0.3,0,0,Rotational
Spider Bennett,bennesp01,1986,1.1,0,0,0,Rotational
Spud Webb,webbsp01,21750,43.2,12.1,0,0,Starter
Stacey Arceneaux,arcenst01,110,-0.1,0,0,0,Rotational
Stacey Augmon,augmost01,22600,45.3,10,0,0,Starter
Stacey King,kingst01,8562,11.7,-3.2,0,0,Rotational
Stan Brown,brownst01,141,0.19999999999999998,0,0,0,Rotational
Stan Kimbrough,kimbrst01,65,0.1,0,0,0,Rotational
Stan Love,lovest01,3515,5.6,-0.3,0,0,Rotational
Stan McKenzie,mckenst01,7773,14.799999999999999,-0.1,0,0,Rotational
Stan Miasek,miasest01,5342,33.4,0,0,0,Starter
Stan Noszka,noszkst01,0,2,0,0,0,Rotational
Stan Patrick,patrist01,0,3.2,0,0,0,Rotational
Stan Pietkiewicz,pietkst01,1531,2.2,0.6,0,0,Rotational
Stan Stutz,stutzst01,0,6.7,0,0,0,Rotational
Stan Washington,washist01,4,0,0,0,0,Rotational
Stanislav Medvedenko,medvest01,3340,6,-1.6,0,0,Rotational
Stanley Brundy,brundst01,128,0.2,0,0,0,Rotational
Stanley Jackson,jacksst01,92,0.2,0.1,0,0,Rotational
Stanley Johnson,johnsst04,10087,7.4,-1.5,0,0,Starter
Stanley Roberts,roberst01,5869,8.1,-2,0,0,Rotational
Stanley Umude,umudest01,402,0.3,-0.1,0,0,Rotational
Stanton Kidd,kiddst01,15,-0.1,-0.1,0,0,Rotational
Stefano Rusconi,ruscost01,30,-0.1,-0.1,0,0,Rotational
Steffond Johnson,johnsst02,234,-0.2,-0.5,0,0,Rotational
Stephen Curry,curryst01,36304,147.4,77.4,12,11,Superstar
Stephen Graham,grahast01,3090,1.7000000000000002,-2.1,0,0,Rotational
Stephen Howard,howarst01,1202,2.9,-0.2,0,0,Rotational
Stephen Jackson,jacksst02,34218,45.7,13.8,0,1,All-Star
Stephen Thompson,thompst01,182,-0.1,0,0,0,Rotational
Stephen Zimmerman,zimmest01,108,0,-0.2,0,0,Rotational
Stephon Castle,castlst01,4200,6.9,1.4,0,0,Rotational
Stephon Marbury,marbust01,37040,91.89999999999999,37.199999999999996,2,0,All-Star
Sterling Brown,brownst02,4458,6.5,-0.1,0,0,Rotational
Steve Alford,alforst01,2547,4.6,0.3,0,0,Rotational
Steve Bardo,bardost01,299,-0.1,-0.1,0,0,Rotational
Steve Blake,blakest01,26705,36.3,5.5,0,0,Starter
Steve Bracey,bracest01,2853,3.9000000000000004,-0.2,0,0,Rotational
Steve Bucknall,bucknst01,75,-0.3,-0.2,0,0,Rotational
Steve Burtt,burttst01,1121,0,-0.9,0,0,Rotational
Steve Chubin,chubist01,8751,18.3,0,0,0,Rotational
Steve Colter,coltest01,12405,21.6,5.7,0,0,Starter
Steve Courtin,courtst01,317,0.2,0,0,0,Rotational
Steve Downing,downist01,146,-0.2,-0.2,0,0,Rotational
Steve Francis,francst01,24025,57.7,23.8,3,0,All-Star
Steve Goodrich,goodrst01,183,-0.2,-0.3,0,0,Rotational
Steve Green,greenst01,3768,4.6000000000000005,-0.9,0,0,Rotational
Steve Hamer,hamerst01,268,0.2,-0.3,0,0,Rotational
Steve Hamilton,hamilst01,1094,1,0,0,0,Rotational
Steve Harris,harrist01,3924,4.4,-0.4,0,0,Rotational
Steve Hawes,hawesst01,18658,41.4,10.2,0,0,Starter
Steve Hayes,hayesst01,2783,3.9000000000000004,-0.9,0,0,Rotational
Steve Henson,hensost01,2282,3.6,0.1,0,0,Rotational
Steve Johnson,johnsst03,15364,29.200000000000003,0.7,1,1,All-Star
Steve Jones,jonesst01,25249,42.5,-2.9,3,0,All-Star
Steve Kerr,kerrst01,16688,47.7,11.700000000000001,0,0,Starter
Steve Kramer,kramest01,2288,4.2,0,0,0,Rotational
Steve Kuberski,kuberst01,8864,13.7,-0.3,0,0,Rotational
Steve Lingenfelter,lingest01,67,0,0,0,0,Rotational
Steve Malovic,malovst01,890,0.6,-0.4,0,0,Rotational
Steve Mix,mixst01,19640,60.1,17.8,1,1,All-Star
Steve Nash,nashst01,38069,130,48.2,8,8,Superstar
Steve Novak,novakst01,6113,15.9,4.3,0,0,Rotational
Steve Patterson,pattest01,6500,5.7,1,0,0,Rotational
Steve Previs,previst01,147,-0.1,0,0,0,Rotational
Steve Scheffler,schefst01,979,3.3,-0.1,0,0,Rotational
Steve Sheppard,sheppst01,1256,1.1,-0.3,0,0,Rotational
Steve Smith,smithst01,32270,93.3,27,1,2,All-Star
Steve Stipanovich,stipast01,12591,30.400000000000002,8.4,0,0,Starter
Steve Vacendak,vacenst01,2008,1.4000000000000004,0,0,0,Rotational
Steve Wilson,wilsost01,297,-0.2,0,0,0,Rotational
Steven Adams,adamsst01,20468,63.9,12.8,0,0,All-Star
Steven Hill,hillst01,2,0,0,0,0,Rotational
Steven Hunter,huntest01,5993,10.6,-0.5,0,0,Rotational
Steven Smith,smithst03,28,-0.1,-0.1,0,0,Rotational
Stevin Smith,smithst02,60,-0.1,-0.1,0,0,Rotational
Stew Johnson,johnsst01,27856,15.4,-0.7,3,0,All-Star
Stewart Granger,grangst01,996,-0.1,-0.8,0,0,Rotational
Stojko Vranković,vrankst01,2050,1.3,-1.1,0,0,Rotational
Stromile Swift,swiftst01,11833,22.7,0.4999999999999999,0,0,Starter
Stu Lantz,lantzst01,17050,34.3,-0.4,0,0,Starter
Stuart Gray,grayst01,4017,3.9000000000000004,-2.2,0,0,Rotational
Stéphane Lasme,lasmest01,606,0.6,-0.4,0,0,Rotational
Sun Yue,yuesu01,28,-0.1,-0.1,0,0,Rotational
Sundiata Gaines,gainesu01,1612,1.3,0.6,0,0,Rotational
Svi Mykhailiuk,mykhasv01,8774,6.2,-0.9,0,0,Rotational
Swede Halbrook,halbrsw01,2039,0.3,0,0,0,Rotational
Swen Nater,natersw01,24911,70.2,15,2,0,All-Star
Sylvester Gray,graysy01,1220,0.7,-0.2,0,0,Rotational
Sylvester Norris,norrisy01,189,-0.2,-0.3,0,0,Rotational
T.J. Ford,fordtj01,11882,16.9,4.7,0,0,Starter
T.J. Leaf,leaftj01,1238,2.7,0.1,0,0,Rotational
T.J. McConnell,mccontj01,15884,34.6,9.8,0,0,Starter
T.J. Warren,warretj01,11052,22,4.1,0,0,Starter
T.R. Dunn,dunntr01,23080,39.9,11.3,0,0,Starter
Tacko Fall,fallta01,228,0.8,0.2,0,0,Rotational
Taelon Peter,peterta01,492,0,-0.3,0,0,Rotational
Tahjere McCall,mccalta01,8,0,0,0,0,Rotational
Taj Gibson,gibsota01,25359,65,6.4,0,0,All-Star
Tal Skinner,skinnta01,2798,3.4,0.1,0,0,Rotational
Talen Horton-Tucker,hortota01,5942,6,0.10000000000000003,0,0,Rotational
Tamar Slay,slayta01,517,-0.3,-0.5,0,0,Rotational
Tang Hamilton,hamilta01,98,0.2,0,0,0,Rotational
Tarence Kinsey,kinseta01,1340,1.5,-0.1,0,0,Rotational
Tari Eason,easonta01,5216,11.8,2.7,0,0,Rotational
Tarik Black,blackta01,4515,10.8,-0.6,0,0,Rotational
Tariq Abdul-Wahad,abdulta01,6826,5.5,-1.1,0,0,Rotational
Tariq Owens,owensta01,15,0,0,0,0,Rotational
Tate Armstrong,armstta01,975,0.30000000000000004,-0.3,0,0,Rotational
Tate George,georgta01,2019,1.4,-0.7,0,0,Rotational
Taurean Green,greenta01,148,-0.2,-0.2,0,0,Rotational
Taurean Prince,princta02,15918,16.6,-0.4,0,0,Starter
Taylor Griffin,griffta01,32,0,-0.1,0,0,Rotational
Taylor Hendricks,hendrta01,3167,3.5,-0.1,0,0,Rotational
Tayshaun Prince,princta01,35604,69.1,19.1,0,0,All-Star
Taze Moore,mooreta02,60,-0.1,0,0,0,Rotational
Ted Luckenbill,luckete01,597,0.30000000000000004,0,0,0,Rotational
Ted Manakas,manakte01,45,0,0,0,0,Rotational
Ted McClain,mcclate01,15630,24,5,1,0,All-Star
Tellis Frank,frankte01,4703,4.1000000000000005,-2.5,0,0,Rotational
Terance Mann,mannte01,12044,26.3,2.2,0,0,Starter
Terence Davis,daviste02,4742,6.2,1.3,0,0,Rotational
Terence Morris,morrite01,1934,1,-0.4,0,0,Rotational
Terence Stansbury,stanste01,2984,2.4,-1.2,0,0,Rotational
Terquavion Smith,smithte01,84,0.1,0.1,0,0,Rotational
Terrance Ferguson,fergute01,4000,4.3999999999999995,-2.2,0,0,Rotational
Terrance Roberson,roberte01,13,-0.1,-0.1,0,0,Rotational
Terrel Harris,harrite01,592,-1.1,-1.1,0,0,Rotational
Terrell Brandon,brandte01,22762,69.1,31.7,2,1,All-Star
Terrence Jones,joneste01,6832,17,4.2,0,0,Rotational
Terrence Rencher,renchte01,810,-0.3,-0.4,0,0,Rotational
Terrence Ross,rosste01,21241,30.1,5.4,0,0,Starter
Terrence Shannon Jr.,shannte01,877,1.6,-0.2,0,0,Rotational
Terrence Williams,willite01,3762,-0.5,-0.8,0,0,Rotational
Terry Catledge,catlete01,13541,20.9,-2,0,0,Starter
Terry Crosby,crosbte01,28,0,0,0,0,Rotational
Terry Cummings,cummite01,35083,93.8,22.3,2,4,Superstar
Terry Davis,daviste01,10369,12.1,-4.8,0,0,Starter
Terry Dehere,deherte01,7596,7.3,-1.3,0,0,Rotational
Terry Dischinger,dischte01,17841,56.4,0,3,1,All-Star
Terry Dozier,doziete01,92,-0.2,-0.1,0,0,Rotational
Terry Driscoll,driscte01,4596,6.9,-0.2,0,0,Rotational
Terry Duerod,duerote01,2428,1,-0.5,0,0,Rotational
Terry Furlow,furlote01,8617,13.299999999999999,4.7,0,0,Rotational
Terry Kunze,kunzete01,662,0.6,0,0,0,Rotational
Terry Mills,millste01,17241,34.7,5.7,0,0,Starter
Terry Porter,portete01,35354,110.4,43.3,2,1,Superstar
Terry Rozier,roziete01,20397,34.5,11.8,0,0,Starter
Terry Taylor,taylote01,1436,3.3,0,0,0,Rotational
Terry Teagle,teaglte01,14858,14.3,-3.2,0,0,Starter
Terry Thomas,thomate01,136,0.2,-0.1,0,0,Rotational
Terry Tyler,tylerte01,21740,40.7,13.299999999999999,0,0,Starter
Tex Ritter,rittete01,0,5.699999999999999,0,0,0,Rotational
Thabo Sefolosha,sefolth01,20515,41.5,13.6,0,0,Starter
Thaddeus Young,youngth01,36730,78.6,22.6,0,0,All-Star
Thales McReynolds,mcreyth01,28,-0.2,0,0,0,Rotational
Thanasis Antetokounmpo,antetth01,1668,2.1,-0.9,0,0,Rotational
Tharon Mayes,mayesth01,510,-0.8,-0.4,0,0,Rotational
Theo Pinson,pinsoth01,1081,0.20000000000000007,-0.7,0,0,Rotational
Theo Ratliff,ratlith01,26855,62.2,13.6,1,0,All-Star
Theron Smith,smithth01,688,-0.3,-0.8,0,0,Rotational
Thomas Bryant,bryanth01,8686,29.9,6.3,0,0,Starter
Thomas Gardner,gardnth01,143,-0.3,-0.3,0,0,Rotational
Thomas Hamilton,hamilth01,343,-0.3,-0.3,0,0,Rotational
Thomas Jordan,jordath01,106,-0.2,-0.2,0,0,Rotational
Thomas Robinson,robinth01,6058,5.9,-2.4,0,0,Rotational
Thomas Welsh,welshth01,36,0.1,0,0,0,Rotational
Thon Maker,makerth01,4596,8.6,0.10000000000000009,0,0,Rotational
Thurl Bailey,baileth01,26977,47.5,6.8,0,0,Starter
Théo Maledon,maledth01,3966,-0.8,-3,0,0,Rotational
Tiago Splitter,splitti01,6812,25.2,5.300000000000001,0,0,Starter
Tibor Pleiß,pleisti01,82,-0.1,-0.2,0,0,Rotational
Ticky Burden,burdeti01,2804,2.6,0.39999999999999997,0,0,Rotational
Tidjane Salaun,salauti01,1819,1.4,-0.8,0,0,Rotational
Tierre Brown,brownti01,1654,-0.4,-0.8,0,0,Rotational
Tim Bassett,basseti01,11394,12.9,-1,0,0,Starter
Tim Breaux,breauti01,940,-0.2,-1,0,0,Rotational
Tim Duncan,duncati01,47368,206.3,91.2,15,16,Superstar
Tim Frazier,fraziti01,7396,8.9,-1.3,0,0,Rotational
Tim Hardaway,hardati01,34761,94.1,43.699999999999996,5,4,Superstar
Tim Hardaway Jr.,hardati02,26446,40,5.2,0,0,Starter
Tim James,jamesti01,261,-0.1,-0.3,0,0,Rotational
Tim Kempton,kemptti01,3941,3.1,-1.9,0,0,Rotational
Tim Legler,legleti01,5888,12.799999999999999,2.4999999999999996,0,0,Rotational
Tim McCormick,mccorti01,12504,25.5,0.39999999999999997,0,0,Starter
Tim Ohlbrecht,ohlbrti01,12,-0.1,0,0,0,Rotational
Tim Perry,perryti01,9690,14.8,1.6,0,0,Rotational
Tim Quarterman,quartti01,93,-0.1,0,0,0,Rotational
Tim Thomas,thomati01,26150,44,8,0,0,Starter
Tim Young,youngti01,137,0.2,-0.1,0,0,Rotational
Timmy Allen,allenti01,125,-0.1,-0.3,0,0,Rotational
Timofey Mozgov,mozgoti01,10750,24.1,0.3,0,0,Starter
Timothé Luwawu-Cabarrot,luwawti01,5923,4.9,-3.2,0,0,Rotational
Tiny Archibald,architi01,31159,83.4,12.9,6,6,Superstar
Tito Horford,horfoti01,376,-0.5,-0.7,0,0,Rotational
Tito Maddox,maddoti01,35,0,0,0,0,Rotational
Tobias Harris,harrito02,41800,103.39999999999999,32.4,0,0,Superstar
Toby Bailey,baileto01,698,1,-0.2,0,0,Rotational
Toby Kimball,kimbato01,10439,14.1,0.19999999999999998,0,0,Starter
Toby Knight,knighto01,7331,15.7,2.1,0,0,Rotational
Toby Okani,okanito01,217,-0.2,-0.5,0,0,Rotational
Tod Murphy,murphto01,4138,8.2,0.6,0,0,Rotational
Todd Day,dayto01,14021,19.4,3.6999999999999997,0,0,Starter
Todd Fuller,fulleto02,2500,2.1999999999999997,-2.2,0,0,Rotational
Todd Lichti,lichtto01,4366,5.8,-0.6,0,0,Rotational
Todd MacCulloch,maccuto01,3439,12,2.1,0,0,Rotational
Todd Mitchell,mitchto01,706,-0.2,-0.6,0,0,Rotational
Todd Mundt,mundtto01,302,0.2,-0.4,0,0,Rotational
Togo Palazzi,palazto01,5357,8.2,0,0,0,Rotational
Tolu Smith,smithto05,159,0.6,0.1,0,0,Rotational
Tom Abernethy,abernto01,5732,13.7,3,0,0,Rotational
Tom Barker,barketo01,2306,1.5,-1.2,0,0,Rotational
Tom Black,blackto01,1746,0.19999999999999996,0,0,0,Rotational
Tom Boerwinkle,boerwto01,14387,38.2,6.3,0,0,Starter
Tom Boswell,bosweto01,9123,18.9,1.6,0,0,Rotational
Tom Brennan,brennto01,52,0.1,0,0,0,Rotational
Tom Burleson,burleto01,9425,23,5.1,0,0,Starter
Tom Callahan,callato01,0,-0.1,0,0,0,Rotational
Tom Chambers,chambto01,33922,79,12,4,2,All-Star
Tom Copa,copato01,132,0.2,-0.1,0,0,Rotational
Tom Garrick,garrito01,5267,6.199999999999999,0.7,0,0,Rotational
Tom Gola,golato01,25199,57.7,0,5,3,Superstar
Tom Gugliotta,guglito01,27909,44.4,17.1,1,1,All-Star
Tom Hagan,haganto01,1606,1.6,0,0,0,Rotational
Tom Hammonds,hammoto01,11132,15.6,-4.9,0,0,Starter
Tom Hawkins,hawkito01,18465,24,0,0,0,Starter
Tom Heinsohn,heinsto01,19254,59.8,0,6,2,All-Star
Tom Henderson,hendeto01,20481,26.8,6.3,0,0,Starter
Tom Hoover,hooveto01,5696,10.100000000000001,0,0,0,Rotational
Tom Hovasse,hovasto01,4,0,0,0,0,Rotational
Tom Ingelsby,ingelto01,756,0.7999999999999999,0.1,0,0,Rotational
Tom Kelly,kellyto01,0,1.4,0,0,0,Rotational
Tom Kerwin,kerwito01,68,-0.1,0,0,0,Rotational
Tom King,kingto01,0,2.6,0,0,0,Rotational
Tom Kondla,kondlto01,706,0,0,0,0,Rotational
Tom Kozelko,kozelto01,1911,2.4,-0.3,0,0,Rotational
Tom Kropp,kroppto01,552,0.49999999999999994,-0.3,0,0,Rotational
Tom LaGarde,lagarto01,6194,6.5,-1.5,0,0,Rotational
Tom Marshall,marshto01,3105,4.3,0,0,0,Rotational
Tom McMillen,mcmilto01,16262,29.7,-0.4,0,0,Starter
Tom Meschery,meschto01,23459,43.5,0,1,0,All-Star
Tom Owens,owensto01,25708,75,12.5,0,0,All-Star
Tom Patterson,patteto01,100,0.2,0,0,0,Rotational
Tom Payne,payneto01,227,0.3,0,0,0,Rotational
Tom Piotrowski,piotrto01,78,0.1,-0.1,0,0,Rotational
Tom Riker,rikerto01,605,0.4,-0.3,0,0,Rotational
Tom Sanders,sandeto01,22164,56.4,0,0,0,All-Star
Tom Scheffler,schefto01,268,0.2,-0.2,0,0,Rotational
Tom Sewell,sewelto01,87,-0.4,-0.2,0,0,Rotational
Tom Sluby,slubyto01,151,0.2,0,0,0,Rotational
Tom Stith,stithto01,209,-0.6,0,0,0,Rotational
Tom Thacker,thackto01,3641,-0.3,0,0,0,Rotational
Tom Tolbert,tolbeto01,5680,6.6,-1.9,0,0,Rotational
Tom Van Arsdale,vanarto01,35350,44.3,-2,3,0,All-Star
Tom Workman,workmto01,2085,5,0,0,0,Rotational
Tommie Bowens,bowento01,3590,2.8,0,0,0,Rotational
Tommie Green,greento01,809,-0.3,-0.5,0,0,Rotational
Tommy Byrnes,byrneto01,0,7.4,0,0,0,Rotational
Tommy Kearns,kearnto01,7,0,0,0,0,Rotational
Tommy Kron,kronto01,3632,2.6,0,0,0,Rotational
Tommy O'Keefe,okeefto01,0,0.1,0,0,0,Rotational
Tommy Woods,woodsto01,184,0.1,0,0,0,Rotational
Tomáš Satoranský,satorto01,9523,18.900000000000002,2.1,0,0,Rotational
Toney Douglas,douglto01,9475,15.600000000000001,2.8,0,0,Rotational
Toni Kukoč,kukocto01,25593,67.9,31.5,0,0,All-Star
Tony Allen,allento01,18055,38.9,10.4,0,0,Starter
Tony Battie,battito01,19127,38.8,0.6,0,0,Starter
Tony Bennett,benneto01,1886,1.6,-0.3,0,0,Rotational
Tony Bobbitt,bobbito01,12,0,0,0,0,Rotational
Tony Bradley,bradlto01,3691,12.6,1.5,0,0,Rotational
Tony Brown,brownto01,7320,6.6,-1.5,0,0,Rotational
Tony Campbell,campbto01,16394,22.2,2.2,0,0,Starter
Tony Dawson,dawsoto01,30,0,0,0,0,Rotational
Tony Delk,delkto01,15215,23.8,5.8999999999999995,0,0,Starter
Tony Dumas,dumasto01,2500,1,-1.1,0,0,Rotational
Tony Farmer,farmeto01,1368,3.3,0.5,0,0,Rotational
Tony Fuller,fulleto01,248,-0.1,-0.2,0,0,Rotational
Tony Harris,harrito01,147,0.1,0,0,0,Rotational
Tony Jackson,jacksto01,5544,13.7,0,1,0,All-Star
Tony Jackson,jacksto02,14,0,0,0,0,Rotational
Tony Jaros,jarosto01,0,8.5,0,0,0,Rotational
Tony Kappen,kappeto01,0,1.4,0,0,0,Rotational
Tony Koski,koskito01,30,0,0,0,0,Rotational
Tony Lavelli,lavelto01,0,4.8,0,0,0,Rotational
Tony Massenburg,masseto01,13844,17.2,-8.8,0,0,Starter
Tony Mitchell,mitchto02,79,0.2,0,0,0,Rotational
Tony Mitchell,mitchto03,10,0.1,0,0,0,Rotational
Tony Parker,parketo01,38279,111.2,30.3,6,7,Superstar
Tony Price,priceto01,29,-0.1,0,0,0,Rotational
Tony Robertson,roberto01,1003,0.5,-0.1,0,0,Rotational
Tony Smith,smithto02,8233,8,0.2,0,0,Rotational
Tony Snell,snellto01,13916,18.8,-0.5,0,0,Starter
Tony White,whiteto01,1162,-0.6,-1,0,0,Rotational
Tony Windis,windito01,193,-0.2,0,0,0,Rotational
Tony Wroten,wroteto01,3076,-1.3,-1,0,0,Rotational
Tony Zeno,zenoto01,59,-0.2,-0.2,0,0,Rotational
Torgeir Bryn,brynto01,10,0,0,0,0,Rotational
Tornike Shengelia,shengto01,401,-0.3,-0.5,0,0,Rotational
Torraye Braggs,braggto01,332,0.4,-0.1,0,0,Rotational
Torrey Craig,craigto01,11627,22.4,1.7999999999999998,0,0,Starter
Tosan Evbuomwan,evbuoto01,1407,1.6,-0.4,0,0,Rotational
Toumani Camara,camarto01,7018,12,1.4,0,0,Rotational
Toure' Murry,murryto01,409,-0.1,-0.2,0,0,Rotational
Tracy Jackson,jackstr01,2275,3.0999999999999996,0.3,0,0,Rotational
Tracy McGrady,mcgratr01,31331,97.5,55.6,7,6,Superstar
Tracy Moore,mooretr01,1729,1.7999999999999998,-0.1,0,0,Rotational
Tracy Murray,murratr01,13207,25.3,5.3999999999999995,0,0,Starter
Trae Young,youngtr01,17390,46.2,20.1,4,0,All-Star
Trajan Langdon,langdtr01,1738,2.9,0.39999999999999997,0,0,Rotational
Travis Best,besttr01,16897,34.3,6.800000000000001,0,0,Starter
Travis Diener,dienetr01,2711,5.7,1.1,0,0,Rotational
Travis Grant,granttr01,5137,13.1,3.3,0,0,Rotational
Travis Hansen,hansetr01,507,0.2,-0.5,0,0,Rotational
Travis Knight,knightr01,4566,7.8,-1,0,0,Rotational
Travis Leslie,leslitr01,45,0.1,0,0,0,Rotational
Travis Mays,maystr01,2964,2.4,-0.5,0,0,Rotational
Travis Outlaw,outlatr01,13756,17.3,2.3000000000000003,0,0,Starter
Travis Wear,weartr01,900,-0.1,-0.7,0,0,Rotational
Travis Williams,willitr01,427,0.5,-0.1,0,0,Rotational
Trayce Jackson-Davis,jackstr02,3089,11.1,2.6,0,0,Rotational
Trayvon Palmer,palmetr01,17,0,-0.1,0,0,Rotational
Tre Johnson,johnstr03,1443,-0.7,-1.1,0,0,Rotational
Tre Jones,jonestr01,9101,23.1,4.8,0,0,Starter
Tre Mann,manntr01,5512,3.1,-1.5,0,0,Rotational
Tre Scott,scotttr01,193,0.1,-0.2,0,0,Rotational
Tree Rollins,rollitr01,24028,63.7,18.9,0,0,All-Star
Tremaine Fowlkes,fowlktr01,1233,2.0999999999999996,0.1,0,0,Rotational
Tremont Waters,watertr01,457,5.551115123125783e-17,-0.3,0,0,Rotational
Trendon Watford,watfotr01,4684,7.9,0.2,0,0,Rotational
Trent Forrest,forretr01,1758,2.1,-0.2,0,0,Rotational
Trent Tucker,tucketr01,15671,34.3,10.1,0,0,Starter
Trenton Hassell,hassetr01,17051,14,-4.3,0,0,Starter
Trentyn Flowers,flowetr01,33,0,0,0,0,Rotational
Trevelin Queen,queentr01,739,0.7999999999999999,0.1,0,0,Rotational
Treveon Graham,grahatr01,3812,3.1,-2,0,0,Rotational
Trevon Duval,duvaltr01,6,0.1,0,0,0,Rotational
Trevor Ariza,arizatr01,38340,72,23.9,0,0,All-Star
Trevor Booker,booketr01,12030,29.099999999999998,4.5,0,0,Starter
Trevor Hudgins,hudgitr01,28,0,0,0,0,Rotational
Trevor Keels,keelstr01,23,-0.1,0,0,0,Rotational
Trevor Ruffin,ruffitr01,1870,1.3,0,0,0,Rotational
Trevor Wilson,wilsotr01,2830,1.6,-0.9,0,0,Rotational
Trevor Winter,wintetr01,5,0,0,0,0,Rotational
Trey Alexander,alexatr01,228,0,-0.2,0,0,Rotational
Trey Burke,burketr01,12046,16.2,2.3,0,0,Starter
Trey Gilder,gildetr01,5,0,0,0,0,Rotational
Trey Jemison,jemistr01,2012,2.4,-2,0,0,Rotational
Trey Johnson,johnstr01,263,0,-0.3,0,0,Rotational
Trey Lyles,lylestr01,13508,25.7,3.6,0,0,Starter
Trey McKinney-Jones,mckintr01,1,0,0,0,0,Rotational
Trey Murphy III,murphtr02,9197,24.4,8.299999999999999,0,0,Starter
Trey Thompkins,thomptr02,119,0,-0.1,0,0,Rotational
Tristan Da Silva,dasiltr01,3528,5.8,0.39999999999999997,0,0,Rotational
Tristan Enaruna,enarutr01,85,0.2,0,0,0,Rotational
Tristan Thompson,thomptr01,21330,50.9,0.7999999999999999,0,0,All-Star
Tristan Vukcevic,vukcetr01,1337,1.6,0.4,0,0,Rotational
Tristen Newton,newtotr01,44,-0.1,-0.2,0,0,Rotational
Trooper Washington,washitr01,15588,40,0,1,0,All-Star
Troy Bell,belltr01,34,-0.2,-0.2,0,0,Rotational
Troy Brown Jr.,browntr01,8129,9.799999999999999,-0.1,0,0,Rotational
Troy Caupain,caupatr01,16,0.1,0.1,0,0,Rotational
Troy Daniels,danietr01,5974,6,-0.7,0,0,Rotational
Troy Hudson,hudsotr01,11280,10.6,-0.3,0,0,Starter
Troy Murphy,murphtr01,22239,55,11.7,0,0,All-Star
Troy Williams,willitr02,2040,2.1,-0.4,0,0,Rotational
Truck Robinson,robintr01,30455,65.2,8,2,3,Superstar
Ty Jerome,jeromty01,4479,11.1,3.4,0,0,Rotational
Ty Lawson,lawsoty01,17499,43,13,0,1,All-Star
Ty-Shon Alexander,alexaty01,47,0,-0.1,0,0,Rotational
TyTy Washington Jr.,washity02,695,-0.2,-0.7,0,0,Rotational
Tyler Bey,beyty01,71,0,-0.1,0,0,Rotational
Tyler Burton,burtoty01,307,0.1,-0.3,0,0,Rotational
Tyler Cavanaugh,cavanty01,557,1.2,-0.1,0,0,Rotational
Tyler Cook,cookty01,1184,2.5,-0.3,0,0,Rotational
Tyler Davis,davisty01,1,0,0,0,0,Rotational
Tyler Dorsey,dorsety01,2378,1.7,-0.8,0,0,Rotational
Tyler Ennis,ennisty01,3335,1.4000000000000001,-1.2,0,0,Rotational
Tyler Hall,hallty01,2,0,0,0,0,Rotational
Tyler Hansbrough,hansbty01,7233,20.2,0,0,0,Starter
Tyler Herro,herroty01,12796,22.400000000000002,9.1,1,0,All-Star
Tyler Honeycutt,honeyty01,120,-0.1,-0.1,0,0,Rotational
Tyler Johnson,johnsty01,11038,19.8,4.1,0,0,Starter
Tyler Kolek,kolekty01,1023,1.7999999999999998,0.19999999999999998,0,0,Rotational
Tyler Lydon,lydonty01,96,0.2,-0.1,0,0,Rotational
Tyler Smith,smithty02,288,0.30000000000000004,-0.1,0,0,Rotational
Tyler Ulis,ulisty01,2782,0.49999999999999994,-1.1,0,0,Rotational
Tyler Zeller,zellety01,8456,20.2,0.30000000000000016,0,0,Starter
Tyreke Evans,evansty01,19030,29.1,13.5,0,0,Starter
Tyrell Terry,terryty01,59,-0.1,0,0,0,Rotational
Tyrese Haliburton,halibty01,13694,44.5,22,2,0,All-Star
Tyrese Martin,martity01,2935,1.1,-0.9,0,0,Rotational
Tyrese Maxey,maxeyty01,12848,35.199999999999996,13.5,2,0,All-Star
Tyrese Proctor,proctty01,545,0.7,-0.1,0,0,Rotational
Tyrone Britt,brittty01,84,0,0,0,0,Rotational
Tyrone Corbin,corbity01,34057,68.7,13.8,0,0,All-Star
Tyrone Hill,hillty01,24843,59.7,-0.2,1,0,All-Star
Tyrone Nesby,nesbyty01,8215,7.8,0,0,0,Rotational
Tyrone Wallace,wallaty01,1714,0.1,-1.4,0,0,Rotational
Tyronn Lue,luety01,15828,25.5,0.9,0,0,Starter
Tyrus Thomas,thomaty01,9152,15.5,2.5,0,0,Rotational
Tyshawn Taylor,tayloty01,491,-1,-0.8,0,0,Rotational
Tyson Chandler,chandty01,32492,104.3,16.8,1,0,Superstar
Tyson Etienne,etienty01,531,0.4,-0.4,0,0,Rotational
Tyson Wheeler,wheelty01,3,0.1,0,0,0,Rotational
Tyus Edney,edneyty01,4743,6.8,0.7,0,0,Rotational
Tyus Jones,jonesty01,16382,35.9,9,0,0,Starter
Udoka Azubuike,azubuud01,724,1.9,0.1,0,0,Rotational
Udonis Haslem,hasleud01,21719,50.9,-0.1,0,0,All-Star
Ulrich Chomche,chomcul01,32,0,0,0,0,Rotational
Uroš Slokar,slokaur01,72,0.1,-0.1,0,0,Rotational
Usman Garuba,garubus01,1227,2.3,0.30000000000000004,0,0,Rotational
Uwe Blab,blabuw01,2497,-5.55E-17,-2.4,0,0,Rotational
VJ Edgecombe,edgecvj01,2623,4.4,1,0,0,Rotational
Vander Blue,blueva01,134,-0.4,-0.2,0,0,Rotational
Vann Williford,williva01,295,0.2,0,0,0,Rotational
Vasilije Micić,micicva01,3922,-1.2,-3.6,0,0,Rotational
Vassilis Spanoulis,spanova01,272,-0.1,-0.3,0,0,Rotational
Vern Fleming,flemive01,24721,52.1,15.299999999999999,0,0,All-Star
Vern Gardner,gardnve01,507,7.4,0,0,0,Rotational
Vern Hatton,hattove01,5673,0.5,0,0,0,Rotational
Vern Mikkelsen,mikkeve01,18443,83.3,0,6,1,All-Star
Vernon Carey Jr.,careyve01,231,0.30000000000000004,-0.2,0,0,Rotational
Vernon Macklin,macklve01,135,0.5,0.1,0,0,Rotational
Vernon Maxwell,maxweve01,27592,31.2,5.4,0,0,Starter
Vester Marshall,marshve01,174,-0.1,-0.2,0,0,Rotational
Viacheslav Kravtsov,kravtvi01,283,0.4,-0.1,0,0,Rotational
Vic Bartolome,bartovi01,165,-0.4,0,0,0,Rotational
Vic Law,lawvi01,62,-0.1,-0.1,0,0,Rotational
Victor Alexander,alexavi01,5755,8.8,-0.3,0,0,Rotational
Victor Claver,clavevi01,1072,0.2,-0.4,0,0,Rotational
Victor Oladipo,oladivi01,17327,26,10.9,2,1,All-Star
Victor Wembanyama,wembavi01,5499,17.5,13.1,2,0,All-Star
Viktor Khryapa,khryavi01,2351,2,-0.9,0,0,Rotational
Vin Baker,bakervi01,27254,49.5,5,4,1,All-Star
Vince Boryla,borylvi01,5162,16,0,1,0,All-Star
Vince Carter,cartevi01,51246,138.6,64.9,8,4,Superstar
Vince Edwards,edwarvi01,16,0,0,0,0,Rotational
Vince Hunter,huntevi01,7,0,0,0,0,Rotational
Vince Taylor,taylovi01,321,0.1,-0.1,0,0,Rotational
Vince Williams Jr.,willivi01,3680,3.4,0.6000000000000001,0,0,Rotational
Vincent Askew,askewvi01,11328,26.3,5.300000000000001,0,0,Starter
Vincent Poirier,poirivi01,169,0.19999999999999998,-0.2,0,0,Rotational
Vincent Yarbrough,yarbrvi01,1381,1,-0.1,0,0,Rotational
Vincenzo Esposito,esposvi01,282,-0.6,-0.5,0,0,Rotational
Vinnie Johnson,johnsvi01,25603,53.300000000000004,17.4,0,0,All-Star
Vinny Del Negro,delnevi01,20133,42.2,6.1,0,0,Starter
Virgil Vaughn,vaughvi01,0,-0.3,0,0,0,Rotational
Vit Krejci,krejcvi01,2549,3.9,-0.1,0,0,Rotational
Vitaly Potapenko,potapvi01,13355,17.7,-6.2,0,0,Starter
Vlade Divac,divacvl01,33838,96.3,36.2,1,0,All-Star
Vladimir Radmanović,radmavl01,20474,32.1,8.7,0,0,Starter
Vladimir Stepania,stepavl01,3726,5.199999999999999,-1.3,0,0,Rotational
Vladislav Goldin,goldivl01,24,0.1,0,0,0,Rotational
Vlatko Čančar,cancavl01,1527,2.4,-0.2,0,0,Rotational
Voise Winters,wintevo01,17,-0.1,-0.1,0,0,Rotational
Von Wafer,wafervo01,2629,2.8,-0.1,0,0,Rotational
Vonteego Cummings,cummivo01,3789,2.1,-0.2,0,0,Rotational
Voshon Lenard,lenarvo01,15807,29.599999999999998,8,0,0,Starter
Vít Krejčí,krejcvi01,2784,5.8,0.30000000000000004,0,0,Rotational
Vítor Luiz Faverani,favervi01,488,0.3,-0.1,0,0,Rotational
Wade Baldwin,baldwwa01,579,-0.3,-0.4,0,0,Rotational
Wah Wah Jones,joneswa01,1320,8.8,0,0,0,Rotational
Wali Jones,joneswa02,15935,16.4,-0.6,0,0,Starter
Walker Banks,bankswa01,154,0.2,0,0,0,Rotational
Walker Kessler,kesslwa01,5090,17.1,5.1,0,0,Rotational
Walker Russell,russewa01,1767,-0.7,-1,0,0,Rotational
Walker Russell,russewa02,357,-0.4,-0.3,0,0,Rotational
Wallace Bryant,bryanwa01,1613,1.3,-0.4,0,0,Rotational
Wally Anderzunas,anderwa01,370,-0.2,0,0,0,Rotational
Wally Osterkorn,osterwa01,5187,8.9,0,0,0,Rotational
Wally Rank,rankwa01,153,-0.4,-0.3,0,0,Rotational
Wally Szczerbiak,szczewa02,24517,64.2,16.7,1,0,All-Star
Wally Walker,walkewa01,11272,14.8,-0.7,0,0,Starter
Walt Bellamy,bellawa01,47479,155.1,1.1,4,3,Superstar
Walt Budko,budkowa01,1126,13.8,0,0,0,Rotational
Walt Byrd,byrdwa01,109,-0.3,0,0,0,Rotational
Walt Davis,daviswa01,6007,5.4,0,0,0,Rotational
Walt Frazier,fraziwa01,30965,113.7,15.5,7,6,Superstar
Walt Gilmore,gilmowa01,261,0.2,0,0,0,Rotational
Walt Hazzard,abdulma01,19965,31.2,0,1,1,All-Star
Walt Kirk,kirkwa01,396,15.1,0,0,0,Rotational
Walt Lautenbach,lautewa01,0,-1.3,0,0,0,Rotational
Walt Lemon Jr.,lemonwa01,202,0,-0.1,0,0,Rotational
Walt Miller,millewa01,0,0.3,0,0,0,Rotational
Walt Piatkowski,piatkwa01,3149,1.8,0,0,0,Rotational
Walt Simon,simonwa01,14053,27.6,0.6,1,0,All-Star
Walt Szczerbiak,szczewa01,598,2.2,0,0,0,Rotational
Walt Wesley,weslewa01,11027,9.299999999999999,-0.2,0,0,Starter
Walt Williams,williwa02,22457,41.3,14.700000000000001,0,0,Starter
Walter Berry,berrywa01,7804,12.9,1.7,0,0,Rotational
Walter Bond,bondwa01,2717,1,-1.2,0,0,Rotational
Walter Clayton,claytwa01,2820,0.5,-1.6,0,0,Rotational
Walter Davis,daviswa03,30342,78.8,25.3,6,3,Superstar
Walter Dukes,dukeswa01,14671,24,0,2,2,All-Star
Walter Herrmann,herrmwa01,2312,4.699999999999999,1.1,0,0,Rotational
Walter Jordan,jordawa01,207,-0.1,-0.2,0,0,Rotational
Walter McCarty,mccarwa01,11280,14.899999999999999,0.9,0,0,Starter
Walter Palmer,palmewa01,209,-0.1,-0.2,0,0,Rotational
Walter Sharpe,sharpwa01,20,-0.1,0,0,0,Rotational
Wang Zhizhi,zhizhwa01,1370,2.1,-0.1,0,0,Rotational
Ward Williams,williwa01,0,1.8,0,0,0,Rotational
Wardell Jackson,jackswa01,939,0.3,-0.7,0,0,Rotational
Warren Davis,daviswa02,18068,43.3,0,2,0,All-Star
Warren Fenley,fenlewa01,0,-0.1,0,0,0,Rotational
Warren Jabali,jabalwa01,15264,35.2,2.5,4,0,All-Star
Warren Kidd,kiddwa01,884,1.4,-0.5,0,0,Rotational
Warren Perkins,perkiwa01,0,3.1,0,0,0,Rotational
Wat Misaka,misakwa01,0,0,0,0,0,Rotational
Wayman Britt,brittwa01,16,0,0,0,0,Rotational
Wayman Tisdale,tisdawa01,26302,51.5,3.6,0,0,All-Star
Wayne Chapman,chapmwa01,4535,1.0999999999999999,0,0,0,Rotational
Wayne Cooper,coopewa01,20274,37,-1.4,0,0,Starter
Wayne Ellington,ellinwa01,19058,26.9,3.5,0,0,Starter
Wayne Embry,embrywa01,21763,37.6,0,5,1,All-Star
Wayne Engelstad,englewa01,50,0,-0.1,0,0,Rotational
Wayne Hightower,hightwa01,20686,22.3,0,1,0,All-Star
Wayne Kreklow,kreklwa01,100,-0.3,-0.3,0,0,Rotational
Wayne Molis,moliswa01,1145,2,0,0,0,Rotational
Wayne Pack,packwa01,189,0.1,-0.1,0,0,Rotational
Wayne Radford,radfowa01,649,0.7,0,0,0,Rotational
Wayne Robinson,robinwa01,1592,1.7,-0.3,0,0,Rotational
Wayne Sappleton,sapplwa01,298,0.1,-0.3,0,0,Rotational
Wayne See,seewa01,0,1.6,0,0,0,Rotational
Wayne Selden,seldewa01,4061,-0.1,-3.1,0,0,Rotational
Wayne Simien,simiewa01,507,0.8,-0.3,0,0,Rotational
Wayne Stevens,stevewa01,49,-0.2,0,0,0,Rotational
Wayne Turner,turnewa01,41,-0.1,-0.1,0,0,Rotational
Wayne Yates,yateswa01,263,-0.5,0,0,0,Rotational
Wendell Carter Jr.,cartewe01,14110,36.7,5.5,0,0,Starter
Wendell Ladner,ladnewe01,12826,3.7,-0.7,2,0,All-Star
Wendell Moore Jr.,moorewe01,1286,1.5999999999999999,-0.2,0,0,Rotational
Wenyen Gabriel,gabriwe01,2532,4.699999999999999,-1.4,0,0,Rotational
Wes Bialosuknia,bialowe01,1224,1.5,0,0,0,Rotational
Wes Iwundu,iwundwe01,4366,4.4,-2.5,0,0,Rotational
Wes Matthews,matthwe01,11959,14.1,2.3,0,0,Starter
Wes Unseld,unselwe01,35832,110.2,25.3,5,5,Superstar
Wesley Cox,coxwe01,813,0.1,-0.9,0,0,Rotational
Wesley Johnson,johnswe01,14006,10.8,1,0,0,Starter
Wesley Matthews,matthwe02,30670,58.2,12.7,0,0,All-Star
Wesley Person,persowe01,22431,46.8,15.8,0,0,Starter
Whitey Bell,bellwh01,494,0.1,0,0,0,Rotational
Whitey Kachan,kachawh01,0,1.4,0,0,0,Rotational
Whitey Martin,martiwh01,1018,-0.5,0,0,0,Rotational
Whitey Skoog,skoogwh01,9193,14.2,0,0,0,Rotational
Whitey Von Nieda,vonniwh01,0,4.6,0,0,0,Rotational
Wil Jones,joneswi02,21931,37.2,4.5,1,0,All-Star
Wil Robinson,robinwi01,956,-0.1,-0.5,0,0,Rotational
Wilbert Kautz,kautzwi01,0,0.8,0,0,0,Rotational
Wilbur Holland,hollawi01,8171,14,3.3,0,0,Rotational
Wilbur Kirkland,kirklwi01,27,0,0,0,0,Rotational
Wiley Peck,peckwi01,628,0.3,-0.4,0,0,Rotational
Will Barton,bartowi01,19092,28.1,7.3,0,0,Starter
Will Blalock,blalowi01,166,-0.1,-0.2,0,0,Rotational
Will Bynum,bynumwi01,6611,6.9,-0.1,0,0,Rotational
Will Cherry,cherrwi01,69,0,-0.1,0,0,Rotational
Will Conroy,conrowi01,160,-0.5,-0.4,0,0,Rotational
Will Frazier,fraziwi01,3504,4.6,0,0,0,Rotational
Will Magnay,magnawi01,3,0,0,0,0,Rotational
Will Perdue,perduwi01,12360,26.4,-0.2,0,0,Starter
Will Richard,richawi02,1377,2.5,0.1,0,0,Rotational
Will Riley,rileywi01,1633,0.4,-1,0,0,Rotational
Will Solomon,solomwi01,2296,0.5,-0.5,0,0,Rotational
William Avery,averywi01,1205,-0.9,-1.1,0,0,Rotational
William Bedford,bedfowi01,2514,0.7999999999999999,-1.8,0,0,Rotational
William Cunningham,cunniwi01,402,-0.2,-0.6,0,0,Rotational
William Howard,howarwi01,13,-0.1,-0.1,0,0,Rotational
William Smith,smithwi01,491,0.2,0,0,0,Rotational
Willie Allen,allenwi01,30,0,0,0,0,Rotational
Willie Anderson,anderwi01,18034,29.4,8.6,0,0,Starter
Willie Burton,burtowi01,6666,9,-0.8,0,0,Rotational
Willie Cauley-Stein,caulewi01,10556,26.3,5.1,0,0,Starter
Willie Davis,daviswi01,29,0,0,0,0,Rotational
Willie Green,greenwi01,14783,13,-2.7,0,0,Starter
Willie Iverson,iverswi01,531,-0.1,0,0,0,Rotational
Willie Jones,joneswi01,4568,0.9000000000000001,0,0,0,Rotational
Willie Long,longwi01,5033,6.8,0,0,0,Rotational
Willie McCarter,mccarwi01,2842,-1.1,0,0,0,Rotational
Willie Murrell,murrewi01,8506,17.8,0,0,0,Rotational
Willie Naulls,naullwi01,24299,36.5,0,4,2,All-Star
Willie Norwood,norwowi01,7952,18.3,1.3,0,0,Rotational
Willie Porter,portewi01,2884,4.8,0,0,0,Rotational
Willie Reed,reedwi02,2313,7.8,1.1,0,0,Rotational
Willie Rogers,rogerwi01,294,0,0,0,0,Rotational
Willie Scott,scottwi01,51,-0.1,0,0,0,Rotational
Willie Smith,smithwi02,1200,1.3,0.6,0,0,Rotational
Willie Sojourner,sojouwi01,4714,10.8,0,0,0,Rotational
Willie Somerset,somerwi01,8668,20.1,0,1,0,All-Star
Willie Warren,warrewi01,134,0.2,0,0,0,Rotational
Willie White,whitewi01,577,0.3,-0.1,0,0,Rotational
Willie Williams,williwi01,210,-0.8,0,0,0,Rotational
Willie Wise,wisewi01,18438,48.6,4.2,3,0,All-Star
Willie Worsley,worslwi01,460,0.1,0,0,0,Rotational
Willis Reed,reedwi01,23073,74.8,0.4,7,3,Superstar
Willis Thomas,thomawi01,2134,2.9,0,0,0,Rotational
Willy Hernangómez,hernawi01,5644,18.1,3.2,0,0,Rotational
Wilson Chandler,chandwi01,23865,34.3,4.6,0,0,Starter
Wilson Washington,washiwi01,2261,2.4,-0.4,0,0,Rotational
Wilt Chamberlain,chambwi01,51160,262.3,0,13,11,Superstar
Win Wilfong,wilfowi01,4810,2.6,0,0,0,Rotational
Winford Boynes,boynewi01,3035,0.9,-1.3,0,0,Rotational
Winston Bennett,bennewi01,2990,1.9000000000000001,-2.7,0,0,Rotational
Winston Crite,critewi01,264,0,-0.2,0,0,Rotational
Winston Garland,garlawi01,15153,13.9,0.6,0,0,Starter
Woody Grimshaw,grimswo01,0,0.6,0,0,0,Rotational
Woody Sauldsberry,sauldwo01,16587,-15.7,0,1,0,All-Star
World B. Free,freewo01,29531,73.5,24,1,3,Superstar
Worthy Patterson,pattewo01,13,0,0,0,0,Rotational
Wyndol Gray,graywy01,0,1.7000000000000002,0,0,0,Rotational
Xavier Cooks,cooksxa01,126,0.2,-0.1,0,0,Rotational
Xavier Henry,henryxa01,2905,0.6,-1.7,0,0,Rotational
Xavier McDaniel,mcdanxa01,27835,53,10.6,1,0,All-Star
Xavier Moon,moonxa01,276,0.19999999999999998,0,0,0,Rotational
Xavier Munford,munfoxa02,265,0,0,0,0,Rotational
Xavier Rathan-Mayes,rathaxa01,118,-0.4,-0.3,0,0,Rotational
Xavier Silas,silasxa01,46,-0.1,-0.1,0,0,Rotational
Xavier Sneed,sneedxa01,126,0.1,-0.1,0,0,Rotational
Xavier Tillman Sr.,tillmxa01,5511,12,2.2,0,0,Rotational
Yakhouba Diawara,diawaya01,2614,1.6,-1.4,0,0,Rotational
Yang Hansen,yangha01,300,-0.5,-0.6,0,0,Rotational
Yanic Konan Niederhauser,konanya01,424,1.3,0,0,0,Rotational
Yante Maten,matenya01,13,0,0,0,0,Rotational
Yao Ming,mingya01,15818,66,20.7,8,2,All-Star
Yaroslav Korolev,korolya01,168,0,-0.1,0,0,Rotational
Yi Jianlian,jianlyi01,6038,3.0999999999999996,-3.5,0,0,Rotational
Yinka Dare,dareyi01,1002,-0.7,-1.5,0,0,Rotational
Yogi Ferrell,ferreyo01,6545,9.8,1.4,0,0,Rotational
York Larese,laresyo01,1406,0.6,0,0,0,Rotational
Yuki Kawamura,kawamyu01,302,0.5,-0.1,0,0,Rotational
Yuri Collins,colliyu01,16,0.1,0,0,0,Rotational
Yuta Tabuse,tabusyu01,17,0,0,0,0,Rotational
Yuta Watanabe,watanyu01,3303,4,-0.8,0,0,Rotational
Yves Missi,missiyv01,3253,6.300000000000001,-0.4,0,0,Rotational
Yves Pons,ponsyv01,71,0,-0.1,0,0,Rotational
Yvon Joseph,josepyv01,5,0,0,0,0,Rotational
Zabian Dowdell,dowdeza01,292,-0.1,-0.1,0,0,Rotational
Zaccharie Risacher,risacza01,3346,4.1,-0.9,0,0,Rotational
Zach Collins,colliza01,8298,14.9,1.5,0,0,Rotational
Zach Edey,edeyza01,1700,5.7,0.8999999999999999,0,0,Rotational
Zach LaVine,lavinza01,25287,43.8,16.4,2,0,All-Star
Zach Lofton,loftoza01,4,0,0,0,0,Rotational
Zach Norvell,norveza01,82,-0.2,-0.2,0,0,Rotational
Zach Randolph,randoza01,36373,84.4,19.900000000000002,2,0,All-Star
Zaid Abdul-Aziz,abdulza01,12126,17.400000000000002,2.6,0,0,Starter
Zavier Simpson,simpsza01,335,-0.3,-0.5,0,0,Rotational
Zaza Pachulia,pachuza01,22240,52.6,3,0,0,All-Star
Zeke Nnaji,nnajize01,3633,7.6,-0.7,0,0,Rotational
Zeke Sinicola,sinicze01,48,-0.2,0,0,0,Rotational
Zeke Zawoluk,zawolze01,3534,8.1,0,0,0,Rotational
Zelmo Beaty,beatyze01,29676,105.9,2.1999999999999997,5,0,Superstar
Zendon Hamilton,hamilze01,1609,3.2,-0.8,0,0,Rotational
Zhaire Smith,smithzh01,143,0,-0.2,0,0,Rotational
Zhou Qi,qizh01,125,-0.3,-0.3,0,0,Rotational
Ziaire Williams,willizi02,5767,6.2,-1.4,0,0,Rotational
Zion Williamson,willizi01,8555,30.4,14.1,2,0,All-Star
Zoran Dragić,dragizo01,150,-0.1,-0.2,0,0,Rotational
Zoran Planinić,planizo01,1584,1.6,-0.7,0,0,Rotational
Zydrunas Ilgauskas,ilgauzy01,22965,66.4,10.3,2,0,All-Star
Zylan Cheatham,cheatzy01,56,-0.1,-0.1,0,0,Rotational
Zyon Pullin,pullizy01,46,0.2,0,0,0,Rotational
Álex Abrines,abrinal01,2777,4.9,0,0,0,Rotational
Ángel Delgado,delgaan01,15,0,0,0,0,Rotational
Óscar Torres,torreos01,1184,1.1,-0.1,0,0,Rotational
Ömer Aşık,asikom01,9398,20.7,-0.1,0,0,Starter
Šarūnas Jasikevičius,jasiksa01,3503,5.6,0.7,0,0,Rotational
Šarūnas Marčiulionis,marcisa01,8123,20.1,4.7,0,0,Starter
Žan Tabak,tabakza01,4591,2.4000000000000004,-3.7,0,0,Rotational
Žarko Paspalj,paspaza01,181,-0.3,-0.4,0,0,Rotational
Žarko Čabarkapa,cabarza01,2025,2.5,-0.5,0,0,Rotational
Željko Rebrača,rebraze01,3553,8.7,-0.3,0,0,Rotational
